configuration_id,recipe,recipe_quality,crafter,crafter_quality,machine_modules,num_beacons,beacon_modules
0,tungsten-plate-recycling,normal,recycler,legendary,"[{""module"":""quality-module-3"",""quality"":""legendary""},{""module"":""quality-module-3"",""quality"":""legendary""},{""module"":""quality-module-3"",""quality"":""legendary""},{""module"":""quality-module-3"",""quality"":""legendary""}]",0,[]
0,tungsten-plate-recycling,uncommon,recycler,legendary,"[{""module"":""quality-module-3"",""quality"":""legendary""},{""module"":""quality-module-3"",""quality"":""legendary""},{""module"":""quality-module-3"",""quality"":""legendary""},{""module"":""quality-module-3"",""quality"":""legendary""}]",0,[]
0,tungsten-plate-recycling,rare,recycler,legendary,"[{""module"":""quality-module-3"",""quality"":""legendary""},{""module"":""quality-module-3"",""quality"":""legendary""},{""module"":""quality-module-3"",""quality"":""legendary""},{""module"":""quality-module-3"",""quality"":""legendary""}]",0,[]
0,tungsten-plate-recycling,epic,recycler,legendary,"[{""module"":""quality-module-3"",""quality"":""legendary""},{""module"":""quality-module-3"",""quality"":""legendary""},{""module"":""quality-module-3"",""quality"":""legendary""},{""module"":""quality-module-3"",""quality"":""legendary""}]",0,[]
1,tungsten-plate-recycling,normal,recycler,legendary,"[{""module"":""quality-module-3"",""quality"":""legendary""},{""module"":""quality-module-3"",""quality"":""legendary""},{""module"":""quality-module-3"",""quality"":""legendary""},{""module"":""quality-module-3"",""quality"":""legendary""}]",10,"[{""module"":""speed-module-2"",""quality"":""legendary""}]"
1,tungsten-plate-recycling,uncommon,recycler,legendary,"[{""module"":""quality-module-3"",""quality"":""legendary""},{""module"":""quality-module-3"",""quality"":""legendary""},{""module"":""quality-module-3"",""quality"":""legendary""},{""module"":""quality-module-3"",""quality"":""legendary""}]",0,[]
1,tungsten-plate-recycling,rare,recycler,legendary,"[{""module"":""quality-module-3"",""quality"":""legendary""},{""module"":""quality-module-3"",""quality"":""legendary""},{""module"":""quality-module-3"",""quality"":""legendary""},{""module"":""quality-module-3"",""quality"":""legendary""}]",0,[]
1,tungsten-plate-recycling,epic,recycler,legendary,"[{""module"":""quality-module-3"",""quality"":""legendary""},{""module"":""quality-module-3"",""quality"":""legendary""},{""module"":""quality-module-3"",""quality"":""legendary""},{""module"":""quality-module-3"",""quality"":""legendary""}]",0,[]
2,tungsten-plate,normal,foundry,legendary,"[{""module"":""quality-module-3"",""quality"":""legendary""},{""module"":""quality-module-3"",""quality"":""legendary""},{""module"":""quality-module-3"",""quality"":""legendary""},{""module"":""quality-module-3"",""quality"":""legendary""}]",0,[]
2,tungsten-plate-recycling,normal,recycler,legendary,"[{""module"":""quality-module-3"",""quality"":""legendary""},{""module"":""quality-module-3"",""quality"":""legendary""},{""module"":""quality-module-3"",""quality"":""legendary""},{""module"":""quality-module-3"",""quality"":""legendary""}]",0,[]
2,tungsten-plate-recycling,uncommon,recycler,legendary,"[{""module"":""quality-module-3"",""quality"":""legendary""},{""module"":""quality-module-3"",""quality"":""legendary""},{""module"":""quality-module-3"",""quality"":""legendary""},{""module"":""quality-module-3"",""quality"":""legendary""}]",0,[]
2,tungsten-plate-recycling,rare,recycler,legendary,"[{""module"":""quality-module-3"",""quality"":""legendary""},{""module"":""quality-module-3"",""quality"":""legendary""},{""module"":""quality-module-3"",""quality"":""legendary""},{""module"":""quality-module-3"",""quality"":""legendary""}]",0,[]
2,tungsten-plate-recycling,epic,recycler,legendary,"[{""module"":""quality-module-3"",""quality"":""legendary""},{""module"":""quality-module-3"",""quality"":""legendary""},{""module"":""quality-module-3"",""quality"":""legendary""},{""module"":""quality-module-3"",""quality"":""legendary""}]",0,[]
3,tungsten-plate,normal,foundry,legendary,"[{""module"":""quality-module-3"",""quality"":""legendary""},{""module"":""quality-module-3"",""quality"":""legendary""},{""module"":""quality-module-3"",""quality"":""legendary""},{""module"":""quality-module-3"",""quality"":""legendary""}]",5,"[{""module"":""speed-module"",""quality"":""legendary""},{""module"":""speed-module-2"",""quality"":""legendary""}]"
3,tungsten-plate-recycling,normal,recycler,legendary,"[{""module"":""quality-module-3"",""quality"":""legendary""},{""module"":""quality-module-3"",""quality"":""legendary""},{""module"":""quality-module-3"",""quality"":""legendary""},{""module"":""quality-module-3"",""quality"":""legendary""}]",10,"[{""module"":""speed-module-2"",""quality"":""legendary""}]"
3,tungsten-plate-recycling,uncommon,recycler,legendary,"[{""module"":""quality-module-3"",""quality"":""legendary""},{""module"":""quality-module-3"",""quality"":""legendary""},{""module"":""quality-module-3"",""quality"":""legendary""},{""module"":""quality-module-3"",""quality"":""legendary""}]",0,[]
3,tungsten-plate-recycling,rare,recycler,legendary,"[{""module"":""quality-module-3"",""quality"":""legendary""},{""module"":""quality-module-3"",""quality"":""legendary""},{""module"":""quality-module-3"",""quality"":""legendary""},{""module"":""quality-module-3"",""quality"":""legendary""}]",0,[]
3,tungsten-plate-recycling,epic,recycler,legendary,"[{""module"":""quality-module-3"",""quality"":""legendary""},{""module"":""quality-module-3"",""quality"":""legendary""},{""module"":""quality-module-3"",""quality"":""legendary""},{""module"":""quality-module-3"",""quality"":""legendary""}]",0,[]
4,artillery-shell,normal,assembling-machine-3,legendary,"[{""module"":""quality-module-3"",""quality"":""legendary""},{""module"":""quality-module-3"",""quality"":""legendary""},{""module"":""quality-module-3"",""quality"":""legendary""},{""module"":""quality-module-3"",""quality"":""legendary""}]",0,[]
4,artillery-shell-recycling,normal,recycler,legendary,"[{""module"":""quality-module-3"",""quality"":""legendary""},{""module"":""quality-module-3"",""quality"":""legendary""},{""module"":""quality-module-3"",""quality"":""legendary""},{""module"":""quality-module-3"",""quality"":""legendary""}]",0,[]
4,artillery-shell,uncommon,assembling-machine-3,legendary,"[{""module"":""quality-module-3"",""quality"":""legendary""},{""module"":""quality-module-3"",""quality"":""legendary""},{""module"":""quality-module-3"",""quality"":""legendary""},{""module"":""quality-module-3"",""quality"":""legendary""}]",0,[]
4,artillery-shell-recycling,uncommon,recycler,legendary,"[{""module"":""quality-module-3"",""quality"":""legendary""},{""module"":""quality-module-3"",""quality"":""legendary""},{""module"":""quality-module-3"",""quality"":""legendary""},{""module"":""quality-module-3"",""quality"":""legendary""}]",0,[]
4,artillery-shell,rare,assembling-machine-3,legendary,"[{""module"":""quality-module-3"",""quality"":""legendary""},{""module"":""quality-module-3"",""quality"":""legendary""},{""module"":""quality-module-3"",""quality"":""legendary""},{""module"":""quality-module-3"",""quality"":""legendary""}]",0,[]
4,artillery-shell-recycling,rare,recycler,legendary,"[{""module"":""quality-module-3"",""quality"":""legendary""},{""module"":""quality-module-3"",""quality"":""legendary""},{""module"":""quality-module-3"",""quality"":""legendary""},{""module"":""quality-module-3"",""quality"":""legendary""}]",0,[]
4,artillery-shell,epic,assembling-machine-3,legendary,"[{""module"":""quality-module-3"",""quality"":""legendary""},{""module"":""quality-module-3"",""quality"":""legendary""},{""module"":""quality-module-3"",""quality"":""legendary""},{""module"":""quality-module-3"",""quality"":""legendary""}]",0,[]
4,artillery-shell-recycling,epic,recycler,legendary,"[{""module"":""quality-module-3"",""quality"":""legendary""},{""module"":""quality-module-3"",""quality"":""legendary""},{""module"":""quality-module-3"",""quality"":""legendary""},{""module"":""quality-module-3"",""quality"":""legendary""}]",0,[]
4,artillery-shell,legendary,assembling-machine-3,legendary,"[{""module"":""speed-module-3"",""quality"":""legendary""},{""module"":""speed-module-3"",""quality"":""legendary""},{""module"":""speed-module-3"",""quality"":""legendary""},{""module"":""speed-module-3"",""quality"":""legendary""}]",12,"[{""module"":""speed-module-3"",""quality"":""legendary""},{""module"":""speed-module-3"",""quality"":""legendary""},{""module"":""speed-module-3"",""quality"":""legendary""},{""module"":""speed-module-3"",""quality"":""legendary""},{""module"":""speed-module-3"",""quality"":""legendary""},{""module"":""speed-module-3"",""quality"":""legendary""},{""module"":""speed-module-3"",""quality"":""legendary""},{""module"":""speed-module-3"",""quality"":""legendary""},{""module"":""speed-module-3"",""quality"":""legendary""},{""module"":""speed-module-3"",""quality"":""legendary""},{""module"":""speed-module-3"",""quality"":""legendary""},{""module"":""speed-module-3"",""quality"":""legendary""},{""module"":""speed-module-3"",""quality"":""legendary""},{""module"":""speed-module-3"",""quality"":""legendary""},{""module"":""speed-module-3"",""quality"":""legendary""},{""module"":""speed-module-3"",""quality"":""legendary""},{""module"":""speed-module-3"",""quality"":""legendary""},{""module"":""speed-module-3"",""quality"":""legendary""},{""module"":""speed-module-3"",""quality"":""legendary""},{""module"":""speed-module-3"",""quality"":""legendary""},{""module"":""speed-module-3"",""quality"":""legendary""},{""module"":""speed-module-3"",""quality"":""legendary""},{""module"":""speed-module-3"",""quality"":""legendary""},{""module"":""speed-module-3"",""quality"":""legendary""}]"
4,artillery-shell-recycling,legendary,recycler,legendary,"[{""module"":""speed-module-3"",""quality"":""legendary""},{""module"":""speed-module-3"",""quality"":""legendary""},{""module"":""speed-module-3"",""quality"":""legendary""},{""module"":""speed-module-3"",""quality"":""legendary""}]",12,"[{""module"":""speed-module-3"",""quality"":""legendary""},{""module"":""speed-module-3"",""quality"":""legendary""},{""module"":""speed-module-3"",""quality"":""legendary""},{""module"":""speed-module-3"",""quality"":""legendary""},{""module"":""speed-module-3"",""quality"":""legendary""},{""module"":""speed-module-3"",""quality"":""legendary""},{""module"":""speed-module-3"",""quality"":""legendary""},{""module"":""speed-module-3"",""quality"":""legendary""},{""module"":""speed-module-3"",""quality"":""legendary""},{""module"":""speed-module-3"",""quality"":""legendary""},{""module"":""speed-module-3"",""quality"":""legendary""},{""module"":""speed-module-3"",""quality"":""legendary""},{""module"":""speed-module-3"",""quality"":""legendary""},{""module"":""speed-module-3"",""quality"":""legendary""},{""module"":""speed-module-3"",""quality"":""legendary""},{""module"":""speed-module-3"",""quality"":""legendary""},{""module"":""speed-module-3"",""quality"":""legendary""},{""module"":""speed-module-3"",""quality"":""legendary""},{""module"":""speed-module-3"",""quality"":""legendary""},{""module"":""speed-module-3"",""quality"":""legendary""},{""module"":""speed-module-3"",""quality"":""legendary""},{""module"":""speed-module-3"",""quality"":""legendary""},{""module"":""speed-module-3"",""quality"":""legendary""},{""module"":""speed-module-3"",""quality"":""legendary""}]"
5,artillery-shell,normal,assembling-machine-3,legendary,"[{""module"":""speed-module-3"",""quality"":""legendary""},{""module"":""speed-module-3"",""quality"":""legendary""},{""module"":""speed-module-3"",""quality"":""legendary""},{""module"":""speed-module-3"",""quality"":""legendary""}]",12,"[{""module"":""speed-module-3"",""quality"":""legendary""},{""module"":""speed-module-3"",""quality"":""legendary""},{""module"":""speed-module-3"",""quality"":""legendary""},{""module"":""speed-module-3"",""quality"":""legendary""},{""module"":""speed-module-3"",""quality"":""legendary""},{""module"":""speed-module-3"",""quality"":""legendary""},{""module"":""speed-module-3"",""quality"":""legendary""},{""module"":""speed-module-3"",""quality"":""legendary""},{""module"":""speed-module-3"",""quality"":""legendary""},{""module"":""speed-module-3"",""quality"":""legendary""},{""module"":""speed-module-3"",""quality"":""legendary""},{""module"":""speed-module-3"",""quality"":""legendary""},{""module"":""speed-module-3"",""quality"":""legendary""},{""module"":""speed-module-3"",""quality"":""legendary""},{""module"":""speed-module-3"",""quality"":""legendary""},{""module"":""speed-module-3"",""quality"":""legendary""},{""module"":""speed-module-3"",""quality"":""legendary""},{""module"":""speed-module-3"",""quality"":""legendary""},{""module"":""speed-module-3"",""quality"":""legendary""},{""module"":""speed-module-3"",""quality"":""legendary""},{""module"":""speed-module-3"",""quality"":""legendary""},{""module"":""speed-module-3"",""quality"":""legendary""},{""module"":""speed-module-3"",""quality"":""legendary""},{""module"":""speed-module-3"",""quality"":""legendary""}]"
5,artillery-shell-recycling,normal,recycler,legendary,"[{""module"":""quality-module-3"",""quality"":""legendary""},{""module"":""quality-module-3"",""quality"":""legendary""},{""module"":""quality-module-3"",""quality"":""legendary""},{""module"":""quality-module-3"",""quality"":""legendary""}]",10,"[{""module"":""speed-module-2"",""quality"":""legendary""}]"
5,artillery-shell,uncommon,assembling-machine-3,legendary,"[{""module"":""quality-module-3"",""quality"":""legendary""},{""module"":""quality-module-3"",""quality"":""legendary""},{""module"":""quality-module-3"",""quality"":""legendary""},{""module"":""quality-module-3"",""quality"":""legendary""}]",1,"[{""module"":""speed-module"",""quality"":""legendary""}]"
5,artillery-shell-recycling,uncommon,recycler,legendary,"[{""module"":""quality-module-3"",""quality"":""legendary""},{""module"":""quality-module-3"",""quality"":""legendary""},{""module"":""quality-module-3"",""quality"":""legendary""},{""module"":""quality-module-3"",""quality"":""legendary""}]",0,[]
5,artillery-shell,rare,assembling-machine-3,legendary,"[{""module"":""quality-module-3"",""quality"":""legendary""},{""module"":""quality-module-3"",""quality"":""legendary""},{""module"":""quality-module-3"",""quality"":""legendary""},{""module"":""quality-module-3"",""quality"":""legendary""}]",0,[]
5,artillery-shell-recycling,rare,recycler,legendary,"[{""module"":""quality-module-3"",""quality"":""legendary""},{""module"":""quality-module-3"",""quality"":""legendary""},{""module"":""quality-module-3"",""quality"":""legendary""},{""module"":""quality-module-3"",""quality"":""legendary""}]",0,[]
5,artillery-shell,epic,assembling-machine-3,legendary,"[{""module"":""quality-module-3"",""quality"":""legendary""},{""module"":""quality-module-3"",""quality"":""legendary""},{""module"":""quality-module-3"",""quality"":""legendary""},{""module"":""quality-module-3"",""quality"":""legendary""}]",0,[]
5,artillery-shell-recycling,epic,recycler,legendary,"[{""module"":""quality-module-3"",""quality"":""legendary""},{""module"":""quality-module-3"",""quality"":""legendary""},{""module"":""quality-module-3"",""quality"":""legendary""},{""module"":""quality-module-3"",""quality"":""legendary""}]",0,[]
5,artillery-shell,legendary,assembling-machine-3,legendary,"[{""module"":""speed-module-3"",""quality"":""legendary""},{""module"":""speed-module-3"",""quality"":""legendary""},{""module"":""speed-module-3"",""quality"":""legendary""},{""module"":""speed-module-3"",""quality"":""legendary""}]",12,"[{""module"":""speed-module-3"",""quality"":""legendary""},{""module"":""speed-module-3"",""quality"":""legendary""},{""module"":""speed-module-3"",""quality"":""legendary""},{""module"":""speed-module-3"",""quality"":""legendary""},{""module"":""speed-module-3"",""quality"":""legendary""},{""module"":""speed-module-3"",""quality"":""legendary""},{""module"":""speed-module-3"",""quality"":""legendary""},{""module"":""speed-module-3"",""quality"":""legendary""},{""module"":""speed-module-3"",""quality"":""legendary""},{""module"":""speed-module-3"",""quality"":""legendary""},{""module"":""speed-module-3"",""quality"":""legendary""},{""module"":""speed-module-3"",""quality"":""legendary""},{""module"":""speed-module-3"",""quality"":""legendary""},{""module"":""speed-module-3"",""quality"":""legendary""},{""module"":""speed-module-3"",""quality"":""legendary""},{""module"":""speed-module-3"",""quality"":""legendary""},{""module"":""speed-module-3"",""quality"":""legendary""},{""module"":""speed-module-3"",""quality"":""legendary""},{""module"":""speed-module-3"",""quality"":""legendary""},{""module"":""speed-module-3"",""quality"":""legendary""},{""module"":""speed-module-3"",""quality"":""legendary""},{""module"":""speed-module-3"",""quality"":""legendary""},{""module"":""speed-module-3"",""quality"":""legendary""},{""module"":""speed-module-3"",""quality"":""legendary""}]"
5,artillery-shell-recycling,legendary,recycler,legendary,"[{""module"":""speed-module-3"",""quality"":""legendary""},{""module"":""speed-module-3"",""quality"":""legendary""},{""module"":""speed-module-3"",""quality"":""legendary""},{""module"":""speed-module-3"",""quality"":""legendary""}]",12,"[{""module"":""speed-module-3"",""quality"":""legendary""},{""module"":""speed-module-3"",""quality"":""legendary""},{""module"":""speed-module-3"",""quality"":""legendary""},{""module"":""speed-module-3"",""quality"":""legendary""},{""module"":""speed-module-3"",""quality"":""legendary""},{""module"":""speed-module-3"",""quality"":""legendary""},{""module"":""speed-module-3"",""quality"":""legendary""},{""module"":""speed-module-3"",""quality"":""legendary""},{""module"":""speed-module-3"",""quality"":""legendary""},{""module"":""speed-module-3"",""quality"":""legendary""},{""module"":""speed-module-3"",""quality"":""legendary""},{""module"":""speed-module-3"",""quality"":""legendary""},{""module"":""speed-module-3"",""quality"":""legendary""},{""module"":""speed-module-3"",""quality"":""legendary""},{""module"":""speed-module-3"",""quality"":""legendary""},{""module"":""speed-module-3"",""quality"":""legendary""},{""module"":""speed-module-3"",""quality"":""legendary""},{""module"":""speed-module-3"",""quality"":""legendary""},{""module"":""speed-module-3"",""quality"":""legendary""},{""module"":""speed-module-3"",""quality"":""legendary""},{""module"":""speed-module-3"",""quality"":""legendary""},{""module"":""speed-module-3"",""quality"":""legendary""},{""module"":""speed-module-3"",""quality"":""legendary""},{""module"":""speed-module-3"",""quality"":""legendary""}]"
6,artillery-turret,normal,assembling-machine-3,legendary,"[{""module"":""quality-module-3"",""quality"":""legendary""},{""module"":""quality-module-3"",""quality"":""legendary""},{""module"":""quality-module-3"",""quality"":""legendary""},{""module"":""quality-module-3"",""quality"":""legendary""}]",0,[]
6,artillery-turret-recycling,normal,recycler,legendary,"[{""module"":""quality-module-3"",""quality"":""legendary""},{""module"":""quality-module-3"",""quality"":""legendary""},{""module"":""quality-module-3"",""quality"":""legendary""},{""module"":""quality-module-3"",""quality"":""legendary""}]",0,[]
6,artillery-turret,uncommon,assembling-machine-3,legendary,"[{""module"":""quality-module-3"",""quality"":""legendary""},{""module"":""quality-module-3"",""quality"":""legendary""},{""module"":""quality-module-3"",""quality"":""legendary""},{""module"":""quality-module-3"",""quality"":""legendary""}]",0,[]
6,artillery-turret-recycling,uncommon,recycler,legendary,"[{""module"":""quality-module-3"",""quality"":""legendary""},{""module"":""quality-module-3"",""quality"":""legendary""},{""module"":""quality-module-3"",""quality"":""legendary""},{""module"":""quality-module-3"",""quality"":""legendary""}]",0,[]
6,artillery-turret,rare,assembling-machine-3,legendary,"[{""module"":""quality-module-3"",""quality"":""legendary""},{""module"":""quality-module-3"",""quality"":""legendary""},{""module"":""quality-module-3"",""quality"":""legendary""},{""module"":""quality-module-3"",""quality"":""legendary""}]",0,[]
6,artillery-turret-recycling,rare,recycler,legendary,"[{""module"":""quality-module-3"",""quality"":""legendary""},{""module"":""quality-module-3"",""quality"":""legendary""},{""module"":""quality-module-3"",""quality"":""legendary""},{""module"":""quality-module-3"",""quality"":""legendary""}]",0,[]
6,artillery-turret,epic,assembling-machine-3,legendary,"[{""module"":""quality-module-3"",""quality"":""legendary""},{""module"":""quality-module-3"",""quality"":""legendary""},{""module"":""quality-module-3"",""quality"":""legendary""},{""module"":""quality-module-3"",""quality"":""legendary""}]",0,[]
6,artillery-turret-recycling,epic,recycler,legendary,"[{""module"":""quality-module-3"",""quality"":""legendary""},{""module"":""quality-module-3"",""quality"":""legendary""},{""module"":""quality-module-3"",""quality"":""legendary""},{""module"":""quality-module-3"",""quality"":""legendary""}]",0,[]
6,artillery-turret,legendary,assembling-machine-3,legendary,"[{""module"":""speed-module-3"",""quality"":""legendary""},{""module"":""speed-module-3"",""quality"":""legendary""},{""module"":""speed-module-3"",""quality"":""legendary""},{""module"":""speed-module-3"",""quality"":""legendary""}]",12,"[{""module"":""speed-module-3"",""quality"":""legendary""},{""module"":""speed-module-3"",""quality"":""legendary""},{""module"":""speed-module-3"",""quality"":""legendary""},{""module"":""speed-module-3"",""quality"":""legendary""},{""module"":""speed-module-3"",""quality"":""legendary""},{""module"":""speed-module-3"",""quality"":""legendary""},{""module"":""speed-module-3"",""quality"":""legendary""},{""module"":""speed-module-3"",""quality"":""legendary""},{""module"":""speed-module-3"",""quality"":""legendary""},{""module"":""speed-module-3"",""quality"":""legendary""},{""module"":""speed-module-3"",""quality"":""legendary""},{""module"":""speed-module-3"",""quality"":""legendary""},{""module"":""speed-module-3"",""quality"":""legendary""},{""module"":""speed-module-3"",""quality"":""legendary""},{""module"":""speed-module-3"",""quality"":""legendary""},{""module"":""speed-module-3"",""quality"":""legendary""},{""module"":""speed-module-3"",""quality"":""legendary""},{""module"":""speed-module-3"",""quality"":""legendary""},{""module"":""speed-module-3"",""quality"":""legendary""},{""module"":""speed-module-3"",""quality"":""legendary""},{""module"":""speed-module-3"",""quality"":""legendary""},{""module"":""speed-module-3"",""quality"":""legendary""},{""module"":""speed-module-3"",""quality"":""legendary""},{""module"":""speed-module-3"",""quality"":""legendary""}]"
6,artillery-turret-recycling,legendary,recycler,legendary,"[{""module"":""speed-module-3"",""quality"":""legendary""},{""module"":""speed-module-3"",""quality"":""legendary""},{""module"":""speed-module-3"",""quality"":""legendary""},{""module"":""speed-module-3"",""quality"":""legendary""}]",12,"[{""module"":""speed-module-3"",""quality"":""legendary""},{""module"":""speed-module-3"",""quality"":""legendary""},{""module"":""speed-module-3"",""quality"":""legendary""},{""module"":""speed-module-3"",""quality"":""legendary""},{""module"":""speed-module-3"",""quality"":""legendary""},{""module"":""speed-module-3"",""quality"":""legendary""},{""module"":""speed-module-3"",""quality"":""legendary""},{""module"":""speed-module-3"",""quality"":""legendary""},{""module"":""speed-module-3"",""quality"":""legendary""},{""module"":""speed-module-3"",""quality"":""legendary""},{""module"":""speed-module-3"",""quality"":""legendary""},{""module"":""speed-module-3"",""quality"":""legendary""},{""module"":""speed-module-3"",""quality"":""legendary""},{""module"":""speed-module-3"",""quality"":""legendary""},{""module"":""speed-module-3"",""quality"":""legendary""},{""module"":""speed-module-3"",""quality"":""legendary""},{""module"":""speed-module-3"",""quality"":""legendary""},{""module"":""speed-module-3"",""quality"":""legendary""},{""module"":""speed-module-3"",""quality"":""legendary""},{""module"":""speed-module-3"",""quality"":""legendary""},{""module"":""speed-module-3"",""quality"":""legendary""},{""module"":""speed-module-3"",""quality"":""legendary""},{""module"":""speed-module-3"",""quality"":""legendary""},{""module"":""speed-module-3"",""quality"":""legendary""}]"
7,artillery-turret,normal,assembling-machine-3,legendary,"[{""module"":""speed-module-3"",""quality"":""legendary""},{""module"":""speed-module-3"",""quality"":""legendary""},{""module"":""speed-module-3"",""quality"":""legendary""},{""module"":""speed-module-3"",""quality"":""legendary""}]",12,"[{""module"":""speed-module-3"",""quality"":""legendary""},{""module"":""speed-module-3"",""quality"":""legendary""},{""module"":""speed-module-3"",""quality"":""legendary""},{""module"":""speed-module-3"",""quality"":""legendary""},{""module"":""speed-module-3"",""quality"":""legendary""},{""module"":""speed-module-3"",""quality"":""legendary""},{""module"":""speed-module-3"",""quality"":""legendary""},{""module"":""speed-module-3"",""quality"":""legendary""},{""module"":""speed-module-3"",""quality"":""legendary""},{""module"":""speed-module-3"",""quality"":""legendary""},{""module"":""speed-module-3"",""quality"":""legendary""},{""module"":""speed-module-3"",""quality"":""legendary""},{""module"":""speed-module-3"",""quality"":""legendary""},{""module"":""speed-module-3"",""quality"":""legendary""},{""module"":""speed-module-3"",""quality"":""legendary""},{""module"":""speed-module-3"",""quality"":""legendary""},{""module"":""speed-module-3"",""quality"":""legendary""},{""module"":""speed-module-3"",""quality"":""legendary""},{""module"":""speed-module-3"",""quality"":""legendary""},{""module"":""speed-module-3"",""quality"":""legendary""},{""module"":""speed-module-3"",""quality"":""legendary""},{""module"":""speed-module-3"",""quality"":""legendary""},{""module"":""speed-module-3"",""quality"":""legendary""},{""module"":""speed-module-3"",""quality"":""legendary""}]"
7,artillery-turret-recycling,normal,recycler,legendary,"[{""module"":""quality-module-3"",""quality"":""legendary""},{""module"":""quality-module-3"",""quality"":""legendary""},{""module"":""quality-module-3"",""quality"":""legendary""},{""module"":""quality-module-3"",""quality"":""legendary""}]",10,"[{""module"":""speed-module-2"",""quality"":""legendary""}]"
7,artillery-turret,uncommon,assembling-machine-3,legendary,"[{""module"":""quality-module-3"",""quality"":""legendary""},{""module"":""quality-module-3"",""quality"":""legendary""},{""module"":""quality-module-3"",""quality"":""legendary""},{""module"":""quality-module-3"",""quality"":""legendary""}]",1,"[{""module"":""speed-module"",""quality"":""legendary""}]"
7,artillery-turret-recycling,uncommon,recycler,legendary,"[{""module"":""quality-module-3"",""quality"":""legendary""},{""module"":""quality-module-3"",""quality"":""legendary""},{""module"":""quality-module-3"",""quality"":""legendary""},{""module"":""quality-module-3"",""quality"":""legendary""}]",0,[]
7,artillery-turret,rare,assembling-machine-3,legendary,"[{""module"":""quality-module-3"",""quality"":""legendary""},{""module"":""quality-module-3"",""quality"":""legendary""},{""module"":""quality-module-3"",""quality"":""legendary""},{""module"":""quality-module-3"",""quality"":""legendary""}]",0,[]
7,artillery-turret-recycling,rare,recycler,legendary,"[{""module"":""quality-module-3"",""quality"":""legendary""},{""module"":""quality-module-3"",""quality"":""legendary""},{""module"":""quality-module-3"",""quality"":""legendary""},{""module"":""quality-module-3"",""quality"":""legendary""}]",0,[]
7,artillery-turret,epic,assembling-machine-3,legendary,"[{""module"":""quality-module-3"",""quality"":""legendary""},{""module"":""quality-module-3"",""quality"":""legendary""},{""module"":""quality-module-3"",""quality"":""legendary""},{""module"":""quality-module-3"",""quality"":""legendary""}]",0,[]
7,artillery-turret-recycling,epic,recycler,legendary,"[{""module"":""quality-module-3"",""quality"":""legendary""},{""module"":""quality-module-3"",""quality"":""legendary""},{""module"":""quality-module-3"",""quality"":""legendary""},{""module"":""quality-module-3"",""quality"":""legendary""}]",0,[]
7,artillery-turret,legendary,assembling-machine-3,legendary,"[{""module"":""speed-module-3"",""quality"":""legendary""},{""module"":""speed-module-3"",""quality"":""legendary""},{""module"":""speed-module-3"",""quality"":""legendary""},{""module"":""speed-module-3"",""quality"":""legendary""}]",12,"[{""module"":""speed-module-3"",""quality"":""legendary""},{""module"":""speed-module-3"",""quality"":""legendary""},{""module"":""speed-module-3"",""quality"":""legendary""},{""module"":""speed-module-3"",""quality"":""legendary""},{""module"":""speed-module-3"",""quality"":""legendary""},{""module"":""speed-module-3"",""quality"":""legendary""},{""module"":""speed-module-3"",""quality"":""legendary""},{""module"":""speed-module-3"",""quality"":""legendary""},{""module"":""speed-module-3"",""quality"":""legendary""},{""module"":""speed-module-3"",""quality"":""legendary""},{""module"":""speed-module-3"",""quality"":""legendary""},{""module"":""speed-module-3"",""quality"":""legendary""},{""module"":""speed-module-3"",""quality"":""legendary""},{""module"":""speed-module-3"",""quality"":""legendary""},{""module"":""speed-module-3"",""quality"":""legendary""},{""module"":""speed-module-3"",""quality"":""legendary""},{""module"":""speed-module-3"",""quality"":""legendary""},{""module"":""speed-module-3"",""quality"":""legendary""},{""module"":""speed-module-3"",""quality"":""legendary""},{""module"":""speed-module-3"",""quality"":""legendary""},{""module"":""speed-module-3"",""quality"":""legendary""},{""module"":""speed-module-3"",""quality"":""legendary""},{""module"":""speed-module-3"",""quality"":""legendary""},{""module"":""speed-module-3"",""quality"":""legendary""}]"
7,artillery-turret-recycling,legendary,recycler,legendary,"[{""module"":""speed-module-3"",""quality"":""legendary""},{""module"":""speed-module-3"",""quality"":""legendary""},{""module"":""speed-module-3"",""quality"":""legendary""},{""module"":""speed-module-3"",""quality"":""legendary""}]",12,"[{""module"":""speed-module-3"",""quality"":""legendary""},{""module"":""speed-module-3"",""quality"":""legendary""},{""module"":""speed-module-3"",""quality"":""legendary""},{""module"":""speed-module-3"",""quality"":""legendary""},{""module"":""speed-module-3"",""quality"":""legendary""},{""module"":""speed-module-3"",""quality"":""legendary""},{""module"":""speed-module-3"",""quality"":""legendary""},{""module"":""speed-module-3"",""quality"":""legendary""},{""module"":""speed-module-3"",""quality"":""legendary""},{""module"":""speed-module-3"",""quality"":""legendary""},{""module"":""speed-module-3"",""quality"":""legendary""},{""module"":""speed-module-3"",""quality"":""legendary""},{""module"":""speed-module-3"",""quality"":""legendary""},{""module"":""speed-module-3"",""quality"":""legendary""},{""module"":""speed-module-3"",""quality"":""legendary""},{""module"":""speed-module-3"",""quality"":""legendary""},{""module"":""speed-module-3"",""quality"":""legendary""},{""module"":""speed-module-3"",""quality"":""legendary""},{""module"":""speed-module-3"",""quality"":""legendary""},{""module"":""speed-module-3"",""quality"":""legendary""},{""module"":""speed-module-3"",""quality"":""legendary""},{""module"":""speed-module-3"",""quality"":""legendary""},{""module"":""speed-module-3"",""quality"":""legendary""},{""module"":""speed-module-3"",""quality"":""legendary""}]"
8,artillery-wagon,normal,assembling-machine-3,legendary,"[{""module"":""quality-module-3"",""quality"":""legendary""},{""module"":""quality-module-3"",""quality"":""legendary""},{""module"":""quality-module-3"",""quality"":""legendary""},{""module"":""quality-module-3"",""quality"":""legendary""}]",0,[]
8,artillery-wagon-recycling,normal,recycler,legendary,"[{""module"":""quality-module-3"",""quality"":""legendary""},{""module"":""quality-module-3"",""quality"":""legendary""},{""module"":""quality-module-3"",""quality"":""legendary""},{""module"":""quality-module-3"",""quality"":""legendary""}]",0,[]
8,artillery-wagon,uncommon,assembling-machine-3,legendary,"[{""module"":""quality-module-3"",""quality"":""legendary""},{""module"":""quality-module-3"",""quality"":""legendary""},{""module"":""quality-module-3"",""quality"":""legendary""},{""module"":""quality-module-3"",""quality"":""legendary""}]",0,[]
8,artillery-wagon-recycling,uncommon,recycler,legendary,"[{""module"":""quality-module-3"",""quality"":""legendary""},{""module"":""quality-module-3"",""quality"":""legendary""},{""module"":""quality-module-3"",""quality"":""legendary""},{""module"":""quality-module-3"",""quality"":""legendary""}]",0,[]
8,artillery-wagon,rare,assembling-machine-3,legendary,"[{""module"":""quality-module-3"",""quality"":""legendary""},{""module"":""quality-module-3"",""quality"":""legendary""},{""module"":""quality-module-3"",""quality"":""legendary""},{""module"":""quality-module-3"",""quality"":""legendary""}]",0,[]
8,artillery-wagon-recycling,rare,recycler,legendary,"[{""module"":""quality-module-3"",""quality"":""legendary""},{""module"":""quality-module-3"",""quality"":""legendary""},{""module"":""quality-module-3"",""quality"":""legendary""},{""module"":""quality-module-3"",""quality"":""legendary""}]",0,[]
8,artillery-wagon,epic,assembling-machine-3,legendary,"[{""module"":""quality-module-3"",""quality"":""legendary""},{""module"":""quality-module-3"",""quality"":""legendary""},{""module"":""quality-module-3"",""quality"":""legendary""},{""module"":""quality-module-3"",""quality"":""legendary""}]",0,[]
8,artillery-wagon-recycling,epic,recycler,legendary,"[{""module"":""quality-module-3"",""quality"":""legendary""},{""module"":""quality-module-3"",""quality"":""legendary""},{""module"":""quality-module-3"",""quality"":""legendary""},{""module"":""quality-module-3"",""quality"":""legendary""}]",0,[]
8,artillery-wagon,legendary,assembling-machine-3,legendary,"[{""module"":""speed-module-3"",""quality"":""legendary""},{""module"":""speed-module-3"",""quality"":""legendary""},{""module"":""speed-module-3"",""quality"":""legendary""},{""module"":""speed-module-3"",""quality"":""legendary""}]",12,"[{""module"":""speed-module-3"",""quality"":""legendary""},{""module"":""speed-module-3"",""quality"":""legendary""},{""module"":""speed-module-3"",""quality"":""legendary""},{""module"":""speed-module-3"",""quality"":""legendary""},{""module"":""speed-module-3"",""quality"":""legendary""},{""module"":""speed-module-3"",""quality"":""legendary""},{""module"":""speed-module-3"",""quality"":""legendary""},{""module"":""speed-module-3"",""quality"":""legendary""},{""module"":""speed-module-3"",""quality"":""legendary""},{""module"":""speed-module-3"",""quality"":""legendary""},{""module"":""speed-module-3"",""quality"":""legendary""},{""module"":""speed-module-3"",""quality"":""legendary""},{""module"":""speed-module-3"",""quality"":""legendary""},{""module"":""speed-module-3"",""quality"":""legendary""},{""module"":""speed-module-3"",""quality"":""legendary""},{""module"":""speed-module-3"",""quality"":""legendary""},{""module"":""speed-module-3"",""quality"":""legendary""},{""module"":""speed-module-3"",""quality"":""legendary""},{""module"":""speed-module-3"",""quality"":""legendary""},{""module"":""speed-module-3"",""quality"":""legendary""},{""module"":""speed-module-3"",""quality"":""legendary""},{""module"":""speed-module-3"",""quality"":""legendary""},{""module"":""speed-module-3"",""quality"":""legendary""},{""module"":""speed-module-3"",""quality"":""legendary""}]"
8,artillery-wagon-recycling,legendary,recycler,legendary,"[{""module"":""speed-module-3"",""quality"":""legendary""},{""module"":""speed-module-3"",""quality"":""legendary""},{""module"":""speed-module-3"",""quality"":""legendary""},{""module"":""speed-module-3"",""quality"":""legendary""}]",12,"[{""module"":""speed-module-3"",""quality"":""legendary""},{""module"":""speed-module-3"",""quality"":""legendary""},{""module"":""speed-module-3"",""quality"":""legendary""},{""module"":""speed-module-3"",""quality"":""legendary""},{""module"":""speed-module-3"",""quality"":""legendary""},{""module"":""speed-module-3"",""quality"":""legendary""},{""module"":""speed-module-3"",""quality"":""legendary""},{""module"":""speed-module-3"",""quality"":""legendary""},{""module"":""speed-module-3"",""quality"":""legendary""},{""module"":""speed-module-3"",""quality"":""legendary""},{""module"":""speed-module-3"",""quality"":""legendary""},{""module"":""speed-module-3"",""quality"":""legendary""},{""module"":""speed-module-3"",""quality"":""legendary""},{""module"":""speed-module-3"",""quality"":""legendary""},{""module"":""speed-module-3"",""quality"":""legendary""},{""module"":""speed-module-3"",""quality"":""legendary""},{""module"":""speed-module-3"",""quality"":""legendary""},{""module"":""speed-module-3"",""quality"":""legendary""},{""module"":""speed-module-3"",""quality"":""legendary""},{""module"":""speed-module-3"",""quality"":""legendary""},{""module"":""speed-module-3"",""quality"":""legendary""},{""module"":""speed-module-3"",""quality"":""legendary""},{""module"":""speed-module-3"",""quality"":""legendary""},{""module"":""speed-module-3"",""quality"":""legendary""}]"
9,artillery-wagon,normal,assembling-machine-3,legendary,"[{""module"":""speed-module-3"",""quality"":""legendary""},{""module"":""speed-module-3"",""quality"":""legendary""},{""module"":""speed-module-3"",""quality"":""legendary""},{""module"":""speed-module-3"",""quality"":""legendary""}]",12,"[{""module"":""speed-module-3"",""quality"":""legendary""},{""module"":""speed-module-3"",""quality"":""legendary""},{""module"":""speed-module-3"",""quality"":""legendary""},{""module"":""speed-module-3"",""quality"":""legendary""},{""module"":""speed-module-3"",""quality"":""legendary""},{""module"":""speed-module-3"",""quality"":""legendary""},{""module"":""speed-module-3"",""quality"":""legendary""},{""module"":""speed-module-3"",""quality"":""legendary""},{""module"":""speed-module-3"",""quality"":""legendary""},{""module"":""speed-module-3"",""quality"":""legendary""},{""module"":""speed-module-3"",""quality"":""legendary""},{""module"":""speed-module-3"",""quality"":""legendary""},{""module"":""speed-module-3"",""quality"":""legendary""},{""module"":""speed-module-3"",""quality"":""legendary""},{""module"":""speed-module-3"",""quality"":""legendary""},{""module"":""speed-module-3"",""quality"":""legendary""},{""module"":""speed-module-3"",""quality"":""legendary""},{""module"":""speed-module-3"",""quality"":""legendary""},{""module"":""speed-module-3"",""quality"":""legendary""},{""module"":""speed-module-3"",""quality"":""legendary""},{""module"":""speed-module-3"",""quality"":""legendary""},{""module"":""speed-module-3"",""quality"":""legendary""},{""module"":""speed-module-3"",""quality"":""legendary""},{""module"":""speed-module-3"",""quality"":""legendary""}]"
9,artillery-wagon-recycling,normal,recycler,legendary,"[{""module"":""quality-module-3"",""quality"":""legendary""},{""module"":""quality-module-3"",""quality"":""legendary""},{""module"":""quality-module-3"",""quality"":""legendary""},{""module"":""quality-module-3"",""quality"":""legendary""}]",10,"[{""module"":""speed-module-2"",""quality"":""legendary""}]"
9,artillery-wagon,uncommon,assembling-machine-3,legendary,"[{""module"":""quality-module-3"",""quality"":""legendary""},{""module"":""quality-module-3"",""quality"":""legendary""},{""module"":""quality-module-3"",""quality"":""legendary""},{""module"":""quality-module-3"",""quality"":""legendary""}]",1,"[{""module"":""speed-module"",""quality"":""legendary""}]"
9,artillery-wagon-recycling,uncommon,recycler,legendary,"[{""module"":""quality-module-3"",""quality"":""legendary""},{""module"":""quality-module-3"",""quality"":""legendary""},{""module"":""quality-module-3"",""quality"":""legendary""},{""module"":""quality-module-3"",""quality"":""legendary""}]",0,[]
9,artillery-wagon,rare,assembling-machine-3,legendary,"[{""module"":""quality-module-3"",""quality"":""legendary""},{""module"":""quality-module-3"",""quality"":""legendary""},{""module"":""quality-module-3"",""quality"":""legendary""},{""module"":""quality-module-3"",""quality"":""legendary""}]",0,[]
9,artillery-wagon-recycling,rare,recycler,legendary,"[{""module"":""quality-module-3"",""quality"":""legendary""},{""module"":""quality-module-3"",""quality"":""legendary""},{""module"":""quality-module-3"",""quality"":""legendary""},{""module"":""quality-module-3"",""quality"":""legendary""}]",0,[]
9,artillery-wagon,epic,assembling-machine-3,legendary,"[{""module"":""quality-module-3"",""quality"":""legendary""},{""module"":""quality-module-3"",""quality"":""legendary""},{""module"":""quality-module-3"",""quality"":""legendary""},{""module"":""quality-module-3"",""quality"":""legendary""}]",0,[]
9,artillery-wagon-recycling,epic,recycler,legendary,"[{""module"":""quality-module-3"",""quality"":""legendary""},{""module"":""quality-module-3"",""quality"":""legendary""},{""module"":""quality-module-3"",""quality"":""legendary""},{""module"":""quality-module-3"",""quality"":""legendary""}]",0,[]
9,artillery-wagon,legendary,assembling-machine-3,legendary,"[{""module"":""speed-module-3"",""quality"":""legendary""},{""module"":""speed-module-3"",""quality"":""legendary""},{""module"":""speed-module-3"",""quality"":""legendary""},{""module"":""speed-module-3"",""quality"":""legendary""}]",12,"[{""module"":""speed-module-3"",""quality"":""legendary""},{""module"":""speed-module-3"",""quality"":""legendary""},{""module"":""speed-module-3"",""quality"":""legendary""},{""module"":""speed-module-3"",""quality"":""legendary""},{""module"":""speed-module-3"",""quality"":""legendary""},{""module"":""speed-module-3"",""quality"":""legendary""},{""module"":""speed-module-3"",""quality"":""legendary""},{""module"":""speed-module-3"",""quality"":""legendary""},{""module"":""speed-module-3"",""quality"":""legendary""},{""module"":""speed-module-3"",""quality"":""legendary""},{""module"":""speed-module-3"",""quality"":""legendary""},{""module"":""speed-module-3"",""quality"":""legendary""},{""module"":""speed-module-3"",""quality"":""legendary""},{""module"":""speed-module-3"",""quality"":""legendary""},{""module"":""speed-module-3"",""quality"":""legendary""},{""module"":""speed-module-3"",""quality"":""legendary""},{""module"":""speed-module-3"",""quality"":""legendary""},{""module"":""speed-module-3"",""quality"":""legendary""},{""module"":""speed-module-3"",""quality"":""legendary""},{""module"":""speed-module-3"",""quality"":""legendary""},{""module"":""speed-module-3"",""quality"":""legendary""},{""module"":""speed-module-3"",""quality"":""legendary""},{""module"":""speed-module-3"",""quality"":""legendary""},{""module"":""speed-module-3"",""quality"":""legendary""}]"
9,artillery-wagon-recycling,legendary,recycler,legendary,"[{""module"":""speed-module-3"",""quality"":""legendary""},{""module"":""speed-module-3"",""quality"":""legendary""},{""module"":""speed-module-3"",""quality"":""legendary""},{""module"":""speed-module-3"",""quality"":""legendary""}]",12,"[{""module"":""speed-module-3"",""quality"":""legendary""},{""module"":""speed-module-3"",""quality"":""legendary""},{""module"":""speed-module-3"",""quality"":""legendary""},{""module"":""speed-module-3"",""quality"":""legendary""},{""module"":""speed-module-3"",""quality"":""legendary""},{""module"":""speed-module-3"",""quality"":""legendary""},{""module"":""speed-module-3"",""quality"":""legendary""},{""module"":""speed-module-3"",""quality"":""legendary""},{""module"":""speed-module-3"",""quality"":""legendary""},{""module"":""speed-module-3"",""quality"":""legendary""},{""module"":""speed-module-3"",""quality"":""legendary""},{""module"":""speed-module-3"",""quality"":""legendary""},{""module"":""speed-module-3"",""quality"":""legendary""},{""module"":""speed-module-3"",""quality"":""legendary""},{""module"":""speed-module-3"",""quality"":""legendary""},{""module"":""speed-module-3"",""quality"":""legendary""},{""module"":""speed-module-3"",""quality"":""legendary""},{""module"":""speed-module-3"",""quality"":""legendary""},{""module"":""speed-module-3"",""quality"":""legendary""},{""module"":""speed-module-3"",""quality"":""legendary""},{""module"":""speed-module-3"",""quality"":""legendary""},{""module"":""speed-module-3"",""quality"":""legendary""},{""module"":""speed-module-3"",""quality"":""legendary""},{""module"":""speed-module-3"",""quality"":""legendary""}]"
10,foundation,normal,assembling-machine-3,legendary,"[{""module"":""quality-module-3"",""quality"":""legendary""},{""module"":""quality-module-3"",""quality"":""legendary""},{""module"":""quality-module-3"",""quality"":""legendary""},{""module"":""quality-module-3"",""quality"":""legendary""}]",0,[]
10,foundation-recycling,normal,recycler,legendary,"[{""module"":""quality-module-3"",""quality"":""legendary""},{""module"":""quality-module-3"",""quality"":""legendary""},{""module"":""quality-module-3"",""quality"":""legendary""},{""module"":""quality-module-3"",""quality"":""legendary""}]",0,[]
10,foundation,uncommon,assembling-machine-3,legendary,"[{""module"":""quality-module-3"",""quality"":""legendary""},{""module"":""quality-module-3"",""quality"":""legendary""},{""module"":""quality-module-3"",""quality"":""legendary""},{""module"":""quality-module-3"",""quality"":""legendary""}]",0,[]
10,foundation-recycling,uncommon,recycler,legendary,"[{""module"":""quality-module-3"",""quality"":""legendary""},{""module"":""quality-module-3"",""quality"":""legendary""},{""module"":""quality-module-3"",""quality"":""legendary""},{""module"":""quality-module-3"",""quality"":""legendary""}]",0,[]
10,foundation,rare,assembling-machine-3,legendary,"[{""module"":""quality-module-3"",""quality"":""legendary""},{""module"":""quality-module-3"",""quality"":""legendary""},{""module"":""quality-module-3"",""quality"":""legendary""},{""module"":""quality-module-3"",""quality"":""legendary""}]",0,[]
10,foundation-recycling,rare,recycler,legendary,"[{""module"":""quality-module-3"",""quality"":""legendary""},{""module"":""quality-module-3"",""quality"":""legendary""},{""module"":""quality-module-3"",""quality"":""legendary""},{""module"":""quality-module-3"",""quality"":""legendary""}]",0,[]
10,foundation,epic,assembling-machine-3,legendary,"[{""module"":""quality-module-3"",""quality"":""legendary""},{""module"":""quality-module-3"",""quality"":""legendary""},{""module"":""quality-module-3"",""quality"":""legendary""},{""module"":""quality-module-3"",""quality"":""legendary""}]",0,[]
10,foundation-recycling,epic,recycler,legendary,"[{""module"":""quality-module-3"",""quality"":""legendary""},{""module"":""quality-module-3"",""quality"":""legendary""},{""module"":""quality-module-3"",""quality"":""legendary""},{""module"":""quality-module-3"",""quality"":""legendary""}]",0,[]
10,foundation,legendary,assembling-machine-3,legendary,"[{""module"":""speed-module-3"",""quality"":""legendary""},{""module"":""speed-module-3"",""quality"":""legendary""},{""module"":""speed-module-3"",""quality"":""legendary""},{""module"":""speed-module-3"",""quality"":""legendary""}]",12,"[{""module"":""speed-module-3"",""quality"":""legendary""},{""module"":""speed-module-3"",""quality"":""legendary""},{""module"":""speed-module-3"",""quality"":""legendary""},{""module"":""speed-module-3"",""quality"":""legendary""},{""module"":""speed-module-3"",""quality"":""legendary""},{""module"":""speed-module-3"",""quality"":""legendary""},{""module"":""speed-module-3"",""quality"":""legendary""},{""module"":""speed-module-3"",""quality"":""legendary""},{""module"":""speed-module-3"",""quality"":""legendary""},{""module"":""speed-module-3"",""quality"":""legendary""},{""module"":""speed-module-3"",""quality"":""legendary""},{""module"":""speed-module-3"",""quality"":""legendary""},{""module"":""speed-module-3"",""quality"":""legendary""},{""module"":""speed-module-3"",""quality"":""legendary""},{""module"":""speed-module-3"",""quality"":""legendary""},{""module"":""speed-module-3"",""quality"":""legendary""},{""module"":""speed-module-3"",""quality"":""legendary""},{""module"":""speed-module-3"",""quality"":""legendary""},{""module"":""speed-module-3"",""quality"":""legendary""},{""module"":""speed-module-3"",""quality"":""legendary""},{""module"":""speed-module-3"",""quality"":""legendary""},{""module"":""speed-module-3"",""quality"":""legendary""},{""module"":""speed-module-3"",""quality"":""legendary""},{""module"":""speed-module-3"",""quality"":""legendary""}]"
10,foundation-recycling,legendary,recycler,legendary,"[{""module"":""speed-module-3"",""quality"":""legendary""},{""module"":""speed-module-3"",""quality"":""legendary""},{""module"":""speed-module-3"",""quality"":""legendary""},{""module"":""speed-module-3"",""quality"":""legendary""}]",12,"[{""module"":""speed-module-3"",""quality"":""legendary""},{""module"":""speed-module-3"",""quality"":""legendary""},{""module"":""speed-module-3"",""quality"":""legendary""},{""module"":""speed-module-3"",""quality"":""legendary""},{""module"":""speed-module-3"",""quality"":""legendary""},{""module"":""speed-module-3"",""quality"":""legendary""},{""module"":""speed-module-3"",""quality"":""legendary""},{""module"":""speed-module-3"",""quality"":""legendary""},{""module"":""speed-module-3"",""quality"":""legendary""},{""module"":""speed-module-3"",""quality"":""legendary""},{""module"":""speed-module-3"",""quality"":""legendary""},{""module"":""speed-module-3"",""quality"":""legendary""},{""module"":""speed-module-3"",""quality"":""legendary""},{""module"":""speed-module-3"",""quality"":""legendary""},{""module"":""speed-module-3"",""quality"":""legendary""},{""module"":""speed-module-3"",""quality"":""legendary""},{""module"":""speed-module-3"",""quality"":""legendary""},{""module"":""speed-module-3"",""quality"":""legendary""},{""module"":""speed-module-3"",""quality"":""legendary""},{""module"":""speed-module-3"",""quality"":""legendary""},{""module"":""speed-module-3"",""quality"":""legendary""},{""module"":""speed-module-3"",""quality"":""legendary""},{""module"":""speed-module-3"",""quality"":""legendary""},{""module"":""speed-module-3"",""quality"":""legendary""}]"
11,foundation,normal,assembling-machine-3,legendary,"[{""module"":""speed-module-3"",""quality"":""legendary""},{""module"":""speed-module-3"",""quality"":""legendary""},{""module"":""speed-module-3"",""quality"":""legendary""},{""module"":""speed-module-3"",""quality"":""legendary""}]",12,"[{""module"":""speed-module-3"",""quality"":""legendary""},{""module"":""speed-module-3"",""quality"":""legendary""},{""module"":""speed-module-3"",""quality"":""legendary""},{""module"":""speed-module-3"",""quality"":""legendary""},{""module"":""speed-module-3"",""quality"":""legendary""},{""module"":""speed-module-3"",""quality"":""legendary""},{""module"":""speed-module-3"",""quality"":""legendary""},{""module"":""speed-module-3"",""quality"":""legendary""},{""module"":""speed-module-3"",""quality"":""legendary""},{""module"":""speed-module-3"",""quality"":""legendary""},{""module"":""speed-module-3"",""quality"":""legendary""},{""module"":""speed-module-3"",""quality"":""legendary""},{""module"":""speed-module-3"",""quality"":""legendary""},{""module"":""speed-module-3"",""quality"":""legendary""},{""module"":""speed-module-3"",""quality"":""legendary""},{""module"":""speed-module-3"",""quality"":""legendary""},{""module"":""speed-module-3"",""quality"":""legendary""},{""module"":""speed-module-3"",""quality"":""legendary""},{""module"":""speed-module-3"",""quality"":""legendary""},{""module"":""speed-module-3"",""quality"":""legendary""},{""module"":""speed-module-3"",""quality"":""legendary""},{""module"":""speed-module-3"",""quality"":""legendary""},{""module"":""speed-module-3"",""quality"":""legendary""},{""module"":""speed-module-3"",""quality"":""legendary""}]"
11,foundation-recycling,normal,recycler,legendary,"[{""module"":""quality-module-3"",""quality"":""legendary""},{""module"":""quality-module-3"",""quality"":""legendary""},{""module"":""quality-module-3"",""quality"":""legendary""},{""module"":""quality-module-3"",""quality"":""legendary""}]",10,"[{""module"":""speed-module-2"",""quality"":""legendary""}]"
11,foundation,uncommon,assembling-machine-3,legendary,"[{""module"":""quality-module-3"",""quality"":""legendary""},{""module"":""quality-module-3"",""quality"":""legendary""},{""module"":""quality-module-3"",""quality"":""legendary""},{""module"":""quality-module-3"",""quality"":""legendary""}]",1,"[{""module"":""speed-module"",""quality"":""legendary""}]"
11,foundation-recycling,uncommon,recycler,legendary,"[{""module"":""quality-module-3"",""quality"":""legendary""},{""module"":""quality-module-3"",""quality"":""legendary""},{""module"":""quality-module-3"",""quality"":""legendary""},{""module"":""quality-module-3"",""quality"":""legendary""}]",0,[]
11,foundation,rare,assembling-machine-3,legendary,"[{""module"":""quality-module-3"",""quality"":""legendary""},{""module"":""quality-module-3"",""quality"":""legendary""},{""module"":""quality-module-3"",""quality"":""legendary""},{""module"":""quality-module-3"",""quality"":""legendary""}]",0,[]
11,foundation-recycling,rare,recycler,legendary,"[{""module"":""quality-module-3"",""quality"":""legendary""},{""module"":""quality-module-3"",""quality"":""legendary""},{""module"":""quality-module-3"",""quality"":""legendary""},{""module"":""quality-module-3"",""quality"":""legendary""}]",0,[]
11,foundation,epic,assembling-machine-3,legendary,"[{""module"":""quality-module-3"",""quality"":""legendary""},{""module"":""quality-module-3"",""quality"":""legendary""},{""module"":""quality-module-3"",""quality"":""legendary""},{""module"":""quality-module-3"",""quality"":""legendary""}]",0,[]
11,foundation-recycling,epic,recycler,legendary,"[{""module"":""quality-module-3"",""quality"":""legendary""},{""module"":""quality-module-3"",""quality"":""legendary""},{""module"":""quality-module-3"",""quality"":""legendary""},{""module"":""quality-module-3"",""quality"":""legendary""}]",0,[]
11,foundation,legendary,assembling-machine-3,legendary,"[{""module"":""speed-module-3"",""quality"":""legendary""},{""module"":""speed-module-3"",""quality"":""legendary""},{""module"":""speed-module-3"",""quality"":""legendary""},{""module"":""speed-module-3"",""quality"":""legendary""}]",12,"[{""module"":""speed-module-3"",""quality"":""legendary""},{""module"":""speed-module-3"",""quality"":""legendary""},{""module"":""speed-module-3"",""quality"":""legendary""},{""module"":""speed-module-3"",""quality"":""legendary""},{""module"":""speed-module-3"",""quality"":""legendary""},{""module"":""speed-module-3"",""quality"":""legendary""},{""module"":""speed-module-3"",""quality"":""legendary""},{""module"":""speed-module-3"",""quality"":""legendary""},{""module"":""speed-module-3"",""quality"":""legendary""},{""module"":""speed-module-3"",""quality"":""legendary""},{""module"":""speed-module-3"",""quality"":""legendary""},{""module"":""speed-module-3"",""quality"":""legendary""},{""module"":""speed-module-3"",""quality"":""legendary""},{""module"":""speed-module-3"",""quality"":""legendary""},{""module"":""speed-module-3"",""quality"":""legendary""},{""module"":""speed-module-3"",""quality"":""legendary""},{""module"":""speed-module-3"",""quality"":""legendary""},{""module"":""speed-module-3"",""quality"":""legendary""},{""module"":""speed-module-3"",""quality"":""legendary""},{""module"":""speed-module-3"",""quality"":""legendary""},{""module"":""speed-module-3"",""quality"":""legendary""},{""module"":""speed-module-3"",""quality"":""legendary""},{""module"":""speed-module-3"",""quality"":""legendary""},{""module"":""speed-module-3"",""quality"":""legendary""}]"
11,foundation-recycling,legendary,recycler,legendary,"[{""module"":""speed-module-3"",""quality"":""legendary""},{""module"":""speed-module-3"",""quality"":""legendary""},{""module"":""speed-module-3"",""quality"":""legendary""},{""module"":""speed-module-3"",""quality"":""legendary""}]",12,"[{""module"":""speed-module-3"",""quality"":""legendary""},{""module"":""speed-module-3"",""quality"":""legendary""},{""module"":""speed-module-3"",""quality"":""legendary""},{""module"":""speed-module-3"",""quality"":""legendary""},{""module"":""speed-module-3"",""quality"":""legendary""},{""module"":""speed-module-3"",""quality"":""legendary""},{""module"":""speed-module-3"",""quality"":""legendary""},{""module"":""speed-module-3"",""quality"":""legendary""},{""module"":""speed-module-3"",""quality"":""legendary""},{""module"":""speed-module-3"",""quality"":""legendary""},{""module"":""speed-module-3"",""quality"":""legendary""},{""module"":""speed-module-3"",""quality"":""legendary""},{""module"":""speed-module-3"",""quality"":""legendary""},{""module"":""speed-module-3"",""quality"":""legendary""},{""module"":""speed-module-3"",""quality"":""legendary""},{""module"":""speed-module-3"",""quality"":""legendary""},{""module"":""speed-module-3"",""quality"":""legendary""},{""module"":""speed-module-3"",""quality"":""legendary""},{""module"":""speed-module-3"",""quality"":""legendary""},{""module"":""speed-module-3"",""quality"":""legendary""},{""module"":""speed-module-3"",""quality"":""legendary""},{""module"":""speed-module-3"",""quality"":""legendary""},{""module"":""speed-module-3"",""quality"":""legendary""},{""module"":""speed-module-3"",""quality"":""legendary""}]"
12,fusion-generator,normal,cryogenic-plant,legendary,"[{""module"":""quality-module-3"",""quality"":""legendary""},{""module"":""quality-module-3"",""quality"":""legendary""},{""module"":""quality-module-3"",""quality"":""legendary""},{""module"":""quality-module-3"",""quality"":""legendary""},{""module"":""quality-module-3"",""quality"":""legendary""},{""module"":""quality-module-3"",""quality"":""legendary""},{""module"":""quality-module-3"",""quality"":""legendary""},{""module"":""quality-module-3"",""quality"":""legendary""}]",0,[]
12,fusion-generator-recycling,normal,recycler,legendary,"[{""module"":""quality-module-3"",""quality"":""legendary""},{""module"":""quality-module-3"",""quality"":""legendary""},{""module"":""quality-module-3"",""quality"":""legendary""},{""module"":""quality-module-3"",""quality"":""legendary""}]",0,[]
12,fusion-generator,uncommon,cryogenic-plant,legendary,"[{""module"":""quality-module-3"",""quality"":""legendary""},{""module"":""quality-module-3"",""quality"":""legendary""},{""module"":""quality-module-3"",""quality"":""legendary""},{""module"":""quality-module-3"",""quality"":""legendary""},{""module"":""quality-module-3"",""quality"":""legendary""},{""module"":""quality-module-3"",""quality"":""legendary""},{""module"":""quality-module-3"",""quality"":""legendary""},{""module"":""quality-module-3"",""quality"":""legendary""}]",0,[]
12,fusion-generator-recycling,uncommon,recycler,legendary,"[{""module"":""quality-module-3"",""quality"":""legendary""},{""module"":""quality-module-3"",""quality"":""legendary""},{""module"":""quality-module-3"",""quality"":""legendary""},{""module"":""quality-module-3"",""quality"":""legendary""}]",0,[]
12,fusion-generator,rare,cryogenic-plant,legendary,"[{""module"":""quality-module-3"",""quality"":""legendary""},{""module"":""quality-module-3"",""quality"":""legendary""},{""module"":""quality-module-3"",""quality"":""legendary""},{""module"":""quality-module-3"",""quality"":""legendary""},{""module"":""quality-module-3"",""quality"":""legendary""},{""module"":""quality-module-3"",""quality"":""legendary""},{""module"":""quality-module-3"",""quality"":""legendary""},{""module"":""quality-module-3"",""quality"":""legendary""}]",0,[]
12,fusion-generator-recycling,rare,recycler,legendary,"[{""module"":""quality-module-3"",""quality"":""legendary""},{""module"":""quality-module-3"",""quality"":""legendary""},{""module"":""quality-module-3"",""quality"":""legendary""},{""module"":""quality-module-3"",""quality"":""legendary""}]",0,[]
12,fusion-generator,epic,cryogenic-plant,legendary,"[{""module"":""quality-module-3"",""quality"":""legendary""},{""module"":""quality-module-3"",""quality"":""legendary""},{""module"":""quality-module-3"",""quality"":""legendary""},{""module"":""quality-module-3"",""quality"":""legendary""},{""module"":""quality-module-3"",""quality"":""legendary""},{""module"":""quality-module-3"",""quality"":""legendary""},{""module"":""quality-module-3"",""quality"":""legendary""},{""module"":""quality-module-3"",""quality"":""legendary""}]",0,[]
12,fusion-generator-recycling,epic,recycler,legendary,"[{""module"":""quality-module-3"",""quality"":""legendary""},{""module"":""quality-module-3"",""quality"":""legendary""},{""module"":""quality-module-3"",""quality"":""legendary""},{""module"":""quality-module-3"",""quality"":""legendary""}]",0,[]
12,fusion-generator,legendary,cryogenic-plant,legendary,"[{""module"":""speed-module-3"",""quality"":""legendary""},{""module"":""speed-module-3"",""quality"":""legendary""},{""module"":""speed-module-3"",""quality"":""legendary""},{""module"":""speed-module-3"",""quality"":""legendary""},{""module"":""speed-module-3"",""quality"":""legendary""},{""module"":""speed-module-3"",""quality"":""legendary""},{""module"":""speed-module-3"",""quality"":""legendary""},{""module"":""speed-module-3"",""quality"":""legendary""}]",16,"[{""module"":""speed-module-3"",""quality"":""legendary""},{""module"":""speed-module-3"",""quality"":""legendary""},{""module"":""speed-module-3"",""quality"":""legendary""},{""module"":""speed-module-3"",""quality"":""legendary""},{""module"":""speed-module-3"",""quality"":""legendary""},{""module"":""speed-module-3"",""quality"":""legendary""},{""module"":""speed-module-3"",""quality"":""legendary""},{""module"":""speed-module-3"",""quality"":""legendary""},{""module"":""speed-module-3"",""quality"":""legendary""},{""module"":""speed-module-3"",""quality"":""legendary""},{""module"":""speed-module-3"",""quality"":""legendary""},{""module"":""speed-module-3"",""quality"":""legendary""},{""module"":""speed-module-3"",""quality"":""legendary""},{""module"":""speed-module-3"",""quality"":""legendary""},{""module"":""speed-module-3"",""quality"":""legendary""},{""module"":""speed-module-3"",""quality"":""legendary""},{""module"":""speed-module-3"",""quality"":""legendary""},{""module"":""speed-module-3"",""quality"":""legendary""},{""module"":""speed-module-3"",""quality"":""legendary""},{""module"":""speed-module-3"",""quality"":""legendary""},{""module"":""speed-module-3"",""quality"":""legendary""},{""module"":""speed-module-3"",""quality"":""legendary""},{""module"":""speed-module-3"",""quality"":""legendary""},{""module"":""speed-module-3"",""quality"":""legendary""},{""module"":""speed-module-3"",""quality"":""legendary""},{""module"":""speed-module-3"",""quality"":""legendary""},{""module"":""speed-module-3"",""quality"":""legendary""},{""module"":""speed-module-3"",""quality"":""legendary""},{""module"":""speed-module-3"",""quality"":""legendary""},{""module"":""speed-module-3"",""quality"":""legendary""},{""module"":""speed-module-3"",""quality"":""legendary""},{""module"":""speed-module-3"",""quality"":""legendary""}]"
12,fusion-generator-recycling,legendary,recycler,legendary,"[{""module"":""speed-module-3"",""quality"":""legendary""},{""module"":""speed-module-3"",""quality"":""legendary""},{""module"":""speed-module-3"",""quality"":""legendary""},{""module"":""speed-module-3"",""quality"":""legendary""}]",12,"[{""module"":""speed-module-3"",""quality"":""legendary""},{""module"":""speed-module-3"",""quality"":""legendary""},{""module"":""speed-module-3"",""quality"":""legendary""},{""module"":""speed-module-3"",""quality"":""legendary""},{""module"":""speed-module-3"",""quality"":""legendary""},{""module"":""speed-module-3"",""quality"":""legendary""},{""module"":""speed-module-3"",""quality"":""legendary""},{""module"":""speed-module-3"",""quality"":""legendary""},{""module"":""speed-module-3"",""quality"":""legendary""},{""module"":""speed-module-3"",""quality"":""legendary""},{""module"":""speed-module-3"",""quality"":""legendary""},{""module"":""speed-module-3"",""quality"":""legendary""},{""module"":""speed-module-3"",""quality"":""legendary""},{""module"":""speed-module-3"",""quality"":""legendary""},{""module"":""speed-module-3"",""quality"":""legendary""},{""module"":""speed-module-3"",""quality"":""legendary""},{""module"":""speed-module-3"",""quality"":""legendary""},{""module"":""speed-module-3"",""quality"":""legendary""},{""module"":""speed-module-3"",""quality"":""legendary""},{""module"":""speed-module-3"",""quality"":""legendary""},{""module"":""speed-module-3"",""quality"":""legendary""},{""module"":""speed-module-3"",""quality"":""legendary""},{""module"":""speed-module-3"",""quality"":""legendary""},{""module"":""speed-module-3"",""quality"":""legendary""}]"
13,fusion-generator,normal,cryogenic-plant,legendary,"[{""module"":""quality-module-3"",""quality"":""legendary""},{""module"":""quality-module-3"",""quality"":""legendary""},{""module"":""quality-module-3"",""quality"":""legendary""},{""module"":""quality-module-3"",""quality"":""legendary""},{""module"":""quality-module-3"",""quality"":""legendary""},{""module"":""quality-module-3"",""quality"":""legendary""},{""module"":""quality-module-3"",""quality"":""legendary""},{""module"":""quality-module-3"",""quality"":""legendary""}]",5,"[{""module"":""speed-module"",""quality"":""legendary""},{""module"":""speed-module"",""quality"":""legendary""},{""module"":""speed-module"",""quality"":""legendary""},{""module"":""speed-module"",""quality"":""legendary""},{""module"":""speed-module-2"",""quality"":""legendary""}]"
13,fusion-generator-recycling,normal,recycler,legendary,"[{""module"":""quality-module-3"",""quality"":""legendary""},{""module"":""quality-module-3"",""quality"":""legendary""},{""module"":""quality-module-3"",""quality"":""legendary""},{""module"":""quality-module-3"",""quality"":""legendary""}]",1,"[{""module"":""speed-module"",""quality"":""legendary""},{""module"":""speed-module"",""quality"":""legendary""}]"
13,fusion-generator,uncommon,cryogenic-plant,legendary,"[{""module"":""quality-module-3"",""quality"":""legendary""},{""module"":""quality-module-3"",""quality"":""legendary""},{""module"":""quality-module-3"",""quality"":""legendary""},{""module"":""quality-module-3"",""quality"":""legendary""},{""module"":""quality-module-3"",""quality"":""legendary""},{""module"":""quality-module-3"",""quality"":""legendary""},{""module"":""quality-module-3"",""quality"":""legendary""},{""module"":""quality-module-3"",""quality"":""legendary""}]",0,[]
13,fusion-generator-recycling,uncommon,recycler,legendary,"[{""module"":""quality-module-3"",""quality"":""legendary""},{""module"":""quality-module-3"",""quality"":""legendary""},{""module"":""quality-module-3"",""quality"":""legendary""},{""module"":""quality-module-3"",""quality"":""legendary""}]",0,[]
13,fusion-generator,rare,cryogenic-plant,legendary,"[{""module"":""quality-module-3"",""quality"":""legendary""},{""module"":""quality-module-3"",""quality"":""legendary""},{""module"":""quality-module-3"",""quality"":""legendary""},{""module"":""quality-module-3"",""quality"":""legendary""},{""module"":""quality-module-3"",""quality"":""legendary""},{""module"":""quality-module-3"",""quality"":""legendary""},{""module"":""quality-module-3"",""quality"":""legendary""},{""module"":""quality-module-3"",""quality"":""legendary""}]",0,[]
13,fusion-generator-recycling,rare,recycler,legendary,"[{""module"":""quality-module-3"",""quality"":""legendary""},{""module"":""quality-module-3"",""quality"":""legendary""},{""module"":""quality-module-3"",""quality"":""legendary""},{""module"":""quality-module-3"",""quality"":""legendary""}]",0,[]
13,fusion-generator,epic,cryogenic-plant,legendary,"[{""module"":""quality-module-3"",""quality"":""legendary""},{""module"":""quality-module-3"",""quality"":""legendary""},{""module"":""quality-module-3"",""quality"":""legendary""},{""module"":""quality-module-3"",""quality"":""legendary""},{""module"":""quality-module-3"",""quality"":""legendary""},{""module"":""quality-module-3"",""quality"":""legendary""},{""module"":""quality-module-3"",""quality"":""legendary""},{""module"":""quality-module-3"",""quality"":""legendary""}]",0,[]
13,fusion-generator-recycling,epic,recycler,legendary,"[{""module"":""quality-module-3"",""quality"":""legendary""},{""module"":""quality-module-3"",""quality"":""legendary""},{""module"":""quality-module-3"",""quality"":""legendary""},{""module"":""quality-module-3"",""quality"":""legendary""}]",0,[]
13,fusion-generator,legendary,cryogenic-plant,legendary,"[{""module"":""speed-module-3"",""quality"":""legendary""},{""module"":""speed-module-3"",""quality"":""legendary""},{""module"":""speed-module-3"",""quality"":""legendary""},{""module"":""speed-module-3"",""quality"":""legendary""},{""module"":""speed-module-3"",""quality"":""legendary""},{""module"":""speed-module-3"",""quality"":""legendary""},{""module"":""speed-module-3"",""quality"":""legendary""},{""module"":""speed-module-3"",""quality"":""legendary""}]",16,"[{""module"":""speed-module-3"",""quality"":""legendary""},{""module"":""speed-module-3"",""quality"":""legendary""},{""module"":""speed-module-3"",""quality"":""legendary""},{""module"":""speed-module-3"",""quality"":""legendary""},{""module"":""speed-module-3"",""quality"":""legendary""},{""module"":""speed-module-3"",""quality"":""legendary""},{""module"":""speed-module-3"",""quality"":""legendary""},{""module"":""speed-module-3"",""quality"":""legendary""},{""module"":""speed-module-3"",""quality"":""legendary""},{""module"":""speed-module-3"",""quality"":""legendary""},{""module"":""speed-module-3"",""quality"":""legendary""},{""module"":""speed-module-3"",""quality"":""legendary""},{""module"":""speed-module-3"",""quality"":""legendary""},{""module"":""speed-module-3"",""quality"":""legendary""},{""module"":""speed-module-3"",""quality"":""legendary""},{""module"":""speed-module-3"",""quality"":""legendary""},{""module"":""speed-module-3"",""quality"":""legendary""},{""module"":""speed-module-3"",""quality"":""legendary""},{""module"":""speed-module-3"",""quality"":""legendary""},{""module"":""speed-module-3"",""quality"":""legendary""},{""module"":""speed-module-3"",""quality"":""legendary""},{""module"":""speed-module-3"",""quality"":""legendary""},{""module"":""speed-module-3"",""quality"":""legendary""},{""module"":""speed-module-3"",""quality"":""legendary""},{""module"":""speed-module-3"",""quality"":""legendary""},{""module"":""speed-module-3"",""quality"":""legendary""},{""module"":""speed-module-3"",""quality"":""legendary""},{""module"":""speed-module-3"",""quality"":""legendary""},{""module"":""speed-module-3"",""quality"":""legendary""},{""module"":""speed-module-3"",""quality"":""legendary""},{""module"":""speed-module-3"",""quality"":""legendary""},{""module"":""speed-module-3"",""quality"":""legendary""}]"
13,fusion-generator-recycling,legendary,recycler,legendary,"[{""module"":""speed-module-3"",""quality"":""legendary""},{""module"":""speed-module-3"",""quality"":""legendary""},{""module"":""speed-module-3"",""quality"":""legendary""},{""module"":""speed-module-3"",""quality"":""legendary""}]",12,"[{""module"":""speed-module-3"",""quality"":""legendary""},{""module"":""speed-module-3"",""quality"":""legendary""},{""module"":""speed-module-3"",""quality"":""legendary""},{""module"":""speed-module-3"",""quality"":""legendary""},{""module"":""speed-module-3"",""quality"":""legendary""},{""module"":""speed-module-3"",""quality"":""legendary""},{""module"":""speed-module-3"",""quality"":""legendary""},{""module"":""speed-module-3"",""quality"":""legendary""},{""module"":""speed-module-3"",""quality"":""legendary""},{""module"":""speed-module-3"",""quality"":""legendary""},{""module"":""speed-module-3"",""quality"":""legendary""},{""module"":""speed-module-3"",""quality"":""legendary""},{""module"":""speed-module-3"",""quality"":""legendary""},{""module"":""speed-module-3"",""quality"":""legendary""},{""module"":""speed-module-3"",""quality"":""legendary""},{""module"":""speed-module-3"",""quality"":""legendary""},{""module"":""speed-module-3"",""quality"":""legendary""},{""module"":""speed-module-3"",""quality"":""legendary""},{""module"":""speed-module-3"",""quality"":""legendary""},{""module"":""speed-module-3"",""quality"":""legendary""},{""module"":""speed-module-3"",""quality"":""legendary""},{""module"":""speed-module-3"",""quality"":""legendary""},{""module"":""speed-module-3"",""quality"":""legendary""},{""module"":""speed-module-3"",""quality"":""legendary""}]"
14,fusion-reactor,normal,cryogenic-plant,legendary,"[{""module"":""quality-module-3"",""quality"":""legendary""},{""module"":""quality-module-3"",""quality"":""legendary""},{""module"":""quality-module-3"",""quality"":""legendary""},{""module"":""quality-module-3"",""quality"":""legendary""},{""module"":""quality-module-3"",""quality"":""legendary""},{""module"":""quality-module-3"",""quality"":""legendary""},{""module"":""quality-module-3"",""quality"":""legendary""},{""module"":""quality-module-3"",""quality"":""legendary""}]",0,[]
14,fusion-reactor-recycling,normal,recycler,legendary,"[{""module"":""quality-module-3"",""quality"":""legendary""},{""module"":""quality-module-3"",""quality"":""legendary""},{""module"":""quality-module-3"",""quality"":""legendary""},{""module"":""quality-module-3"",""quality"":""legendary""}]",0,[]
14,fusion-reactor,uncommon,cryogenic-plant,legendary,"[{""module"":""quality-module-3"",""quality"":""legendary""},{""module"":""quality-module-3"",""quality"":""legendary""},{""module"":""quality-module-3"",""quality"":""legendary""},{""module"":""quality-module-3"",""quality"":""legendary""},{""module"":""quality-module-3"",""quality"":""legendary""},{""module"":""quality-module-3"",""quality"":""legendary""},{""module"":""quality-module-3"",""quality"":""legendary""},{""module"":""quality-module-3"",""quality"":""legendary""}]",0,[]
14,fusion-reactor-recycling,uncommon,recycler,legendary,"[{""module"":""quality-module-3"",""quality"":""legendary""},{""module"":""quality-module-3"",""quality"":""legendary""},{""module"":""quality-module-3"",""quality"":""legendary""},{""module"":""quality-module-3"",""quality"":""legendary""}]",0,[]
14,fusion-reactor,rare,cryogenic-plant,legendary,"[{""module"":""quality-module-3"",""quality"":""legendary""},{""module"":""quality-module-3"",""quality"":""legendary""},{""module"":""quality-module-3"",""quality"":""legendary""},{""module"":""quality-module-3"",""quality"":""legendary""},{""module"":""quality-module-3"",""quality"":""legendary""},{""module"":""quality-module-3"",""quality"":""legendary""},{""module"":""quality-module-3"",""quality"":""legendary""},{""module"":""quality-module-3"",""quality"":""legendary""}]",0,[]
14,fusion-reactor-recycling,rare,recycler,legendary,"[{""module"":""quality-module-3"",""quality"":""legendary""},{""module"":""quality-module-3"",""quality"":""legendary""},{""module"":""quality-module-3"",""quality"":""legendary""},{""module"":""quality-module-3"",""quality"":""legendary""}]",0,[]
14,fusion-reactor,epic,cryogenic-plant,legendary,"[{""module"":""quality-module-3"",""quality"":""legendary""},{""module"":""quality-module-3"",""quality"":""legendary""},{""module"":""quality-module-3"",""quality"":""legendary""},{""module"":""quality-module-3"",""quality"":""legendary""},{""module"":""quality-module-3"",""quality"":""legendary""},{""module"":""quality-module-3"",""quality"":""legendary""},{""module"":""quality-module-3"",""quality"":""legendary""},{""module"":""quality-module-3"",""quality"":""legendary""}]",0,[]
14,fusion-reactor-recycling,epic,recycler,legendary,"[{""module"":""quality-module-3"",""quality"":""legendary""},{""module"":""quality-module-3"",""quality"":""legendary""},{""module"":""quality-module-3"",""quality"":""legendary""},{""module"":""quality-module-3"",""quality"":""legendary""}]",0,[]
14,fusion-reactor,legendary,cryogenic-plant,legendary,"[{""module"":""speed-module-3"",""quality"":""legendary""},{""module"":""speed-module-3"",""quality"":""legendary""},{""module"":""speed-module-3"",""quality"":""legendary""},{""module"":""speed-module-3"",""quality"":""legendary""},{""module"":""speed-module-3"",""quality"":""legendary""},{""module"":""speed-module-3"",""quality"":""legendary""},{""module"":""speed-module-3"",""quality"":""legendary""},{""module"":""speed-module-3"",""quality"":""legendary""}]",16,"[{""module"":""speed-module-3"",""quality"":""legendary""},{""module"":""speed-module-3"",""quality"":""legendary""},{""module"":""speed-module-3"",""quality"":""legendary""},{""module"":""speed-module-3"",""quality"":""legendary""},{""module"":""speed-module-3"",""quality"":""legendary""},{""module"":""speed-module-3"",""quality"":""legendary""},{""module"":""speed-module-3"",""quality"":""legendary""},{""module"":""speed-module-3"",""quality"":""legendary""},{""module"":""speed-module-3"",""quality"":""legendary""},{""module"":""speed-module-3"",""quality"":""legendary""},{""module"":""speed-module-3"",""quality"":""legendary""},{""module"":""speed-module-3"",""quality"":""legendary""},{""module"":""speed-module-3"",""quality"":""legendary""},{""module"":""speed-module-3"",""quality"":""legendary""},{""module"":""speed-module-3"",""quality"":""legendary""},{""module"":""speed-module-3"",""quality"":""legendary""},{""module"":""speed-module-3"",""quality"":""legendary""},{""module"":""speed-module-3"",""quality"":""legendary""},{""module"":""speed-module-3"",""quality"":""legendary""},{""module"":""speed-module-3"",""quality"":""legendary""},{""module"":""speed-module-3"",""quality"":""legendary""},{""module"":""speed-module-3"",""quality"":""legendary""},{""module"":""speed-module-3"",""quality"":""legendary""},{""module"":""speed-module-3"",""quality"":""legendary""},{""module"":""speed-module-3"",""quality"":""legendary""},{""module"":""speed-module-3"",""quality"":""legendary""},{""module"":""speed-module-3"",""quality"":""legendary""},{""module"":""speed-module-3"",""quality"":""legendary""},{""module"":""speed-module-3"",""quality"":""legendary""},{""module"":""speed-module-3"",""quality"":""legendary""},{""module"":""speed-module-3"",""quality"":""legendary""},{""module"":""speed-module-3"",""quality"":""legendary""}]"
14,fusion-reactor-recycling,legendary,recycler,legendary,"[{""module"":""speed-module-3"",""quality"":""legendary""},{""module"":""speed-module-3"",""quality"":""legendary""},{""module"":""speed-module-3"",""quality"":""legendary""},{""module"":""speed-module-3"",""quality"":""legendary""}]",12,"[{""module"":""speed-module-3"",""quality"":""legendary""},{""module"":""speed-module-3"",""quality"":""legendary""},{""module"":""speed-module-3"",""quality"":""legendary""},{""module"":""speed-module-3"",""quality"":""legendary""},{""module"":""speed-module-3"",""quality"":""legendary""},{""module"":""speed-module-3"",""quality"":""legendary""},{""module"":""speed-module-3"",""quality"":""legendary""},{""module"":""speed-module-3"",""quality"":""legendary""},{""module"":""speed-module-3"",""quality"":""legendary""},{""module"":""speed-module-3"",""quality"":""legendary""},{""module"":""speed-module-3"",""quality"":""legendary""},{""module"":""speed-module-3"",""quality"":""legendary""},{""module"":""speed-module-3"",""quality"":""legendary""},{""module"":""speed-module-3"",""quality"":""legendary""},{""module"":""speed-module-3"",""quality"":""legendary""},{""module"":""speed-module-3"",""quality"":""legendary""},{""module"":""speed-module-3"",""quality"":""legendary""},{""module"":""speed-module-3"",""quality"":""legendary""},{""module"":""speed-module-3"",""quality"":""legendary""},{""module"":""speed-module-3"",""quality"":""legendary""},{""module"":""speed-module-3"",""quality"":""legendary""},{""module"":""speed-module-3"",""quality"":""legendary""},{""module"":""speed-module-3"",""quality"":""legendary""},{""module"":""speed-module-3"",""quality"":""legendary""}]"
15,fusion-reactor,normal,cryogenic-plant,legendary,"[{""module"":""quality-module-3"",""quality"":""legendary""},{""module"":""quality-module-3"",""quality"":""legendary""},{""module"":""quality-module-3"",""quality"":""legendary""},{""module"":""quality-module-3"",""quality"":""legendary""},{""module"":""quality-module-3"",""quality"":""legendary""},{""module"":""quality-module-3"",""quality"":""legendary""},{""module"":""quality-module-3"",""quality"":""legendary""},{""module"":""quality-module-3"",""quality"":""legendary""}]",5,"[{""module"":""speed-module"",""quality"":""legendary""},{""module"":""speed-module"",""quality"":""legendary""},{""module"":""speed-module"",""quality"":""legendary""},{""module"":""speed-module"",""quality"":""legendary""},{""module"":""speed-module-2"",""quality"":""legendary""}]"
15,fusion-reactor-recycling,normal,recycler,legendary,"[{""module"":""quality-module-3"",""quality"":""legendary""},{""module"":""quality-module-3"",""quality"":""legendary""},{""module"":""quality-module-3"",""quality"":""legendary""},{""module"":""quality-module-3"",""quality"":""legendary""}]",1,"[{""module"":""speed-module"",""quality"":""legendary""},{""module"":""speed-module"",""quality"":""legendary""}]"
15,fusion-reactor,uncommon,cryogenic-plant,legendary,"[{""module"":""quality-module-3"",""quality"":""legendary""},{""module"":""quality-module-3"",""quality"":""legendary""},{""module"":""quality-module-3"",""quality"":""legendary""},{""module"":""quality-module-3"",""quality"":""legendary""},{""module"":""quality-module-3"",""quality"":""legendary""},{""module"":""quality-module-3"",""quality"":""legendary""},{""module"":""quality-module-3"",""quality"":""legendary""},{""module"":""quality-module-3"",""quality"":""legendary""}]",0,[]
15,fusion-reactor-recycling,uncommon,recycler,legendary,"[{""module"":""quality-module-3"",""quality"":""legendary""},{""module"":""quality-module-3"",""quality"":""legendary""},{""module"":""quality-module-3"",""quality"":""legendary""},{""module"":""quality-module-3"",""quality"":""legendary""}]",0,[]
15,fusion-reactor,rare,cryogenic-plant,legendary,"[{""module"":""quality-module-3"",""quality"":""legendary""},{""module"":""quality-module-3"",""quality"":""legendary""},{""module"":""quality-module-3"",""quality"":""legendary""},{""module"":""quality-module-3"",""quality"":""legendary""},{""module"":""quality-module-3"",""quality"":""legendary""},{""module"":""quality-module-3"",""quality"":""legendary""},{""module"":""quality-module-3"",""quality"":""legendary""},{""module"":""quality-module-3"",""quality"":""legendary""}]",0,[]
15,fusion-reactor-recycling,rare,recycler,legendary,"[{""module"":""quality-module-3"",""quality"":""legendary""},{""module"":""quality-module-3"",""quality"":""legendary""},{""module"":""quality-module-3"",""quality"":""legendary""},{""module"":""quality-module-3"",""quality"":""legendary""}]",0,[]
15,fusion-reactor,epic,cryogenic-plant,legendary,"[{""module"":""quality-module-3"",""quality"":""legendary""},{""module"":""quality-module-3"",""quality"":""legendary""},{""module"":""quality-module-3"",""quality"":""legendary""},{""module"":""quality-module-3"",""quality"":""legendary""},{""module"":""quality-module-3"",""quality"":""legendary""},{""module"":""quality-module-3"",""quality"":""legendary""},{""module"":""quality-module-3"",""quality"":""legendary""},{""module"":""quality-module-3"",""quality"":""legendary""}]",0,[]
15,fusion-reactor-recycling,epic,recycler,legendary,"[{""module"":""quality-module-3"",""quality"":""legendary""},{""module"":""quality-module-3"",""quality"":""legendary""},{""module"":""quality-module-3"",""quality"":""legendary""},{""module"":""quality-module-3"",""quality"":""legendary""}]",0,[]
15,fusion-reactor,legendary,cryogenic-plant,legendary,"[{""module"":""speed-module-3"",""quality"":""legendary""},{""module"":""speed-module-3"",""quality"":""legendary""},{""module"":""speed-module-3"",""quality"":""legendary""},{""module"":""speed-module-3"",""quality"":""legendary""},{""module"":""speed-module-3"",""quality"":""legendary""},{""module"":""speed-module-3"",""quality"":""legendary""},{""module"":""speed-module-3"",""quality"":""legendary""},{""module"":""speed-module-3"",""quality"":""legendary""}]",16,"[{""module"":""speed-module-3"",""quality"":""legendary""},{""module"":""speed-module-3"",""quality"":""legendary""},{""module"":""speed-module-3"",""quality"":""legendary""},{""module"":""speed-module-3"",""quality"":""legendary""},{""module"":""speed-module-3"",""quality"":""legendary""},{""module"":""speed-module-3"",""quality"":""legendary""},{""module"":""speed-module-3"",""quality"":""legendary""},{""module"":""speed-module-3"",""quality"":""legendary""},{""module"":""speed-module-3"",""quality"":""legendary""},{""module"":""speed-module-3"",""quality"":""legendary""},{""module"":""speed-module-3"",""quality"":""legendary""},{""module"":""speed-module-3"",""quality"":""legendary""},{""module"":""speed-module-3"",""quality"":""legendary""},{""module"":""speed-module-3"",""quality"":""legendary""},{""module"":""speed-module-3"",""quality"":""legendary""},{""module"":""speed-module-3"",""quality"":""legendary""},{""module"":""speed-module-3"",""quality"":""legendary""},{""module"":""speed-module-3"",""quality"":""legendary""},{""module"":""speed-module-3"",""quality"":""legendary""},{""module"":""speed-module-3"",""quality"":""legendary""},{""module"":""speed-module-3"",""quality"":""legendary""},{""module"":""speed-module-3"",""quality"":""legendary""},{""module"":""speed-module-3"",""quality"":""legendary""},{""module"":""speed-module-3"",""quality"":""legendary""},{""module"":""speed-module-3"",""quality"":""legendary""},{""module"":""speed-module-3"",""quality"":""legendary""},{""module"":""speed-module-3"",""quality"":""legendary""},{""module"":""speed-module-3"",""quality"":""legendary""},{""module"":""speed-module-3"",""quality"":""legendary""},{""module"":""speed-module-3"",""quality"":""legendary""},{""module"":""speed-module-3"",""quality"":""legendary""},{""module"":""speed-module-3"",""quality"":""legendary""}]"
15,fusion-reactor-recycling,legendary,recycler,legendary,"[{""module"":""speed-module-3"",""quality"":""legendary""},{""module"":""speed-module-3"",""quality"":""legendary""},{""module"":""speed-module-3"",""quality"":""legendary""},{""module"":""speed-module-3"",""quality"":""legendary""}]",12,"[{""module"":""speed-module-3"",""quality"":""legendary""},{""module"":""speed-module-3"",""quality"":""legendary""},{""module"":""speed-module-3"",""quality"":""legendary""},{""module"":""speed-module-3"",""quality"":""legendary""},{""module"":""speed-module-3"",""quality"":""legendary""},{""module"":""speed-module-3"",""quality"":""legendary""},{""module"":""speed-module-3"",""quality"":""legendary""},{""module"":""speed-module-3"",""quality"":""legendary""},{""module"":""speed-module-3"",""quality"":""legendary""},{""module"":""speed-module-3"",""quality"":""legendary""},{""module"":""speed-module-3"",""quality"":""legendary""},{""module"":""speed-module-3"",""quality"":""legendary""},{""module"":""speed-module-3"",""quality"":""legendary""},{""module"":""speed-module-3"",""quality"":""legendary""},{""module"":""speed-module-3"",""quality"":""legendary""},{""module"":""speed-module-3"",""quality"":""legendary""},{""module"":""speed-module-3"",""quality"":""legendary""},{""module"":""speed-module-3"",""quality"":""legendary""},{""module"":""speed-module-3"",""quality"":""legendary""},{""module"":""speed-module-3"",""quality"":""legendary""},{""module"":""speed-module-3"",""quality"":""legendary""},{""module"":""speed-module-3"",""quality"":""legendary""},{""module"":""speed-module-3"",""quality"":""legendary""},{""module"":""speed-module-3"",""quality"":""legendary""}]"
16,fusion-reactor-equipment,normal,assembling-machine-3,legendary,"[{""module"":""quality-module-3"",""quality"":""legendary""},{""module"":""quality-module-3"",""quality"":""legendary""},{""module"":""quality-module-3"",""quality"":""legendary""},{""module"":""quality-module-3"",""quality"":""legendary""}]",0,[]
16,fusion-reactor-equipment-recycling,normal,recycler,legendary,"[{""module"":""quality-module-3"",""quality"":""legendary""},{""module"":""quality-module-3"",""quality"":""legendary""},{""module"":""quality-module-3"",""quality"":""legendary""},{""module"":""quality-module-3"",""quality"":""legendary""}]",0,[]
16,fusion-reactor-equipment,uncommon,assembling-machine-3,legendary,"[{""module"":""quality-module-3"",""quality"":""legendary""},{""module"":""quality-module-3"",""quality"":""legendary""},{""module"":""quality-module-3"",""quality"":""legendary""},{""module"":""quality-module-3"",""quality"":""legendary""}]",0,[]
16,fusion-reactor-equipment-recycling,uncommon,recycler,legendary,"[{""module"":""quality-module-3"",""quality"":""legendary""},{""module"":""quality-module-3"",""quality"":""legendary""},{""module"":""quality-module-3"",""quality"":""legendary""},{""module"":""quality-module-3"",""quality"":""legendary""}]",0,[]
16,fusion-reactor-equipment,rare,assembling-machine-3,legendary,"[{""module"":""quality-module-3"",""quality"":""legendary""},{""module"":""quality-module-3"",""quality"":""legendary""},{""module"":""quality-module-3"",""quality"":""legendary""},{""module"":""quality-module-3"",""quality"":""legendary""}]",0,[]
16,fusion-reactor-equipment-recycling,rare,recycler,legendary,"[{""module"":""quality-module-3"",""quality"":""legendary""},{""module"":""quality-module-3"",""quality"":""legendary""},{""module"":""quality-module-3"",""quality"":""legendary""},{""module"":""quality-module-3"",""quality"":""legendary""}]",0,[]
16,fusion-reactor-equipment,epic,assembling-machine-3,legendary,"[{""module"":""quality-module-3"",""quality"":""legendary""},{""module"":""quality-module-3"",""quality"":""legendary""},{""module"":""quality-module-3"",""quality"":""legendary""},{""module"":""quality-module-3"",""quality"":""legendary""}]",0,[]
16,fusion-reactor-equipment-recycling,epic,recycler,legendary,"[{""module"":""quality-module-3"",""quality"":""legendary""},{""module"":""quality-module-3"",""quality"":""legendary""},{""module"":""quality-module-3"",""quality"":""legendary""},{""module"":""quality-module-3"",""quality"":""legendary""}]",0,[]
16,fusion-reactor-equipment,legendary,assembling-machine-3,legendary,"[{""module"":""speed-module-3"",""quality"":""legendary""},{""module"":""speed-module-3"",""quality"":""legendary""},{""module"":""speed-module-3"",""quality"":""legendary""},{""module"":""speed-module-3"",""quality"":""legendary""}]",12,"[{""module"":""speed-module-3"",""quality"":""legendary""},{""module"":""speed-module-3"",""quality"":""legendary""},{""module"":""speed-module-3"",""quality"":""legendary""},{""module"":""speed-module-3"",""quality"":""legendary""},{""module"":""speed-module-3"",""quality"":""legendary""},{""module"":""speed-module-3"",""quality"":""legendary""},{""module"":""speed-module-3"",""quality"":""legendary""},{""module"":""speed-module-3"",""quality"":""legendary""},{""module"":""speed-module-3"",""quality"":""legendary""},{""module"":""speed-module-3"",""quality"":""legendary""},{""module"":""speed-module-3"",""quality"":""legendary""},{""module"":""speed-module-3"",""quality"":""legendary""},{""module"":""speed-module-3"",""quality"":""legendary""},{""module"":""speed-module-3"",""quality"":""legendary""},{""module"":""speed-module-3"",""quality"":""legendary""},{""module"":""speed-module-3"",""quality"":""legendary""},{""module"":""speed-module-3"",""quality"":""legendary""},{""module"":""speed-module-3"",""quality"":""legendary""},{""module"":""speed-module-3"",""quality"":""legendary""},{""module"":""speed-module-3"",""quality"":""legendary""},{""module"":""speed-module-3"",""quality"":""legendary""},{""module"":""speed-module-3"",""quality"":""legendary""},{""module"":""speed-module-3"",""quality"":""legendary""},{""module"":""speed-module-3"",""quality"":""legendary""}]"
16,fusion-reactor-equipment-recycling,legendary,recycler,legendary,"[{""module"":""speed-module-3"",""quality"":""legendary""},{""module"":""speed-module-3"",""quality"":""legendary""},{""module"":""speed-module-3"",""quality"":""legendary""},{""module"":""speed-module-3"",""quality"":""legendary""}]",12,"[{""module"":""speed-module-3"",""quality"":""legendary""},{""module"":""speed-module-3"",""quality"":""legendary""},{""module"":""speed-module-3"",""quality"":""legendary""},{""module"":""speed-module-3"",""quality"":""legendary""},{""module"":""speed-module-3"",""quality"":""legendary""},{""module"":""speed-module-3"",""quality"":""legendary""},{""module"":""speed-module-3"",""quality"":""legendary""},{""module"":""speed-module-3"",""quality"":""legendary""},{""module"":""speed-module-3"",""quality"":""legendary""},{""module"":""speed-module-3"",""quality"":""legendary""},{""module"":""speed-module-3"",""quality"":""legendary""},{""module"":""speed-module-3"",""quality"":""legendary""},{""module"":""speed-module-3"",""quality"":""legendary""},{""module"":""speed-module-3"",""quality"":""legendary""},{""module"":""speed-module-3"",""quality"":""legendary""},{""module"":""speed-module-3"",""quality"":""legendary""},{""module"":""speed-module-3"",""quality"":""legendary""},{""module"":""speed-module-3"",""quality"":""legendary""},{""module"":""speed-module-3"",""quality"":""legendary""},{""module"":""speed-module-3"",""quality"":""legendary""},{""module"":""speed-module-3"",""quality"":""legendary""},{""module"":""speed-module-3"",""quality"":""legendary""},{""module"":""speed-module-3"",""quality"":""legendary""},{""module"":""speed-module-3"",""quality"":""legendary""}]"
17,fusion-reactor-equipment,normal,assembling-machine-3,legendary,"[{""module"":""speed-module-3"",""quality"":""legendary""},{""module"":""speed-module-3"",""quality"":""legendary""},{""module"":""speed-module-3"",""quality"":""legendary""},{""module"":""speed-module-3"",""quality"":""legendary""}]",12,"[{""module"":""speed-module-3"",""quality"":""legendary""},{""module"":""speed-module-3"",""quality"":""legendary""},{""module"":""speed-module-3"",""quality"":""legendary""},{""module"":""speed-module-3"",""quality"":""legendary""},{""module"":""speed-module-3"",""quality"":""legendary""},{""module"":""speed-module-3"",""quality"":""legendary""},{""module"":""speed-module-3"",""quality"":""legendary""},{""module"":""speed-module-3"",""quality"":""legendary""},{""module"":""speed-module-3"",""quality"":""legendary""},{""module"":""speed-module-3"",""quality"":""legendary""},{""module"":""speed-module-3"",""quality"":""legendary""},{""module"":""speed-module-3"",""quality"":""legendary""},{""module"":""speed-module-3"",""quality"":""legendary""},{""module"":""speed-module-3"",""quality"":""legendary""},{""module"":""speed-module-3"",""quality"":""legendary""},{""module"":""speed-module-3"",""quality"":""legendary""},{""module"":""speed-module-3"",""quality"":""legendary""},{""module"":""speed-module-3"",""quality"":""legendary""},{""module"":""speed-module-3"",""quality"":""legendary""},{""module"":""speed-module-3"",""quality"":""legendary""},{""module"":""speed-module-3"",""quality"":""legendary""},{""module"":""speed-module-3"",""quality"":""legendary""},{""module"":""speed-module-3"",""quality"":""legendary""},{""module"":""speed-module-3"",""quality"":""legendary""}]"
17,fusion-reactor-equipment-recycling,normal,recycler,legendary,"[{""module"":""quality-module-3"",""quality"":""legendary""},{""module"":""quality-module-3"",""quality"":""legendary""},{""module"":""quality-module-3"",""quality"":""legendary""},{""module"":""quality-module-3"",""quality"":""legendary""}]",10,"[{""module"":""speed-module-2"",""quality"":""legendary""}]"
17,fusion-reactor-equipment,uncommon,assembling-machine-3,legendary,"[{""module"":""quality-module-3"",""quality"":""legendary""},{""module"":""quality-module-3"",""quality"":""legendary""},{""module"":""quality-module-3"",""quality"":""legendary""},{""module"":""quality-module-3"",""quality"":""legendary""}]",1,"[{""module"":""speed-module"",""quality"":""legendary""}]"
17,fusion-reactor-equipment-recycling,uncommon,recycler,legendary,"[{""module"":""quality-module-3"",""quality"":""legendary""},{""module"":""quality-module-3"",""quality"":""legendary""},{""module"":""quality-module-3"",""quality"":""legendary""},{""module"":""quality-module-3"",""quality"":""legendary""}]",0,[]
17,fusion-reactor-equipment,rare,assembling-machine-3,legendary,"[{""module"":""quality-module-3"",""quality"":""legendary""},{""module"":""quality-module-3"",""quality"":""legendary""},{""module"":""quality-module-3"",""quality"":""legendary""},{""module"":""quality-module-3"",""quality"":""legendary""}]",0,[]
17,fusion-reactor-equipment-recycling,rare,recycler,legendary,"[{""module"":""quality-module-3"",""quality"":""legendary""},{""module"":""quality-module-3"",""quality"":""legendary""},{""module"":""quality-module-3"",""quality"":""legendary""},{""module"":""quality-module-3"",""quality"":""legendary""}]",0,[]
17,fusion-reactor-equipment,epic,assembling-machine-3,legendary,"[{""module"":""quality-module-3"",""quality"":""legendary""},{""module"":""quality-module-3"",""quality"":""legendary""},{""module"":""quality-module-3"",""quality"":""legendary""},{""module"":""quality-module-3"",""quality"":""legendary""}]",0,[]
17,fusion-reactor-equipment-recycling,epic,recycler,legendary,"[{""module"":""quality-module-3"",""quality"":""legendary""},{""module"":""quality-module-3"",""quality"":""legendary""},{""module"":""quality-module-3"",""quality"":""legendary""},{""module"":""quality-module-3"",""quality"":""legendary""}]",0,[]
17,fusion-reactor-equipment,legendary,assembling-machine-3,legendary,"[{""module"":""speed-module-3"",""quality"":""legendary""},{""module"":""speed-module-3"",""quality"":""legendary""},{""module"":""speed-module-3"",""quality"":""legendary""},{""module"":""speed-module-3"",""quality"":""legendary""}]",12,"[{""module"":""speed-module-3"",""quality"":""legendary""},{""module"":""speed-module-3"",""quality"":""legendary""},{""module"":""speed-module-3"",""quality"":""legendary""},{""module"":""speed-module-3"",""quality"":""legendary""},{""module"":""speed-module-3"",""quality"":""legendary""},{""module"":""speed-module-3"",""quality"":""legendary""},{""module"":""speed-module-3"",""quality"":""legendary""},{""module"":""speed-module-3"",""quality"":""legendary""},{""module"":""speed-module-3"",""quality"":""legendary""},{""module"":""speed-module-3"",""quality"":""legendary""},{""module"":""speed-module-3"",""quality"":""legendary""},{""module"":""speed-module-3"",""quality"":""legendary""},{""module"":""speed-module-3"",""quality"":""legendary""},{""module"":""speed-module-3"",""quality"":""legendary""},{""module"":""speed-module-3"",""quality"":""legendary""},{""module"":""speed-module-3"",""quality"":""legendary""},{""module"":""speed-module-3"",""quality"":""legendary""},{""module"":""speed-module-3"",""quality"":""legendary""},{""module"":""speed-module-3"",""quality"":""legendary""},{""module"":""speed-module-3"",""quality"":""legendary""},{""module"":""speed-module-3"",""quality"":""legendary""},{""module"":""speed-module-3"",""quality"":""legendary""},{""module"":""speed-module-3"",""quality"":""legendary""},{""module"":""speed-module-3"",""quality"":""legendary""}]"
17,fusion-reactor-equipment-recycling,legendary,recycler,legendary,"[{""module"":""speed-module-3"",""quality"":""legendary""},{""module"":""speed-module-3"",""quality"":""legendary""},{""module"":""speed-module-3"",""quality"":""legendary""},{""module"":""speed-module-3"",""quality"":""legendary""}]",12,"[{""module"":""speed-module-3"",""quality"":""legendary""},{""module"":""speed-module-3"",""quality"":""legendary""},{""module"":""speed-module-3"",""quality"":""legendary""},{""module"":""speed-module-3"",""quality"":""legendary""},{""module"":""speed-module-3"",""quality"":""legendary""},{""module"":""speed-module-3"",""quality"":""legendary""},{""module"":""speed-module-3"",""quality"":""legendary""},{""module"":""speed-module-3"",""quality"":""legendary""},{""module"":""speed-module-3"",""quality"":""legendary""},{""module"":""speed-module-3"",""quality"":""legendary""},{""module"":""speed-module-3"",""quality"":""legendary""},{""module"":""speed-module-3"",""quality"":""legendary""},{""module"":""speed-module-3"",""quality"":""legendary""},{""module"":""speed-module-3"",""quality"":""legendary""},{""module"":""speed-module-3"",""quality"":""legendary""},{""module"":""speed-module-3"",""quality"":""legendary""},{""module"":""speed-module-3"",""quality"":""legendary""},{""module"":""speed-module-3"",""quality"":""legendary""},{""module"":""speed-module-3"",""quality"":""legendary""},{""module"":""speed-module-3"",""quality"":""legendary""},{""module"":""speed-module-3"",""quality"":""legendary""},{""module"":""speed-module-3"",""quality"":""legendary""},{""module"":""speed-module-3"",""quality"":""legendary""},{""module"":""speed-module-3"",""quality"":""legendary""}]"
18,railgun,normal,cryogenic-plant,legendary,"[{""module"":""quality-module-3"",""quality"":""legendary""},{""module"":""quality-module-3"",""quality"":""legendary""},{""module"":""quality-module-3"",""quality"":""legendary""},{""module"":""quality-module-3"",""quality"":""legendary""},{""module"":""quality-module-3"",""quality"":""legendary""},{""module"":""quality-module-3"",""quality"":""legendary""},{""module"":""quality-module-3"",""quality"":""legendary""},{""module"":""quality-module-3"",""quality"":""legendary""}]",0,[]
18,railgun-recycling,normal,recycler,legendary,"[{""module"":""quality-module-3"",""quality"":""legendary""},{""module"":""quality-module-3"",""quality"":""legendary""},{""module"":""quality-module-3"",""quality"":""legendary""},{""module"":""quality-module-3"",""quality"":""legendary""}]",0,[]
18,railgun,uncommon,cryogenic-plant,legendary,"[{""module"":""quality-module-3"",""quality"":""legendary""},{""module"":""quality-module-3"",""quality"":""legendary""},{""module"":""quality-module-3"",""quality"":""legendary""},{""module"":""quality-module-3"",""quality"":""legendary""},{""module"":""quality-module-3"",""quality"":""legendary""},{""module"":""quality-module-3"",""quality"":""legendary""},{""module"":""quality-module-3"",""quality"":""legendary""},{""module"":""quality-module-3"",""quality"":""legendary""}]",0,[]
18,railgun-recycling,uncommon,recycler,legendary,"[{""module"":""quality-module-3"",""quality"":""legendary""},{""module"":""quality-module-3"",""quality"":""legendary""},{""module"":""quality-module-3"",""quality"":""legendary""},{""module"":""quality-module-3"",""quality"":""legendary""}]",0,[]
18,railgun,rare,cryogenic-plant,legendary,"[{""module"":""quality-module-3"",""quality"":""legendary""},{""module"":""quality-module-3"",""quality"":""legendary""},{""module"":""quality-module-3"",""quality"":""legendary""},{""module"":""quality-module-3"",""quality"":""legendary""},{""module"":""quality-module-3"",""quality"":""legendary""},{""module"":""quality-module-3"",""quality"":""legendary""},{""module"":""quality-module-3"",""quality"":""legendary""},{""module"":""quality-module-3"",""quality"":""legendary""}]",0,[]
18,railgun-recycling,rare,recycler,legendary,"[{""module"":""quality-module-3"",""quality"":""legendary""},{""module"":""quality-module-3"",""quality"":""legendary""},{""module"":""quality-module-3"",""quality"":""legendary""},{""module"":""quality-module-3"",""quality"":""legendary""}]",0,[]
18,railgun,epic,cryogenic-plant,legendary,"[{""module"":""quality-module-3"",""quality"":""legendary""},{""module"":""quality-module-3"",""quality"":""legendary""},{""module"":""quality-module-3"",""quality"":""legendary""},{""module"":""quality-module-3"",""quality"":""legendary""},{""module"":""quality-module-3"",""quality"":""legendary""},{""module"":""quality-module-3"",""quality"":""legendary""},{""module"":""quality-module-3"",""quality"":""legendary""},{""module"":""quality-module-3"",""quality"":""legendary""}]",0,[]
18,railgun-recycling,epic,recycler,legendary,"[{""module"":""quality-module-3"",""quality"":""legendary""},{""module"":""quality-module-3"",""quality"":""legendary""},{""module"":""quality-module-3"",""quality"":""legendary""},{""module"":""quality-module-3"",""quality"":""legendary""}]",0,[]
18,railgun,legendary,cryogenic-plant,legendary,"[{""module"":""speed-module-3"",""quality"":""legendary""},{""module"":""speed-module-3"",""quality"":""legendary""},{""module"":""speed-module-3"",""quality"":""legendary""},{""module"":""speed-module-3"",""quality"":""legendary""},{""module"":""speed-module-3"",""quality"":""legendary""},{""module"":""speed-module-3"",""quality"":""legendary""},{""module"":""speed-module-3"",""quality"":""legendary""},{""module"":""speed-module-3"",""quality"":""legendary""}]",16,"[{""module"":""speed-module-3"",""quality"":""legendary""},{""module"":""speed-module-3"",""quality"":""legendary""},{""module"":""speed-module-3"",""quality"":""legendary""},{""module"":""speed-module-3"",""quality"":""legendary""},{""module"":""speed-module-3"",""quality"":""legendary""},{""module"":""speed-module-3"",""quality"":""legendary""},{""module"":""speed-module-3"",""quality"":""legendary""},{""module"":""speed-module-3"",""quality"":""legendary""},{""module"":""speed-module-3"",""quality"":""legendary""},{""module"":""speed-module-3"",""quality"":""legendary""},{""module"":""speed-module-3"",""quality"":""legendary""},{""module"":""speed-module-3"",""quality"":""legendary""},{""module"":""speed-module-3"",""quality"":""legendary""},{""module"":""speed-module-3"",""quality"":""legendary""},{""module"":""speed-module-3"",""quality"":""legendary""},{""module"":""speed-module-3"",""quality"":""legendary""},{""module"":""speed-module-3"",""quality"":""legendary""},{""module"":""speed-module-3"",""quality"":""legendary""},{""module"":""speed-module-3"",""quality"":""legendary""},{""module"":""speed-module-3"",""quality"":""legendary""},{""module"":""speed-module-3"",""quality"":""legendary""},{""module"":""speed-module-3"",""quality"":""legendary""},{""module"":""speed-module-3"",""quality"":""legendary""},{""module"":""speed-module-3"",""quality"":""legendary""},{""module"":""speed-module-3"",""quality"":""legendary""},{""module"":""speed-module-3"",""quality"":""legendary""},{""module"":""speed-module-3"",""quality"":""legendary""},{""module"":""speed-module-3"",""quality"":""legendary""},{""module"":""speed-module-3"",""quality"":""legendary""},{""module"":""speed-module-3"",""quality"":""legendary""},{""module"":""speed-module-3"",""quality"":""legendary""},{""module"":""speed-module-3"",""quality"":""legendary""}]"
18,railgun-recycling,legendary,recycler,legendary,"[{""module"":""speed-module-3"",""quality"":""legendary""},{""module"":""speed-module-3"",""quality"":""legendary""},{""module"":""speed-module-3"",""quality"":""legendary""},{""module"":""speed-module-3"",""quality"":""legendary""}]",12,"[{""module"":""speed-module-3"",""quality"":""legendary""},{""module"":""speed-module-3"",""quality"":""legendary""},{""module"":""speed-module-3"",""quality"":""legendary""},{""module"":""speed-module-3"",""quality"":""legendary""},{""module"":""speed-module-3"",""quality"":""legendary""},{""module"":""speed-module-3"",""quality"":""legendary""},{""module"":""speed-module-3"",""quality"":""legendary""},{""module"":""speed-module-3"",""quality"":""legendary""},{""module"":""speed-module-3"",""quality"":""legendary""},{""module"":""speed-module-3"",""quality"":""legendary""},{""module"":""speed-module-3"",""quality"":""legendary""},{""module"":""speed-module-3"",""quality"":""legendary""},{""module"":""speed-module-3"",""quality"":""legendary""},{""module"":""speed-module-3"",""quality"":""legendary""},{""module"":""speed-module-3"",""quality"":""legendary""},{""module"":""speed-module-3"",""quality"":""legendary""},{""module"":""speed-module-3"",""quality"":""legendary""},{""module"":""speed-module-3"",""quality"":""legendary""},{""module"":""speed-module-3"",""quality"":""legendary""},{""module"":""speed-module-3"",""quality"":""legendary""},{""module"":""speed-module-3"",""quality"":""legendary""},{""module"":""speed-module-3"",""quality"":""legendary""},{""module"":""speed-module-3"",""quality"":""legendary""},{""module"":""speed-module-3"",""quality"":""legendary""}]"
19,railgun,normal,cryogenic-plant,legendary,"[{""module"":""quality-module-3"",""quality"":""legendary""},{""module"":""quality-module-3"",""quality"":""legendary""},{""module"":""quality-module-3"",""quality"":""legendary""},{""module"":""quality-module-3"",""quality"":""legendary""},{""module"":""quality-module-3"",""quality"":""legendary""},{""module"":""quality-module-3"",""quality"":""legendary""},{""module"":""quality-module-3"",""quality"":""legendary""},{""module"":""quality-module-3"",""quality"":""legendary""}]",5,"[{""module"":""speed-module"",""quality"":""legendary""},{""module"":""speed-module"",""quality"":""legendary""},{""module"":""speed-module"",""quality"":""legendary""},{""module"":""speed-module"",""quality"":""legendary""},{""module"":""speed-module-2"",""quality"":""legendary""}]"
19,railgun-recycling,normal,recycler,legendary,"[{""module"":""quality-module-3"",""quality"":""legendary""},{""module"":""quality-module-3"",""quality"":""legendary""},{""module"":""quality-module-3"",""quality"":""legendary""},{""module"":""quality-module-3"",""quality"":""legendary""}]",1,"[{""module"":""speed-module"",""quality"":""legendary""},{""module"":""speed-module"",""quality"":""legendary""}]"
19,railgun,uncommon,cryogenic-plant,legendary,"[{""module"":""quality-module-3"",""quality"":""legendary""},{""module"":""quality-module-3"",""quality"":""legendary""},{""module"":""quality-module-3"",""quality"":""legendary""},{""module"":""quality-module-3"",""quality"":""legendary""},{""module"":""quality-module-3"",""quality"":""legendary""},{""module"":""quality-module-3"",""quality"":""legendary""},{""module"":""quality-module-3"",""quality"":""legendary""},{""module"":""quality-module-3"",""quality"":""legendary""}]",0,[]
19,railgun-recycling,uncommon,recycler,legendary,"[{""module"":""quality-module-3"",""quality"":""legendary""},{""module"":""quality-module-3"",""quality"":""legendary""},{""module"":""quality-module-3"",""quality"":""legendary""},{""module"":""quality-module-3"",""quality"":""legendary""}]",0,[]
19,railgun,rare,cryogenic-plant,legendary,"[{""module"":""quality-module-3"",""quality"":""legendary""},{""module"":""quality-module-3"",""quality"":""legendary""},{""module"":""quality-module-3"",""quality"":""legendary""},{""module"":""quality-module-3"",""quality"":""legendary""},{""module"":""quality-module-3"",""quality"":""legendary""},{""module"":""quality-module-3"",""quality"":""legendary""},{""module"":""quality-module-3"",""quality"":""legendary""},{""module"":""quality-module-3"",""quality"":""legendary""}]",0,[]
19,railgun-recycling,rare,recycler,legendary,"[{""module"":""quality-module-3"",""quality"":""legendary""},{""module"":""quality-module-3"",""quality"":""legendary""},{""module"":""quality-module-3"",""quality"":""legendary""},{""module"":""quality-module-3"",""quality"":""legendary""}]",0,[]
19,railgun,epic,cryogenic-plant,legendary,"[{""module"":""quality-module-3"",""quality"":""legendary""},{""module"":""quality-module-3"",""quality"":""legendary""},{""module"":""quality-module-3"",""quality"":""legendary""},{""module"":""quality-module-3"",""quality"":""legendary""},{""module"":""quality-module-3"",""quality"":""legendary""},{""module"":""quality-module-3"",""quality"":""legendary""},{""module"":""quality-module-3"",""quality"":""legendary""},{""module"":""quality-module-3"",""quality"":""legendary""}]",0,[]
19,railgun-recycling,epic,recycler,legendary,"[{""module"":""quality-module-3"",""quality"":""legendary""},{""module"":""quality-module-3"",""quality"":""legendary""},{""module"":""quality-module-3"",""quality"":""legendary""},{""module"":""quality-module-3"",""quality"":""legendary""}]",0,[]
19,railgun,legendary,cryogenic-plant,legendary,"[{""module"":""speed-module-3"",""quality"":""legendary""},{""module"":""speed-module-3"",""quality"":""legendary""},{""module"":""speed-module-3"",""quality"":""legendary""},{""module"":""speed-module-3"",""quality"":""legendary""},{""module"":""speed-module-3"",""quality"":""legendary""},{""module"":""speed-module-3"",""quality"":""legendary""},{""module"":""speed-module-3"",""quality"":""legendary""},{""module"":""speed-module-3"",""quality"":""legendary""}]",16,"[{""module"":""speed-module-3"",""quality"":""legendary""},{""module"":""speed-module-3"",""quality"":""legendary""},{""module"":""speed-module-3"",""quality"":""legendary""},{""module"":""speed-module-3"",""quality"":""legendary""},{""module"":""speed-module-3"",""quality"":""legendary""},{""module"":""speed-module-3"",""quality"":""legendary""},{""module"":""speed-module-3"",""quality"":""legendary""},{""module"":""speed-module-3"",""quality"":""legendary""},{""module"":""speed-module-3"",""quality"":""legendary""},{""module"":""speed-module-3"",""quality"":""legendary""},{""module"":""speed-module-3"",""quality"":""legendary""},{""module"":""speed-module-3"",""quality"":""legendary""},{""module"":""speed-module-3"",""quality"":""legendary""},{""module"":""speed-module-3"",""quality"":""legendary""},{""module"":""speed-module-3"",""quality"":""legendary""},{""module"":""speed-module-3"",""quality"":""legendary""},{""module"":""speed-module-3"",""quality"":""legendary""},{""module"":""speed-module-3"",""quality"":""legendary""},{""module"":""speed-module-3"",""quality"":""legendary""},{""module"":""speed-module-3"",""quality"":""legendary""},{""module"":""speed-module-3"",""quality"":""legendary""},{""module"":""speed-module-3"",""quality"":""legendary""},{""module"":""speed-module-3"",""quality"":""legendary""},{""module"":""speed-module-3"",""quality"":""legendary""},{""module"":""speed-module-3"",""quality"":""legendary""},{""module"":""speed-module-3"",""quality"":""legendary""},{""module"":""speed-module-3"",""quality"":""legendary""},{""module"":""speed-module-3"",""quality"":""legendary""},{""module"":""speed-module-3"",""quality"":""legendary""},{""module"":""speed-module-3"",""quality"":""legendary""},{""module"":""speed-module-3"",""quality"":""legendary""},{""module"":""speed-module-3"",""quality"":""legendary""}]"
19,railgun-recycling,legendary,recycler,legendary,"[{""module"":""speed-module-3"",""quality"":""legendary""},{""module"":""speed-module-3"",""quality"":""legendary""},{""module"":""speed-module-3"",""quality"":""legendary""},{""module"":""speed-module-3"",""quality"":""legendary""}]",12,"[{""module"":""speed-module-3"",""quality"":""legendary""},{""module"":""speed-module-3"",""quality"":""legendary""},{""module"":""speed-module-3"",""quality"":""legendary""},{""module"":""speed-module-3"",""quality"":""legendary""},{""module"":""speed-module-3"",""quality"":""legendary""},{""module"":""speed-module-3"",""quality"":""legendary""},{""module"":""speed-module-3"",""quality"":""legendary""},{""module"":""speed-module-3"",""quality"":""legendary""},{""module"":""speed-module-3"",""quality"":""legendary""},{""module"":""speed-module-3"",""quality"":""legendary""},{""module"":""speed-module-3"",""quality"":""legendary""},{""module"":""speed-module-3"",""quality"":""legendary""},{""module"":""speed-module-3"",""quality"":""legendary""},{""module"":""speed-module-3"",""quality"":""legendary""},{""module"":""speed-module-3"",""quality"":""legendary""},{""module"":""speed-module-3"",""quality"":""legendary""},{""module"":""speed-module-3"",""quality"":""legendary""},{""module"":""speed-module-3"",""quality"":""legendary""},{""module"":""speed-module-3"",""quality"":""legendary""},{""module"":""speed-module-3"",""quality"":""legendary""},{""module"":""speed-module-3"",""quality"":""legendary""},{""module"":""speed-module-3"",""quality"":""legendary""},{""module"":""speed-module-3"",""quality"":""legendary""},{""module"":""speed-module-3"",""quality"":""legendary""}]"
20,railgun-turret,normal,cryogenic-plant,legendary,"[{""module"":""quality-module-3"",""quality"":""legendary""},{""module"":""quality-module-3"",""quality"":""legendary""},{""module"":""quality-module-3"",""quality"":""legendary""},{""module"":""quality-module-3"",""quality"":""legendary""},{""module"":""quality-module-3"",""quality"":""legendary""},{""module"":""quality-module-3"",""quality"":""legendary""},{""module"":""quality-module-3"",""quality"":""legendary""},{""module"":""quality-module-3"",""quality"":""legendary""}]",0,[]
20,railgun-turret-recycling,normal,recycler,legendary,"[{""module"":""quality-module-3"",""quality"":""legendary""},{""module"":""quality-module-3"",""quality"":""legendary""},{""module"":""quality-module-3"",""quality"":""legendary""},{""module"":""quality-module-3"",""quality"":""legendary""}]",0,[]
20,railgun-turret,uncommon,cryogenic-plant,legendary,"[{""module"":""quality-module-3"",""quality"":""legendary""},{""module"":""quality-module-3"",""quality"":""legendary""},{""module"":""quality-module-3"",""quality"":""legendary""},{""module"":""quality-module-3"",""quality"":""legendary""},{""module"":""quality-module-3"",""quality"":""legendary""},{""module"":""quality-module-3"",""quality"":""legendary""},{""module"":""quality-module-3"",""quality"":""legendary""},{""module"":""quality-module-3"",""quality"":""legendary""}]",0,[]
20,railgun-turret-recycling,uncommon,recycler,legendary,"[{""module"":""quality-module-3"",""quality"":""legendary""},{""module"":""quality-module-3"",""quality"":""legendary""},{""module"":""quality-module-3"",""quality"":""legendary""},{""module"":""quality-module-3"",""quality"":""legendary""}]",0,[]
20,railgun-turret,rare,cryogenic-plant,legendary,"[{""module"":""quality-module-3"",""quality"":""legendary""},{""module"":""quality-module-3"",""quality"":""legendary""},{""module"":""quality-module-3"",""quality"":""legendary""},{""module"":""quality-module-3"",""quality"":""legendary""},{""module"":""quality-module-3"",""quality"":""legendary""},{""module"":""quality-module-3"",""quality"":""legendary""},{""module"":""quality-module-3"",""quality"":""legendary""},{""module"":""quality-module-3"",""quality"":""legendary""}]",0,[]
20,railgun-turret-recycling,rare,recycler,legendary,"[{""module"":""quality-module-3"",""quality"":""legendary""},{""module"":""quality-module-3"",""quality"":""legendary""},{""module"":""quality-module-3"",""quality"":""legendary""},{""module"":""quality-module-3"",""quality"":""legendary""}]",0,[]
20,railgun-turret,epic,cryogenic-plant,legendary,"[{""module"":""quality-module-3"",""quality"":""legendary""},{""module"":""quality-module-3"",""quality"":""legendary""},{""module"":""quality-module-3"",""quality"":""legendary""},{""module"":""quality-module-3"",""quality"":""legendary""},{""module"":""quality-module-3"",""quality"":""legendary""},{""module"":""quality-module-3"",""quality"":""legendary""},{""module"":""quality-module-3"",""quality"":""legendary""},{""module"":""quality-module-3"",""quality"":""legendary""}]",0,[]
20,railgun-turret-recycling,epic,recycler,legendary,"[{""module"":""quality-module-3"",""quality"":""legendary""},{""module"":""quality-module-3"",""quality"":""legendary""},{""module"":""quality-module-3"",""quality"":""legendary""},{""module"":""quality-module-3"",""quality"":""legendary""}]",0,[]
20,railgun-turret,legendary,cryogenic-plant,legendary,"[{""module"":""speed-module-3"",""quality"":""legendary""},{""module"":""speed-module-3"",""quality"":""legendary""},{""module"":""speed-module-3"",""quality"":""legendary""},{""module"":""speed-module-3"",""quality"":""legendary""},{""module"":""speed-module-3"",""quality"":""legendary""},{""module"":""speed-module-3"",""quality"":""legendary""},{""module"":""speed-module-3"",""quality"":""legendary""},{""module"":""speed-module-3"",""quality"":""legendary""}]",16,"[{""module"":""speed-module-3"",""quality"":""legendary""},{""module"":""speed-module-3"",""quality"":""legendary""},{""module"":""speed-module-3"",""quality"":""legendary""},{""module"":""speed-module-3"",""quality"":""legendary""},{""module"":""speed-module-3"",""quality"":""legendary""},{""module"":""speed-module-3"",""quality"":""legendary""},{""module"":""speed-module-3"",""quality"":""legendary""},{""module"":""speed-module-3"",""quality"":""legendary""},{""module"":""speed-module-3"",""quality"":""legendary""},{""module"":""speed-module-3"",""quality"":""legendary""},{""module"":""speed-module-3"",""quality"":""legendary""},{""module"":""speed-module-3"",""quality"":""legendary""},{""module"":""speed-module-3"",""quality"":""legendary""},{""module"":""speed-module-3"",""quality"":""legendary""},{""module"":""speed-module-3"",""quality"":""legendary""},{""module"":""speed-module-3"",""quality"":""legendary""},{""module"":""speed-module-3"",""quality"":""legendary""},{""module"":""speed-module-3"",""quality"":""legendary""},{""module"":""speed-module-3"",""quality"":""legendary""},{""module"":""speed-module-3"",""quality"":""legendary""},{""module"":""speed-module-3"",""quality"":""legendary""},{""module"":""speed-module-3"",""quality"":""legendary""},{""module"":""speed-module-3"",""quality"":""legendary""},{""module"":""speed-module-3"",""quality"":""legendary""},{""module"":""speed-module-3"",""quality"":""legendary""},{""module"":""speed-module-3"",""quality"":""legendary""},{""module"":""speed-module-3"",""quality"":""legendary""},{""module"":""speed-module-3"",""quality"":""legendary""},{""module"":""speed-module-3"",""quality"":""legendary""},{""module"":""speed-module-3"",""quality"":""legendary""},{""module"":""speed-module-3"",""quality"":""legendary""},{""module"":""speed-module-3"",""quality"":""legendary""}]"
20,railgun-turret-recycling,legendary,recycler,legendary,"[{""module"":""speed-module-3"",""quality"":""legendary""},{""module"":""speed-module-3"",""quality"":""legendary""},{""module"":""speed-module-3"",""quality"":""legendary""},{""module"":""speed-module-3"",""quality"":""legendary""}]",12,"[{""module"":""speed-module-3"",""quality"":""legendary""},{""module"":""speed-module-3"",""quality"":""legendary""},{""module"":""speed-module-3"",""quality"":""legendary""},{""module"":""speed-module-3"",""quality"":""legendary""},{""module"":""speed-module-3"",""quality"":""legendary""},{""module"":""speed-module-3"",""quality"":""legendary""},{""module"":""speed-module-3"",""quality"":""legendary""},{""module"":""speed-module-3"",""quality"":""legendary""},{""module"":""speed-module-3"",""quality"":""legendary""},{""module"":""speed-module-3"",""quality"":""legendary""},{""module"":""speed-module-3"",""quality"":""legendary""},{""module"":""speed-module-3"",""quality"":""legendary""},{""module"":""speed-module-3"",""quality"":""legendary""},{""module"":""speed-module-3"",""quality"":""legendary""},{""module"":""speed-module-3"",""quality"":""legendary""},{""module"":""speed-module-3"",""quality"":""legendary""},{""module"":""speed-module-3"",""quality"":""legendary""},{""module"":""speed-module-3"",""quality"":""legendary""},{""module"":""speed-module-3"",""quality"":""legendary""},{""module"":""speed-module-3"",""quality"":""legendary""},{""module"":""speed-module-3"",""quality"":""legendary""},{""module"":""speed-module-3"",""quality"":""legendary""},{""module"":""speed-module-3"",""quality"":""legendary""},{""module"":""speed-module-3"",""quality"":""legendary""}]"
21,railgun-turret,normal,cryogenic-plant,legendary,"[{""module"":""quality-module-3"",""quality"":""legendary""},{""module"":""quality-module-3"",""quality"":""legendary""},{""module"":""quality-module-3"",""quality"":""legendary""},{""module"":""quality-module-3"",""quality"":""legendary""},{""module"":""quality-module-3"",""quality"":""legendary""},{""module"":""quality-module-3"",""quality"":""legendary""},{""module"":""quality-module-3"",""quality"":""legendary""},{""module"":""quality-module-3"",""quality"":""legendary""}]",5,"[{""module"":""speed-module"",""quality"":""legendary""},{""module"":""speed-module"",""quality"":""legendary""},{""module"":""speed-module"",""quality"":""legendary""},{""module"":""speed-module"",""quality"":""legendary""},{""module"":""speed-module-2"",""quality"":""legendary""}]"
21,railgun-turret-recycling,normal,recycler,legendary,"[{""module"":""quality-module-3"",""quality"":""legendary""},{""module"":""quality-module-3"",""quality"":""legendary""},{""module"":""quality-module-3"",""quality"":""legendary""},{""module"":""quality-module-3"",""quality"":""legendary""}]",1,"[{""module"":""speed-module"",""quality"":""legendary""},{""module"":""speed-module"",""quality"":""legendary""}]"
21,railgun-turret,uncommon,cryogenic-plant,legendary,"[{""module"":""quality-module-3"",""quality"":""legendary""},{""module"":""quality-module-3"",""quality"":""legendary""},{""module"":""quality-module-3"",""quality"":""legendary""},{""module"":""quality-module-3"",""quality"":""legendary""},{""module"":""quality-module-3"",""quality"":""legendary""},{""module"":""quality-module-3"",""quality"":""legendary""},{""module"":""quality-module-3"",""quality"":""legendary""},{""module"":""quality-module-3"",""quality"":""legendary""}]",0,[]
21,railgun-turret-recycling,uncommon,recycler,legendary,"[{""module"":""quality-module-3"",""quality"":""legendary""},{""module"":""quality-module-3"",""quality"":""legendary""},{""module"":""quality-module-3"",""quality"":""legendary""},{""module"":""quality-module-3"",""quality"":""legendary""}]",0,[]
21,railgun-turret,rare,cryogenic-plant,legendary,"[{""module"":""quality-module-3"",""quality"":""legendary""},{""module"":""quality-module-3"",""quality"":""legendary""},{""module"":""quality-module-3"",""quality"":""legendary""},{""module"":""quality-module-3"",""quality"":""legendary""},{""module"":""quality-module-3"",""quality"":""legendary""},{""module"":""quality-module-3"",""quality"":""legendary""},{""module"":""quality-module-3"",""quality"":""legendary""},{""module"":""quality-module-3"",""quality"":""legendary""}]",0,[]
21,railgun-turret-recycling,rare,recycler,legendary,"[{""module"":""quality-module-3"",""quality"":""legendary""},{""module"":""quality-module-3"",""quality"":""legendary""},{""module"":""quality-module-3"",""quality"":""legendary""},{""module"":""quality-module-3"",""quality"":""legendary""}]",0,[]
21,railgun-turret,epic,cryogenic-plant,legendary,"[{""module"":""quality-module-3"",""quality"":""legendary""},{""module"":""quality-module-3"",""quality"":""legendary""},{""module"":""quality-module-3"",""quality"":""legendary""},{""module"":""quality-module-3"",""quality"":""legendary""},{""module"":""quality-module-3"",""quality"":""legendary""},{""module"":""quality-module-3"",""quality"":""legendary""},{""module"":""quality-module-3"",""quality"":""legendary""},{""module"":""quality-module-3"",""quality"":""legendary""}]",0,[]
21,railgun-turret-recycling,epic,recycler,legendary,"[{""module"":""quality-module-3"",""quality"":""legendary""},{""module"":""quality-module-3"",""quality"":""legendary""},{""module"":""quality-module-3"",""quality"":""legendary""},{""module"":""quality-module-3"",""quality"":""legendary""}]",0,[]
21,railgun-turret,legendary,cryogenic-plant,legendary,"[{""module"":""speed-module-3"",""quality"":""legendary""},{""module"":""speed-module-3"",""quality"":""legendary""},{""module"":""speed-module-3"",""quality"":""legendary""},{""module"":""speed-module-3"",""quality"":""legendary""},{""module"":""speed-module-3"",""quality"":""legendary""},{""module"":""speed-module-3"",""quality"":""legendary""},{""module"":""speed-module-3"",""quality"":""legendary""},{""module"":""speed-module-3"",""quality"":""legendary""}]",16,"[{""module"":""speed-module-3"",""quality"":""legendary""},{""module"":""speed-module-3"",""quality"":""legendary""},{""module"":""speed-module-3"",""quality"":""legendary""},{""module"":""speed-module-3"",""quality"":""legendary""},{""module"":""speed-module-3"",""quality"":""legendary""},{""module"":""speed-module-3"",""quality"":""legendary""},{""module"":""speed-module-3"",""quality"":""legendary""},{""module"":""speed-module-3"",""quality"":""legendary""},{""module"":""speed-module-3"",""quality"":""legendary""},{""module"":""speed-module-3"",""quality"":""legendary""},{""module"":""speed-module-3"",""quality"":""legendary""},{""module"":""speed-module-3"",""quality"":""legendary""},{""module"":""speed-module-3"",""quality"":""legendary""},{""module"":""speed-module-3"",""quality"":""legendary""},{""module"":""speed-module-3"",""quality"":""legendary""},{""module"":""speed-module-3"",""quality"":""legendary""},{""module"":""speed-module-3"",""quality"":""legendary""},{""module"":""speed-module-3"",""quality"":""legendary""},{""module"":""speed-module-3"",""quality"":""legendary""},{""module"":""speed-module-3"",""quality"":""legendary""},{""module"":""speed-module-3"",""quality"":""legendary""},{""module"":""speed-module-3"",""quality"":""legendary""},{""module"":""speed-module-3"",""quality"":""legendary""},{""module"":""speed-module-3"",""quality"":""legendary""},{""module"":""speed-module-3"",""quality"":""legendary""},{""module"":""speed-module-3"",""quality"":""legendary""},{""module"":""speed-module-3"",""quality"":""legendary""},{""module"":""speed-module-3"",""quality"":""legendary""},{""module"":""speed-module-3"",""quality"":""legendary""},{""module"":""speed-module-3"",""quality"":""legendary""},{""module"":""speed-module-3"",""quality"":""legendary""},{""module"":""speed-module-3"",""quality"":""legendary""}]"
21,railgun-turret-recycling,legendary,recycler,legendary,"[{""module"":""speed-module-3"",""quality"":""legendary""},{""module"":""speed-module-3"",""quality"":""legendary""},{""module"":""speed-module-3"",""quality"":""legendary""},{""module"":""speed-module-3"",""quality"":""legendary""}]",12,"[{""module"":""speed-module-3"",""quality"":""legendary""},{""module"":""speed-module-3"",""quality"":""legendary""},{""module"":""speed-module-3"",""quality"":""legendary""},{""module"":""speed-module-3"",""quality"":""legendary""},{""module"":""speed-module-3"",""quality"":""legendary""},{""module"":""speed-module-3"",""quality"":""legendary""},{""module"":""speed-module-3"",""quality"":""legendary""},{""module"":""speed-module-3"",""quality"":""legendary""},{""module"":""speed-module-3"",""quality"":""legendary""},{""module"":""speed-module-3"",""quality"":""legendary""},{""module"":""speed-module-3"",""quality"":""legendary""},{""module"":""speed-module-3"",""quality"":""legendary""},{""module"":""speed-module-3"",""quality"":""legendary""},{""module"":""speed-module-3"",""quality"":""legendary""},{""module"":""speed-module-3"",""quality"":""legendary""},{""module"":""speed-module-3"",""quality"":""legendary""},{""module"":""speed-module-3"",""quality"":""legendary""},{""module"":""speed-module-3"",""quality"":""legendary""},{""module"":""speed-module-3"",""quality"":""legendary""},{""module"":""speed-module-3"",""quality"":""legendary""},{""module"":""speed-module-3"",""quality"":""legendary""},{""module"":""speed-module-3"",""quality"":""legendary""},{""module"":""speed-module-3"",""quality"":""legendary""},{""module"":""speed-module-3"",""quality"":""legendary""}]"
22,turbo-splitter,normal,foundry,legendary,"[{""module"":""quality-module-3"",""quality"":""legendary""},{""module"":""quality-module-3"",""quality"":""legendary""},{""module"":""quality-module-3"",""quality"":""legendary""},{""module"":""quality-module-3"",""quality"":""legendary""}]",0,[]
22,turbo-splitter-recycling,normal,recycler,legendary,"[{""module"":""quality-module-3"",""quality"":""legendary""},{""module"":""quality-module-3"",""quality"":""legendary""},{""module"":""quality-module-3"",""quality"":""legendary""},{""module"":""quality-module-3"",""quality"":""legendary""}]",0,[]
22,turbo-splitter,uncommon,foundry,legendary,"[{""module"":""quality-module-3"",""quality"":""legendary""},{""module"":""quality-module-3"",""quality"":""legendary""},{""module"":""quality-module-3"",""quality"":""legendary""},{""module"":""quality-module-3"",""quality"":""legendary""}]",0,[]
22,turbo-splitter-recycling,uncommon,recycler,legendary,"[{""module"":""quality-module-3"",""quality"":""legendary""},{""module"":""quality-module-3"",""quality"":""legendary""},{""module"":""quality-module-3"",""quality"":""legendary""},{""module"":""quality-module-3"",""quality"":""legendary""}]",0,[]
22,turbo-splitter,rare,foundry,legendary,"[{""module"":""quality-module-3"",""quality"":""legendary""},{""module"":""quality-module-3"",""quality"":""legendary""},{""module"":""quality-module-3"",""quality"":""legendary""},{""module"":""quality-module-3"",""quality"":""legendary""}]",0,[]
22,turbo-splitter-recycling,rare,recycler,legendary,"[{""module"":""quality-module-3"",""quality"":""legendary""},{""module"":""quality-module-3"",""quality"":""legendary""},{""module"":""quality-module-3"",""quality"":""legendary""},{""module"":""quality-module-3"",""quality"":""legendary""}]",0,[]
22,turbo-splitter,epic,foundry,legendary,"[{""module"":""quality-module-3"",""quality"":""legendary""},{""module"":""quality-module-3"",""quality"":""legendary""},{""module"":""quality-module-3"",""quality"":""legendary""},{""module"":""quality-module-3"",""quality"":""legendary""}]",0,[]
22,turbo-splitter-recycling,epic,recycler,legendary,"[{""module"":""quality-module-3"",""quality"":""legendary""},{""module"":""quality-module-3"",""quality"":""legendary""},{""module"":""quality-module-3"",""quality"":""legendary""},{""module"":""quality-module-3"",""quality"":""legendary""}]",0,[]
22,turbo-splitter,legendary,foundry,legendary,"[{""module"":""speed-module-3"",""quality"":""legendary""},{""module"":""speed-module-3"",""quality"":""legendary""},{""module"":""speed-module-3"",""quality"":""legendary""},{""module"":""speed-module-3"",""quality"":""legendary""}]",16,"[{""module"":""speed-module-3"",""quality"":""legendary""},{""module"":""speed-module-3"",""quality"":""legendary""},{""module"":""speed-module-3"",""quality"":""legendary""},{""module"":""speed-module-3"",""quality"":""legendary""},{""module"":""speed-module-3"",""quality"":""legendary""},{""module"":""speed-module-3"",""quality"":""legendary""},{""module"":""speed-module-3"",""quality"":""legendary""},{""module"":""speed-module-3"",""quality"":""legendary""},{""module"":""speed-module-3"",""quality"":""legendary""},{""module"":""speed-module-3"",""quality"":""legendary""},{""module"":""speed-module-3"",""quality"":""legendary""},{""module"":""speed-module-3"",""quality"":""legendary""},{""module"":""speed-module-3"",""quality"":""legendary""},{""module"":""speed-module-3"",""quality"":""legendary""},{""module"":""speed-module-3"",""quality"":""legendary""},{""module"":""speed-module-3"",""quality"":""legendary""},{""module"":""speed-module-3"",""quality"":""legendary""},{""module"":""speed-module-3"",""quality"":""legendary""},{""module"":""speed-module-3"",""quality"":""legendary""},{""module"":""speed-module-3"",""quality"":""legendary""},{""module"":""speed-module-3"",""quality"":""legendary""},{""module"":""speed-module-3"",""quality"":""legendary""},{""module"":""speed-module-3"",""quality"":""legendary""},{""module"":""speed-module-3"",""quality"":""legendary""},{""module"":""speed-module-3"",""quality"":""legendary""},{""module"":""speed-module-3"",""quality"":""legendary""},{""module"":""speed-module-3"",""quality"":""legendary""},{""module"":""speed-module-3"",""quality"":""legendary""},{""module"":""speed-module-3"",""quality"":""legendary""},{""module"":""speed-module-3"",""quality"":""legendary""},{""module"":""speed-module-3"",""quality"":""legendary""},{""module"":""speed-module-3"",""quality"":""legendary""}]"
22,turbo-splitter-recycling,legendary,recycler,legendary,"[{""module"":""speed-module-3"",""quality"":""legendary""},{""module"":""speed-module-3"",""quality"":""legendary""},{""module"":""speed-module-3"",""quality"":""legendary""},{""module"":""speed-module-3"",""quality"":""legendary""}]",12,"[{""module"":""speed-module-3"",""quality"":""legendary""},{""module"":""speed-module-3"",""quality"":""legendary""},{""module"":""speed-module-3"",""quality"":""legendary""},{""module"":""speed-module-3"",""quality"":""legendary""},{""module"":""speed-module-3"",""quality"":""legendary""},{""module"":""speed-module-3"",""quality"":""legendary""},{""module"":""speed-module-3"",""quality"":""legendary""},{""module"":""speed-module-3"",""quality"":""legendary""},{""module"":""speed-module-3"",""quality"":""legendary""},{""module"":""speed-module-3"",""quality"":""legendary""},{""module"":""speed-module-3"",""quality"":""legendary""},{""module"":""speed-module-3"",""quality"":""legendary""},{""module"":""speed-module-3"",""quality"":""legendary""},{""module"":""speed-module-3"",""quality"":""legendary""},{""module"":""speed-module-3"",""quality"":""legendary""},{""module"":""speed-module-3"",""quality"":""legendary""},{""module"":""speed-module-3"",""quality"":""legendary""},{""module"":""speed-module-3"",""quality"":""legendary""},{""module"":""speed-module-3"",""quality"":""legendary""},{""module"":""speed-module-3"",""quality"":""legendary""},{""module"":""speed-module-3"",""quality"":""legendary""},{""module"":""speed-module-3"",""quality"":""legendary""},{""module"":""speed-module-3"",""quality"":""legendary""},{""module"":""speed-module-3"",""quality"":""legendary""}]"
23,turbo-splitter,normal,foundry,legendary,"[{""module"":""quality-module-3"",""quality"":""legendary""},{""module"":""quality-module-3"",""quality"":""legendary""},{""module"":""quality-module-3"",""quality"":""legendary""},{""module"":""quality-module-3"",""quality"":""legendary""}]",14,"[{""module"":""speed-module-2"",""quality"":""legendary""}]"
23,turbo-splitter-recycling,normal,recycler,legendary,"[{""module"":""quality-module-3"",""quality"":""legendary""},{""module"":""quality-module-3"",""quality"":""legendary""},{""module"":""quality-module-3"",""quality"":""legendary""},{""module"":""quality-module-3"",""quality"":""legendary""}]",2,"[{""module"":""speed-module"",""quality"":""legendary""},{""module"":""speed-module-2"",""quality"":""legendary""}]"
23,turbo-splitter,uncommon,foundry,legendary,"[{""module"":""quality-module-3"",""quality"":""legendary""},{""module"":""quality-module-3"",""quality"":""legendary""},{""module"":""quality-module-3"",""quality"":""legendary""},{""module"":""quality-module-3"",""quality"":""legendary""}]",0,[]
23,turbo-splitter-recycling,uncommon,recycler,legendary,"[{""module"":""quality-module-3"",""quality"":""legendary""},{""module"":""quality-module-3"",""quality"":""legendary""},{""module"":""quality-module-3"",""quality"":""legendary""},{""module"":""quality-module-3"",""quality"":""legendary""}]",0,[]
23,turbo-splitter,rare,foundry,legendary,"[{""module"":""quality-module-3"",""quality"":""legendary""},{""module"":""quality-module-3"",""quality"":""legendary""},{""module"":""quality-module-3"",""quality"":""legendary""},{""module"":""quality-module-3"",""quality"":""legendary""}]",0,[]
23,turbo-splitter-recycling,rare,recycler,legendary,"[{""module"":""quality-module-3"",""quality"":""legendary""},{""module"":""quality-module-3"",""quality"":""legendary""},{""module"":""quality-module-3"",""quality"":""legendary""},{""module"":""quality-module-3"",""quality"":""legendary""}]",0,[]
23,turbo-splitter,epic,foundry,legendary,"[{""module"":""quality-module-3"",""quality"":""legendary""},{""module"":""quality-module-3"",""quality"":""legendary""},{""module"":""quality-module-3"",""quality"":""legendary""},{""module"":""quality-module-3"",""quality"":""legendary""}]",0,[]
23,turbo-splitter-recycling,epic,recycler,legendary,"[{""module"":""quality-module-3"",""quality"":""legendary""},{""module"":""quality-module-3"",""quality"":""legendary""},{""module"":""quality-module-3"",""quality"":""legendary""},{""module"":""quality-module-3"",""quality"":""legendary""}]",0,[]
23,turbo-splitter,legendary,foundry,legendary,"[{""module"":""speed-module-3"",""quality"":""legendary""},{""module"":""speed-module-3"",""quality"":""legendary""},{""module"":""speed-module-3"",""quality"":""legendary""},{""module"":""speed-module-3"",""quality"":""legendary""}]",16,"[{""module"":""speed-module-3"",""quality"":""legendary""},{""module"":""speed-module-3"",""quality"":""legendary""},{""module"":""speed-module-3"",""quality"":""legendary""},{""module"":""speed-module-3"",""quality"":""legendary""},{""module"":""speed-module-3"",""quality"":""legendary""},{""module"":""speed-module-3"",""quality"":""legendary""},{""module"":""speed-module-3"",""quality"":""legendary""},{""module"":""speed-module-3"",""quality"":""legendary""},{""module"":""speed-module-3"",""quality"":""legendary""},{""module"":""speed-module-3"",""quality"":""legendary""},{""module"":""speed-module-3"",""quality"":""legendary""},{""module"":""speed-module-3"",""quality"":""legendary""},{""module"":""speed-module-3"",""quality"":""legendary""},{""module"":""speed-module-3"",""quality"":""legendary""},{""module"":""speed-module-3"",""quality"":""legendary""},{""module"":""speed-module-3"",""quality"":""legendary""},{""module"":""speed-module-3"",""quality"":""legendary""},{""module"":""speed-module-3"",""quality"":""legendary""},{""module"":""speed-module-3"",""quality"":""legendary""},{""module"":""speed-module-3"",""quality"":""legendary""},{""module"":""speed-module-3"",""quality"":""legendary""},{""module"":""speed-module-3"",""quality"":""legendary""},{""module"":""speed-module-3"",""quality"":""legendary""},{""module"":""speed-module-3"",""quality"":""legendary""},{""module"":""speed-module-3"",""quality"":""legendary""},{""module"":""speed-module-3"",""quality"":""legendary""},{""module"":""speed-module-3"",""quality"":""legendary""},{""module"":""speed-module-3"",""quality"":""legendary""},{""module"":""speed-module-3"",""quality"":""legendary""},{""module"":""speed-module-3"",""quality"":""legendary""},{""module"":""speed-module-3"",""quality"":""legendary""},{""module"":""speed-module-3"",""quality"":""legendary""}]"
23,turbo-splitter-recycling,legendary,recycler,legendary,"[{""module"":""speed-module-3"",""quality"":""legendary""},{""module"":""speed-module-3"",""quality"":""legendary""},{""module"":""speed-module-3"",""quality"":""legendary""},{""module"":""speed-module-3"",""quality"":""legendary""}]",12,"[{""module"":""speed-module-3"",""quality"":""legendary""},{""module"":""speed-module-3"",""quality"":""legendary""},{""module"":""speed-module-3"",""quality"":""legendary""},{""module"":""speed-module-3"",""quality"":""legendary""},{""module"":""speed-module-3"",""quality"":""legendary""},{""module"":""speed-module-3"",""quality"":""legendary""},{""module"":""speed-module-3"",""quality"":""legendary""},{""module"":""speed-module-3"",""quality"":""legendary""},{""module"":""speed-module-3"",""quality"":""legendary""},{""module"":""speed-module-3"",""quality"":""legendary""},{""module"":""speed-module-3"",""quality"":""legendary""},{""module"":""speed-module-3"",""quality"":""legendary""},{""module"":""speed-module-3"",""quality"":""legendary""},{""module"":""speed-module-3"",""quality"":""legendary""},{""module"":""speed-module-3"",""quality"":""legendary""},{""module"":""speed-module-3"",""quality"":""legendary""},{""module"":""speed-module-3"",""quality"":""legendary""},{""module"":""speed-module-3"",""quality"":""legendary""},{""module"":""speed-module-3"",""quality"":""legendary""},{""module"":""speed-module-3"",""quality"":""legendary""},{""module"":""speed-module-3"",""quality"":""legendary""},{""module"":""speed-module-3"",""quality"":""legendary""},{""module"":""speed-module-3"",""quality"":""legendary""},{""module"":""speed-module-3"",""quality"":""legendary""}]"
24,turbo-transport-belt,normal,foundry,legendary,"[{""module"":""quality-module-3"",""quality"":""legendary""},{""module"":""quality-module-3"",""quality"":""legendary""},{""module"":""quality-module-3"",""quality"":""legendary""},{""module"":""quality-module-3"",""quality"":""legendary""}]",0,[]
24,turbo-transport-belt-recycling,normal,recycler,legendary,"[{""module"":""quality-module-3"",""quality"":""legendary""},{""module"":""quality-module-3"",""quality"":""legendary""},{""module"":""quality-module-3"",""quality"":""legendary""},{""module"":""quality-module-3"",""quality"":""legendary""}]",0,[]
24,turbo-transport-belt,uncommon,foundry,legendary,"[{""module"":""quality-module-3"",""quality"":""legendary""},{""module"":""quality-module-3"",""quality"":""legendary""},{""module"":""quality-module-3"",""quality"":""legendary""},{""module"":""quality-module-3"",""quality"":""legendary""}]",0,[]
24,turbo-transport-belt-recycling,uncommon,recycler,legendary,"[{""module"":""quality-module-3"",""quality"":""legendary""},{""module"":""quality-module-3"",""quality"":""legendary""},{""module"":""quality-module-3"",""quality"":""legendary""},{""module"":""quality-module-3"",""quality"":""legendary""}]",0,[]
24,turbo-transport-belt,rare,foundry,legendary,"[{""module"":""quality-module-3"",""quality"":""legendary""},{""module"":""quality-module-3"",""quality"":""legendary""},{""module"":""quality-module-3"",""quality"":""legendary""},{""module"":""quality-module-3"",""quality"":""legendary""}]",0,[]
24,turbo-transport-belt-recycling,rare,recycler,legendary,"[{""module"":""quality-module-3"",""quality"":""legendary""},{""module"":""quality-module-3"",""quality"":""legendary""},{""module"":""quality-module-3"",""quality"":""legendary""},{""module"":""quality-module-3"",""quality"":""legendary""}]",0,[]
24,turbo-transport-belt,epic,foundry,legendary,"[{""module"":""quality-module-3"",""quality"":""legendary""},{""module"":""quality-module-3"",""quality"":""legendary""},{""module"":""quality-module-3"",""quality"":""legendary""},{""module"":""quality-module-3"",""quality"":""legendary""}]",0,[]
24,turbo-transport-belt-recycling,epic,recycler,legendary,"[{""module"":""quality-module-3"",""quality"":""legendary""},{""module"":""quality-module-3"",""quality"":""legendary""},{""module"":""quality-module-3"",""quality"":""legendary""},{""module"":""quality-module-3"",""quality"":""legendary""}]",0,[]
24,turbo-transport-belt,legendary,foundry,legendary,"[{""module"":""speed-module-3"",""quality"":""legendary""},{""module"":""speed-module-3"",""quality"":""legendary""},{""module"":""speed-module-3"",""quality"":""legendary""},{""module"":""speed-module-3"",""quality"":""legendary""}]",16,"[{""module"":""speed-module-3"",""quality"":""legendary""},{""module"":""speed-module-3"",""quality"":""legendary""},{""module"":""speed-module-3"",""quality"":""legendary""},{""module"":""speed-module-3"",""quality"":""legendary""},{""module"":""speed-module-3"",""quality"":""legendary""},{""module"":""speed-module-3"",""quality"":""legendary""},{""module"":""speed-module-3"",""quality"":""legendary""},{""module"":""speed-module-3"",""quality"":""legendary""},{""module"":""speed-module-3"",""quality"":""legendary""},{""module"":""speed-module-3"",""quality"":""legendary""},{""module"":""speed-module-3"",""quality"":""legendary""},{""module"":""speed-module-3"",""quality"":""legendary""},{""module"":""speed-module-3"",""quality"":""legendary""},{""module"":""speed-module-3"",""quality"":""legendary""},{""module"":""speed-module-3"",""quality"":""legendary""},{""module"":""speed-module-3"",""quality"":""legendary""},{""module"":""speed-module-3"",""quality"":""legendary""},{""module"":""speed-module-3"",""quality"":""legendary""},{""module"":""speed-module-3"",""quality"":""legendary""},{""module"":""speed-module-3"",""quality"":""legendary""},{""module"":""speed-module-3"",""quality"":""legendary""},{""module"":""speed-module-3"",""quality"":""legendary""},{""module"":""speed-module-3"",""quality"":""legendary""},{""module"":""speed-module-3"",""quality"":""legendary""},{""module"":""speed-module-3"",""quality"":""legendary""},{""module"":""speed-module-3"",""quality"":""legendary""},{""module"":""speed-module-3"",""quality"":""legendary""},{""module"":""speed-module-3"",""quality"":""legendary""},{""module"":""speed-module-3"",""quality"":""legendary""},{""module"":""speed-module-3"",""quality"":""legendary""},{""module"":""speed-module-3"",""quality"":""legendary""},{""module"":""speed-module-3"",""quality"":""legendary""}]"
24,turbo-transport-belt-recycling,legendary,recycler,legendary,"[{""module"":""speed-module-3"",""quality"":""legendary""},{""module"":""speed-module-3"",""quality"":""legendary""},{""module"":""speed-module-3"",""quality"":""legendary""},{""module"":""speed-module-3"",""quality"":""legendary""}]",12,"[{""module"":""speed-module-3"",""quality"":""legendary""},{""module"":""speed-module-3"",""quality"":""legendary""},{""module"":""speed-module-3"",""quality"":""legendary""},{""module"":""speed-module-3"",""quality"":""legendary""},{""module"":""speed-module-3"",""quality"":""legendary""},{""module"":""speed-module-3"",""quality"":""legendary""},{""module"":""speed-module-3"",""quality"":""legendary""},{""module"":""speed-module-3"",""quality"":""legendary""},{""module"":""speed-module-3"",""quality"":""legendary""},{""module"":""speed-module-3"",""quality"":""legendary""},{""module"":""speed-module-3"",""quality"":""legendary""},{""module"":""speed-module-3"",""quality"":""legendary""},{""module"":""speed-module-3"",""quality"":""legendary""},{""module"":""speed-module-3"",""quality"":""legendary""},{""module"":""speed-module-3"",""quality"":""legendary""},{""module"":""speed-module-3"",""quality"":""legendary""},{""module"":""speed-module-3"",""quality"":""legendary""},{""module"":""speed-module-3"",""quality"":""legendary""},{""module"":""speed-module-3"",""quality"":""legendary""},{""module"":""speed-module-3"",""quality"":""legendary""},{""module"":""speed-module-3"",""quality"":""legendary""},{""module"":""speed-module-3"",""quality"":""legendary""},{""module"":""speed-module-3"",""quality"":""legendary""},{""module"":""speed-module-3"",""quality"":""legendary""}]"
25,turbo-transport-belt,normal,foundry,legendary,"[{""module"":""quality-module-3"",""quality"":""legendary""},{""module"":""quality-module-3"",""quality"":""legendary""},{""module"":""quality-module-3"",""quality"":""legendary""},{""module"":""quality-module-3"",""quality"":""legendary""}]",14,"[{""module"":""speed-module-2"",""quality"":""legendary""}]"
25,turbo-transport-belt-recycling,normal,recycler,legendary,"[{""module"":""quality-module-3"",""quality"":""legendary""},{""module"":""quality-module-3"",""quality"":""legendary""},{""module"":""quality-module-3"",""quality"":""legendary""},{""module"":""quality-module-3"",""quality"":""legendary""}]",2,"[{""module"":""speed-module"",""quality"":""legendary""},{""module"":""speed-module-2"",""quality"":""legendary""}]"
25,turbo-transport-belt,uncommon,foundry,legendary,"[{""module"":""quality-module-3"",""quality"":""legendary""},{""module"":""quality-module-3"",""quality"":""legendary""},{""module"":""quality-module-3"",""quality"":""legendary""},{""module"":""quality-module-3"",""quality"":""legendary""}]",0,[]
25,turbo-transport-belt-recycling,uncommon,recycler,legendary,"[{""module"":""quality-module-3"",""quality"":""legendary""},{""module"":""quality-module-3"",""quality"":""legendary""},{""module"":""quality-module-3"",""quality"":""legendary""},{""module"":""quality-module-3"",""quality"":""legendary""}]",0,[]
25,turbo-transport-belt,rare,foundry,legendary,"[{""module"":""quality-module-3"",""quality"":""legendary""},{""module"":""quality-module-3"",""quality"":""legendary""},{""module"":""quality-module-3"",""quality"":""legendary""},{""module"":""quality-module-3"",""quality"":""legendary""}]",0,[]
25,turbo-transport-belt-recycling,rare,recycler,legendary,"[{""module"":""quality-module-3"",""quality"":""legendary""},{""module"":""quality-module-3"",""quality"":""legendary""},{""module"":""quality-module-3"",""quality"":""legendary""},{""module"":""quality-module-3"",""quality"":""legendary""}]",0,[]
25,turbo-transport-belt,epic,foundry,legendary,"[{""module"":""quality-module-3"",""quality"":""legendary""},{""module"":""quality-module-3"",""quality"":""legendary""},{""module"":""quality-module-3"",""quality"":""legendary""},{""module"":""quality-module-3"",""quality"":""legendary""}]",0,[]
25,turbo-transport-belt-recycling,epic,recycler,legendary,"[{""module"":""quality-module-3"",""quality"":""legendary""},{""module"":""quality-module-3"",""quality"":""legendary""},{""module"":""quality-module-3"",""quality"":""legendary""},{""module"":""quality-module-3"",""quality"":""legendary""}]",0,[]
25,turbo-transport-belt,legendary,foundry,legendary,"[{""module"":""speed-module-3"",""quality"":""legendary""},{""module"":""speed-module-3"",""quality"":""legendary""},{""module"":""speed-module-3"",""quality"":""legendary""},{""module"":""speed-module-3"",""quality"":""legendary""}]",16,"[{""module"":""speed-module-3"",""quality"":""legendary""},{""module"":""speed-module-3"",""quality"":""legendary""},{""module"":""speed-module-3"",""quality"":""legendary""},{""module"":""speed-module-3"",""quality"":""legendary""},{""module"":""speed-module-3"",""quality"":""legendary""},{""module"":""speed-module-3"",""quality"":""legendary""},{""module"":""speed-module-3"",""quality"":""legendary""},{""module"":""speed-module-3"",""quality"":""legendary""},{""module"":""speed-module-3"",""quality"":""legendary""},{""module"":""speed-module-3"",""quality"":""legendary""},{""module"":""speed-module-3"",""quality"":""legendary""},{""module"":""speed-module-3"",""quality"":""legendary""},{""module"":""speed-module-3"",""quality"":""legendary""},{""module"":""speed-module-3"",""quality"":""legendary""},{""module"":""speed-module-3"",""quality"":""legendary""},{""module"":""speed-module-3"",""quality"":""legendary""},{""module"":""speed-module-3"",""quality"":""legendary""},{""module"":""speed-module-3"",""quality"":""legendary""},{""module"":""speed-module-3"",""quality"":""legendary""},{""module"":""speed-module-3"",""quality"":""legendary""},{""module"":""speed-module-3"",""quality"":""legendary""},{""module"":""speed-module-3"",""quality"":""legendary""},{""module"":""speed-module-3"",""quality"":""legendary""},{""module"":""speed-module-3"",""quality"":""legendary""},{""module"":""speed-module-3"",""quality"":""legendary""},{""module"":""speed-module-3"",""quality"":""legendary""},{""module"":""speed-module-3"",""quality"":""legendary""},{""module"":""speed-module-3"",""quality"":""legendary""},{""module"":""speed-module-3"",""quality"":""legendary""},{""module"":""speed-module-3"",""quality"":""legendary""},{""module"":""speed-module-3"",""quality"":""legendary""},{""module"":""speed-module-3"",""quality"":""legendary""}]"
25,turbo-transport-belt-recycling,legendary,recycler,legendary,"[{""module"":""speed-module-3"",""quality"":""legendary""},{""module"":""speed-module-3"",""quality"":""legendary""},{""module"":""speed-module-3"",""quality"":""legendary""},{""module"":""speed-module-3"",""quality"":""legendary""}]",12,"[{""module"":""speed-module-3"",""quality"":""legendary""},{""module"":""speed-module-3"",""quality"":""legendary""},{""module"":""speed-module-3"",""quality"":""legendary""},{""module"":""speed-module-3"",""quality"":""legendary""},{""module"":""speed-module-3"",""quality"":""legendary""},{""module"":""speed-module-3"",""quality"":""legendary""},{""module"":""speed-module-3"",""quality"":""legendary""},{""module"":""speed-module-3"",""quality"":""legendary""},{""module"":""speed-module-3"",""quality"":""legendary""},{""module"":""speed-module-3"",""quality"":""legendary""},{""module"":""speed-module-3"",""quality"":""legendary""},{""module"":""speed-module-3"",""quality"":""legendary""},{""module"":""speed-module-3"",""quality"":""legendary""},{""module"":""speed-module-3"",""quality"":""legendary""},{""module"":""speed-module-3"",""quality"":""legendary""},{""module"":""speed-module-3"",""quality"":""legendary""},{""module"":""speed-module-3"",""quality"":""legendary""},{""module"":""speed-module-3"",""quality"":""legendary""},{""module"":""speed-module-3"",""quality"":""legendary""},{""module"":""speed-module-3"",""quality"":""legendary""},{""module"":""speed-module-3"",""quality"":""legendary""},{""module"":""speed-module-3"",""quality"":""legendary""},{""module"":""speed-module-3"",""quality"":""legendary""},{""module"":""speed-module-3"",""quality"":""legendary""}]"
26,turbo-underground-belt,normal,foundry,legendary,"[{""module"":""quality-module-3"",""quality"":""legendary""},{""module"":""quality-module-3"",""quality"":""legendary""},{""module"":""quality-module-3"",""quality"":""legendary""},{""module"":""quality-module-3"",""quality"":""legendary""}]",0,[]
26,turbo-underground-belt-recycling,normal,recycler,legendary,"[{""module"":""quality-module-3"",""quality"":""legendary""},{""module"":""quality-module-3"",""quality"":""legendary""},{""module"":""quality-module-3"",""quality"":""legendary""},{""module"":""quality-module-3"",""quality"":""legendary""}]",0,[]
26,turbo-underground-belt,uncommon,foundry,legendary,"[{""module"":""quality-module-3"",""quality"":""legendary""},{""module"":""quality-module-3"",""quality"":""legendary""},{""module"":""quality-module-3"",""quality"":""legendary""},{""module"":""quality-module-3"",""quality"":""legendary""}]",0,[]
26,turbo-underground-belt-recycling,uncommon,recycler,legendary,"[{""module"":""quality-module-3"",""quality"":""legendary""},{""module"":""quality-module-3"",""quality"":""legendary""},{""module"":""quality-module-3"",""quality"":""legendary""},{""module"":""quality-module-3"",""quality"":""legendary""}]",0,[]
26,turbo-underground-belt,rare,foundry,legendary,"[{""module"":""quality-module-3"",""quality"":""legendary""},{""module"":""quality-module-3"",""quality"":""legendary""},{""module"":""quality-module-3"",""quality"":""legendary""},{""module"":""quality-module-3"",""quality"":""legendary""}]",0,[]
26,turbo-underground-belt-recycling,rare,recycler,legendary,"[{""module"":""quality-module-3"",""quality"":""legendary""},{""module"":""quality-module-3"",""quality"":""legendary""},{""module"":""quality-module-3"",""quality"":""legendary""},{""module"":""quality-module-3"",""quality"":""legendary""}]",0,[]
26,turbo-underground-belt,epic,foundry,legendary,"[{""module"":""quality-module-3"",""quality"":""legendary""},{""module"":""quality-module-3"",""quality"":""legendary""},{""module"":""quality-module-3"",""quality"":""legendary""},{""module"":""quality-module-3"",""quality"":""legendary""}]",0,[]
26,turbo-underground-belt-recycling,epic,recycler,legendary,"[{""module"":""quality-module-3"",""quality"":""legendary""},{""module"":""quality-module-3"",""quality"":""legendary""},{""module"":""quality-module-3"",""quality"":""legendary""},{""module"":""quality-module-3"",""quality"":""legendary""}]",0,[]
26,turbo-underground-belt,legendary,foundry,legendary,"[{""module"":""speed-module-3"",""quality"":""legendary""},{""module"":""speed-module-3"",""quality"":""legendary""},{""module"":""speed-module-3"",""quality"":""legendary""},{""module"":""speed-module-3"",""quality"":""legendary""}]",16,"[{""module"":""speed-module-3"",""quality"":""legendary""},{""module"":""speed-module-3"",""quality"":""legendary""},{""module"":""speed-module-3"",""quality"":""legendary""},{""module"":""speed-module-3"",""quality"":""legendary""},{""module"":""speed-module-3"",""quality"":""legendary""},{""module"":""speed-module-3"",""quality"":""legendary""},{""module"":""speed-module-3"",""quality"":""legendary""},{""module"":""speed-module-3"",""quality"":""legendary""},{""module"":""speed-module-3"",""quality"":""legendary""},{""module"":""speed-module-3"",""quality"":""legendary""},{""module"":""speed-module-3"",""quality"":""legendary""},{""module"":""speed-module-3"",""quality"":""legendary""},{""module"":""speed-module-3"",""quality"":""legendary""},{""module"":""speed-module-3"",""quality"":""legendary""},{""module"":""speed-module-3"",""quality"":""legendary""},{""module"":""speed-module-3"",""quality"":""legendary""},{""module"":""speed-module-3"",""quality"":""legendary""},{""module"":""speed-module-3"",""quality"":""legendary""},{""module"":""speed-module-3"",""quality"":""legendary""},{""module"":""speed-module-3"",""quality"":""legendary""},{""module"":""speed-module-3"",""quality"":""legendary""},{""module"":""speed-module-3"",""quality"":""legendary""},{""module"":""speed-module-3"",""quality"":""legendary""},{""module"":""speed-module-3"",""quality"":""legendary""},{""module"":""speed-module-3"",""quality"":""legendary""},{""module"":""speed-module-3"",""quality"":""legendary""},{""module"":""speed-module-3"",""quality"":""legendary""},{""module"":""speed-module-3"",""quality"":""legendary""},{""module"":""speed-module-3"",""quality"":""legendary""},{""module"":""speed-module-3"",""quality"":""legendary""},{""module"":""speed-module-3"",""quality"":""legendary""},{""module"":""speed-module-3"",""quality"":""legendary""}]"
26,turbo-underground-belt-recycling,legendary,recycler,legendary,"[{""module"":""speed-module-3"",""quality"":""legendary""},{""module"":""speed-module-3"",""quality"":""legendary""},{""module"":""speed-module-3"",""quality"":""legendary""},{""module"":""speed-module-3"",""quality"":""legendary""}]",12,"[{""module"":""speed-module-3"",""quality"":""legendary""},{""module"":""speed-module-3"",""quality"":""legendary""},{""module"":""speed-module-3"",""quality"":""legendary""},{""module"":""speed-module-3"",""quality"":""legendary""},{""module"":""speed-module-3"",""quality"":""legendary""},{""module"":""speed-module-3"",""quality"":""legendary""},{""module"":""speed-module-3"",""quality"":""legendary""},{""module"":""speed-module-3"",""quality"":""legendary""},{""module"":""speed-module-3"",""quality"":""legendary""},{""module"":""speed-module-3"",""quality"":""legendary""},{""module"":""speed-module-3"",""quality"":""legendary""},{""module"":""speed-module-3"",""quality"":""legendary""},{""module"":""speed-module-3"",""quality"":""legendary""},{""module"":""speed-module-3"",""quality"":""legendary""},{""module"":""speed-module-3"",""quality"":""legendary""},{""module"":""speed-module-3"",""quality"":""legendary""},{""module"":""speed-module-3"",""quality"":""legendary""},{""module"":""speed-module-3"",""quality"":""legendary""},{""module"":""speed-module-3"",""quality"":""legendary""},{""module"":""speed-module-3"",""quality"":""legendary""},{""module"":""speed-module-3"",""quality"":""legendary""},{""module"":""speed-module-3"",""quality"":""legendary""},{""module"":""speed-module-3"",""quality"":""legendary""},{""module"":""speed-module-3"",""quality"":""legendary""}]"
27,turbo-underground-belt,normal,foundry,legendary,"[{""module"":""quality-module-3"",""quality"":""legendary""},{""module"":""quality-module-3"",""quality"":""legendary""},{""module"":""quality-module-3"",""quality"":""legendary""},{""module"":""quality-module-3"",""quality"":""legendary""}]",14,"[{""module"":""speed-module-2"",""quality"":""legendary""}]"
27,turbo-underground-belt-recycling,normal,recycler,legendary,"[{""module"":""quality-module-3"",""quality"":""legendary""},{""module"":""quality-module-3"",""quality"":""legendary""},{""module"":""quality-module-3"",""quality"":""legendary""},{""module"":""quality-module-3"",""quality"":""legendary""}]",2,"[{""module"":""speed-module"",""quality"":""legendary""},{""module"":""speed-module-2"",""quality"":""legendary""}]"
27,turbo-underground-belt,uncommon,foundry,legendary,"[{""module"":""quality-module-3"",""quality"":""legendary""},{""module"":""quality-module-3"",""quality"":""legendary""},{""module"":""quality-module-3"",""quality"":""legendary""},{""module"":""quality-module-3"",""quality"":""legendary""}]",0,[]
27,turbo-underground-belt-recycling,uncommon,recycler,legendary,"[{""module"":""quality-module-3"",""quality"":""legendary""},{""module"":""quality-module-3"",""quality"":""legendary""},{""module"":""quality-module-3"",""quality"":""legendary""},{""module"":""quality-module-3"",""quality"":""legendary""}]",0,[]
27,turbo-underground-belt,rare,foundry,legendary,"[{""module"":""quality-module-3"",""quality"":""legendary""},{""module"":""quality-module-3"",""quality"":""legendary""},{""module"":""quality-module-3"",""quality"":""legendary""},{""module"":""quality-module-3"",""quality"":""legendary""}]",0,[]
27,turbo-underground-belt-recycling,rare,recycler,legendary,"[{""module"":""quality-module-3"",""quality"":""legendary""},{""module"":""quality-module-3"",""quality"":""legendary""},{""module"":""quality-module-3"",""quality"":""legendary""},{""module"":""quality-module-3"",""quality"":""legendary""}]",0,[]
27,turbo-underground-belt,epic,foundry,legendary,"[{""module"":""quality-module-3"",""quality"":""legendary""},{""module"":""quality-module-3"",""quality"":""legendary""},{""module"":""quality-module-3"",""quality"":""legendary""},{""module"":""quality-module-3"",""quality"":""legendary""}]",0,[]
27,turbo-underground-belt-recycling,epic,recycler,legendary,"[{""module"":""quality-module-3"",""quality"":""legendary""},{""module"":""quality-module-3"",""quality"":""legendary""},{""module"":""quality-module-3"",""quality"":""legendary""},{""module"":""quality-module-3"",""quality"":""legendary""}]",0,[]
27,turbo-underground-belt,legendary,foundry,legendary,"[{""module"":""speed-module-3"",""quality"":""legendary""},{""module"":""speed-module-3"",""quality"":""legendary""},{""module"":""speed-module-3"",""quality"":""legendary""},{""module"":""speed-module-3"",""quality"":""legendary""}]",16,"[{""module"":""speed-module-3"",""quality"":""legendary""},{""module"":""speed-module-3"",""quality"":""legendary""},{""module"":""speed-module-3"",""quality"":""legendary""},{""module"":""speed-module-3"",""quality"":""legendary""},{""module"":""speed-module-3"",""quality"":""legendary""},{""module"":""speed-module-3"",""quality"":""legendary""},{""module"":""speed-module-3"",""quality"":""legendary""},{""module"":""speed-module-3"",""quality"":""legendary""},{""module"":""speed-module-3"",""quality"":""legendary""},{""module"":""speed-module-3"",""quality"":""legendary""},{""module"":""speed-module-3"",""quality"":""legendary""},{""module"":""speed-module-3"",""quality"":""legendary""},{""module"":""speed-module-3"",""quality"":""legendary""},{""module"":""speed-module-3"",""quality"":""legendary""},{""module"":""speed-module-3"",""quality"":""legendary""},{""module"":""speed-module-3"",""quality"":""legendary""},{""module"":""speed-module-3"",""quality"":""legendary""},{""module"":""speed-module-3"",""quality"":""legendary""},{""module"":""speed-module-3"",""quality"":""legendary""},{""module"":""speed-module-3"",""quality"":""legendary""},{""module"":""speed-module-3"",""quality"":""legendary""},{""module"":""speed-module-3"",""quality"":""legendary""},{""module"":""speed-module-3"",""quality"":""legendary""},{""module"":""speed-module-3"",""quality"":""legendary""},{""module"":""speed-module-3"",""quality"":""legendary""},{""module"":""speed-module-3"",""quality"":""legendary""},{""module"":""speed-module-3"",""quality"":""legendary""},{""module"":""speed-module-3"",""quality"":""legendary""},{""module"":""speed-module-3"",""quality"":""legendary""},{""module"":""speed-module-3"",""quality"":""legendary""},{""module"":""speed-module-3"",""quality"":""legendary""},{""module"":""speed-module-3"",""quality"":""legendary""}]"
27,turbo-underground-belt-recycling,legendary,recycler,legendary,"[{""module"":""speed-module-3"",""quality"":""legendary""},{""module"":""speed-module-3"",""quality"":""legendary""},{""module"":""speed-module-3"",""quality"":""legendary""},{""module"":""speed-module-3"",""quality"":""legendary""}]",12,"[{""module"":""speed-module-3"",""quality"":""legendary""},{""module"":""speed-module-3"",""quality"":""legendary""},{""module"":""speed-module-3"",""quality"":""legendary""},{""module"":""speed-module-3"",""quality"":""legendary""},{""module"":""speed-module-3"",""quality"":""legendary""},{""module"":""speed-module-3"",""quality"":""legendary""},{""module"":""speed-module-3"",""quality"":""legendary""},{""module"":""speed-module-3"",""quality"":""legendary""},{""module"":""speed-module-3"",""quality"":""legendary""},{""module"":""speed-module-3"",""quality"":""legendary""},{""module"":""speed-module-3"",""quality"":""legendary""},{""module"":""speed-module-3"",""quality"":""legendary""},{""module"":""speed-module-3"",""quality"":""legendary""},{""module"":""speed-module-3"",""quality"":""legendary""},{""module"":""speed-module-3"",""quality"":""legendary""},{""module"":""speed-module-3"",""quality"":""legendary""},{""module"":""speed-module-3"",""quality"":""legendary""},{""module"":""speed-module-3"",""quality"":""legendary""},{""module"":""speed-module-3"",""quality"":""legendary""},{""module"":""speed-module-3"",""quality"":""legendary""},{""module"":""speed-module-3"",""quality"":""legendary""},{""module"":""speed-module-3"",""quality"":""legendary""},{""module"":""speed-module-3"",""quality"":""legendary""},{""module"":""speed-module-3"",""quality"":""legendary""}]"
28,tungsten-ore-recycling,normal,recycler,legendary,"[{""module"":""quality-module-3"",""quality"":""legendary""},{""module"":""quality-module-3"",""quality"":""legendary""},{""module"":""quality-module-3"",""quality"":""legendary""},{""module"":""quality-module-3"",""quality"":""legendary""}]",0,[]
28,tungsten-ore-recycling,uncommon,recycler,legendary,"[{""module"":""quality-module-3"",""quality"":""legendary""},{""module"":""quality-module-3"",""quality"":""legendary""},{""module"":""quality-module-3"",""quality"":""legendary""},{""module"":""quality-module-3"",""quality"":""legendary""}]",0,[]
28,tungsten-ore-recycling,rare,recycler,legendary,"[{""module"":""quality-module-3"",""quality"":""legendary""},{""module"":""quality-module-3"",""quality"":""legendary""},{""module"":""quality-module-3"",""quality"":""legendary""},{""module"":""quality-module-3"",""quality"":""legendary""}]",0,[]
28,tungsten-ore-recycling,epic,recycler,legendary,"[{""module"":""quality-module-3"",""quality"":""legendary""},{""module"":""quality-module-3"",""quality"":""legendary""},{""module"":""quality-module-3"",""quality"":""legendary""},{""module"":""quality-module-3"",""quality"":""legendary""}]",0,[]
28,tungsten-plate,legendary,foundry,legendary,"[{""module"":""productivity-module-3"",""quality"":""legendary""},{""module"":""productivity-module-3"",""quality"":""legendary""},{""module"":""productivity-module-3"",""quality"":""legendary""},{""module"":""productivity-module-3"",""quality"":""legendary""}]",16,"[{""module"":""speed-module-3"",""quality"":""legendary""},{""module"":""speed-module-3"",""quality"":""legendary""},{""module"":""speed-module-3"",""quality"":""legendary""},{""module"":""speed-module-3"",""quality"":""legendary""},{""module"":""speed-module-3"",""quality"":""legendary""},{""module"":""speed-module-3"",""quality"":""legendary""},{""module"":""speed-module-3"",""quality"":""legendary""},{""module"":""speed-module-3"",""quality"":""legendary""},{""module"":""speed-module-3"",""quality"":""legendary""},{""module"":""speed-module-3"",""quality"":""legendary""},{""module"":""speed-module-3"",""quality"":""legendary""},{""module"":""speed-module-3"",""quality"":""legendary""},{""module"":""speed-module-3"",""quality"":""legendary""},{""module"":""speed-module-3"",""quality"":""legendary""},{""module"":""speed-module-3"",""quality"":""legendary""},{""module"":""speed-module-3"",""quality"":""legendary""},{""module"":""speed-module-3"",""quality"":""legendary""},{""module"":""speed-module-3"",""quality"":""legendary""},{""module"":""speed-module-3"",""quality"":""legendary""},{""module"":""speed-module-3"",""quality"":""legendary""},{""module"":""speed-module-3"",""quality"":""legendary""},{""module"":""speed-module-3"",""quality"":""legendary""},{""module"":""speed-module-3"",""quality"":""legendary""},{""module"":""speed-module-3"",""quality"":""legendary""},{""module"":""speed-module-3"",""quality"":""legendary""},{""module"":""speed-module-3"",""quality"":""legendary""},{""module"":""speed-module-3"",""quality"":""legendary""},{""module"":""speed-module-3"",""quality"":""legendary""},{""module"":""speed-module-3"",""quality"":""legendary""},{""module"":""speed-module-3"",""quality"":""legendary""},{""module"":""speed-module-3"",""quality"":""legendary""},{""module"":""speed-module-3"",""quality"":""legendary""}]"
29,tungsten-ore-recycling,normal,recycler,legendary,"[{""module"":""quality-module-3"",""quality"":""legendary""},{""module"":""quality-module-3"",""quality"":""legendary""},{""module"":""quality-module-3"",""quality"":""legendary""},{""module"":""quality-module-3"",""quality"":""legendary""}]",10,"[{""module"":""speed-module-2"",""quality"":""legendary""}]"
29,tungsten-ore-recycling,uncommon,recycler,legendary,"[{""module"":""quality-module-3"",""quality"":""legendary""},{""module"":""quality-module-3"",""quality"":""legendary""},{""module"":""quality-module-3"",""quality"":""legendary""},{""module"":""quality-module-3"",""quality"":""legendary""}]",0,[]
29,tungsten-ore-recycling,rare,recycler,legendary,"[{""module"":""quality-module-3"",""quality"":""legendary""},{""module"":""quality-module-3"",""quality"":""legendary""},{""module"":""quality-module-3"",""quality"":""legendary""},{""module"":""quality-module-3"",""quality"":""legendary""}]",0,[]
29,tungsten-ore-recycling,epic,recycler,legendary,"[{""module"":""quality-module-3"",""quality"":""legendary""},{""module"":""quality-module-3"",""quality"":""legendary""},{""module"":""quality-module-3"",""quality"":""legendary""},{""module"":""quality-module-3"",""quality"":""legendary""}]",0,[]
29,tungsten-plate,legendary,foundry,legendary,"[{""module"":""productivity-module-3"",""quality"":""legendary""},{""module"":""productivity-module-3"",""quality"":""legendary""},{""module"":""productivity-module-3"",""quality"":""legendary""},{""module"":""productivity-module-3"",""quality"":""legendary""}]",16,"[{""module"":""speed-module-3"",""quality"":""legendary""},{""module"":""speed-module-3"",""quality"":""legendary""},{""module"":""speed-module-3"",""quality"":""legendary""},{""module"":""speed-module-3"",""quality"":""legendary""},{""module"":""speed-module-3"",""quality"":""legendary""},{""module"":""speed-module-3"",""quality"":""legendary""},{""module"":""speed-module-3"",""quality"":""legendary""},{""module"":""speed-module-3"",""quality"":""legendary""},{""module"":""speed-module-3"",""quality"":""legendary""},{""module"":""speed-module-3"",""quality"":""legendary""},{""module"":""speed-module-3"",""quality"":""legendary""},{""module"":""speed-module-3"",""quality"":""legendary""},{""module"":""speed-module-3"",""quality"":""legendary""},{""module"":""speed-module-3"",""quality"":""legendary""},{""module"":""speed-module-3"",""quality"":""legendary""},{""module"":""speed-module-3"",""quality"":""legendary""},{""module"":""speed-module-3"",""quality"":""legendary""},{""module"":""speed-module-3"",""quality"":""legendary""},{""module"":""speed-module-3"",""quality"":""legendary""},{""module"":""speed-module-3"",""quality"":""legendary""},{""module"":""speed-module-3"",""quality"":""legendary""},{""module"":""speed-module-3"",""quality"":""legendary""},{""module"":""speed-module-3"",""quality"":""legendary""},{""module"":""speed-module-3"",""quality"":""legendary""},{""module"":""speed-module-3"",""quality"":""legendary""},{""module"":""speed-module-3"",""quality"":""legendary""},{""module"":""speed-module-3"",""quality"":""legendary""},{""module"":""speed-module-3"",""quality"":""legendary""},{""module"":""speed-module-3"",""quality"":""legendary""},{""module"":""speed-module-3"",""quality"":""legendary""},{""module"":""speed-module-3"",""quality"":""legendary""},{""module"":""speed-module-3"",""quality"":""legendary""}]"
30,processing-unit,normal,electromagnetic-plant,legendary,"[{""module"":""productivity-module-3"",""quality"":""legendary""},{""module"":""productivity-module-3"",""quality"":""legendary""},{""module"":""quality-module-3"",""quality"":""legendary""},{""module"":""quality-module-3"",""quality"":""legendary""},{""module"":""quality-module-3"",""quality"":""legendary""}]",0,[]
30,processing-unit-recycling,normal,recycler,legendary,"[{""module"":""quality-module-3"",""quality"":""legendary""},{""module"":""quality-module-3"",""quality"":""legendary""},{""module"":""quality-module-3"",""quality"":""legendary""},{""module"":""quality-module-3"",""quality"":""legendary""}]",0,[]
30,processing-unit,uncommon,electromagnetic-plant,legendary,"[{""module"":""productivity-module-3"",""quality"":""legendary""},{""module"":""productivity-module-3"",""quality"":""legendary""},{""module"":""quality-module-3"",""quality"":""legendary""},{""module"":""quality-module-3"",""quality"":""legendary""},{""module"":""quality-module-3"",""quality"":""legendary""}]",0,[]
30,processing-unit-recycling,uncommon,recycler,legendary,"[{""module"":""quality-module-3"",""quality"":""legendary""},{""module"":""quality-module-3"",""quality"":""legendary""},{""module"":""quality-module-3"",""quality"":""legendary""},{""module"":""quality-module-3"",""quality"":""legendary""}]",0,[]
30,processing-unit,rare,electromagnetic-plant,legendary,"[{""module"":""productivity-module-3"",""quality"":""legendary""},{""module"":""productivity-module-3"",""quality"":""legendary""},{""module"":""quality-module-3"",""quality"":""legendary""},{""module"":""quality-module-3"",""quality"":""legendary""},{""module"":""quality-module-3"",""quality"":""legendary""}]",0,[]
30,processing-unit-recycling,rare,recycler,legendary,"[{""module"":""quality-module-3"",""quality"":""legendary""},{""module"":""quality-module-3"",""quality"":""legendary""},{""module"":""quality-module-3"",""quality"":""legendary""},{""module"":""quality-module-3"",""quality"":""legendary""}]",0,[]
30,processing-unit,epic,electromagnetic-plant,legendary,"[{""module"":""productivity-module-3"",""quality"":""legendary""},{""module"":""quality-module-3"",""quality"":""legendary""},{""module"":""quality-module-3"",""quality"":""legendary""},{""module"":""quality-module-3"",""quality"":""legendary""},{""module"":""quality-module-3"",""quality"":""legendary""}]",0,[]
30,processing-unit-recycling,epic,recycler,legendary,"[{""module"":""quality-module-3"",""quality"":""legendary""},{""module"":""quality-module-3"",""quality"":""legendary""},{""module"":""quality-module-3"",""quality"":""legendary""},{""module"":""quality-module-3"",""quality"":""legendary""}]",0,[]
30,processing-unit,legendary,electromagnetic-plant,legendary,"[{""module"":""productivity-module-3"",""quality"":""legendary""},{""module"":""productivity-module-3"",""quality"":""legendary""},{""module"":""productivity-module-3"",""quality"":""legendary""},{""module"":""productivity-module-3"",""quality"":""legendary""},{""module"":""productivity-module-3"",""quality"":""legendary""}]",12,"[{""module"":""speed-module-3"",""quality"":""legendary""},{""module"":""speed-module-3"",""quality"":""legendary""},{""module"":""speed-module-3"",""quality"":""legendary""},{""module"":""speed-module-3"",""quality"":""legendary""},{""module"":""speed-module-3"",""quality"":""legendary""},{""module"":""speed-module-3"",""quality"":""legendary""},{""module"":""speed-module-3"",""quality"":""legendary""},{""module"":""speed-module-3"",""quality"":""legendary""},{""module"":""speed-module-3"",""quality"":""legendary""},{""module"":""speed-module-3"",""quality"":""legendary""},{""module"":""speed-module-3"",""quality"":""legendary""},{""module"":""speed-module-3"",""quality"":""legendary""},{""module"":""speed-module-3"",""quality"":""legendary""},{""module"":""speed-module-3"",""quality"":""legendary""},{""module"":""speed-module-3"",""quality"":""legendary""},{""module"":""speed-module-3"",""quality"":""legendary""},{""module"":""speed-module-3"",""quality"":""legendary""},{""module"":""speed-module-3"",""quality"":""legendary""},{""module"":""speed-module-3"",""quality"":""legendary""},{""module"":""speed-module-3"",""quality"":""legendary""},{""module"":""speed-module-3"",""quality"":""legendary""},{""module"":""speed-module-3"",""quality"":""legendary""},{""module"":""speed-module-3"",""quality"":""legendary""},{""module"":""speed-module-3"",""quality"":""legendary""}]"
31,processing-unit,normal,electromagnetic-plant,legendary,"[{""module"":""quality-module-3"",""quality"":""legendary""},{""module"":""quality-module-3"",""quality"":""legendary""},{""module"":""quality-module-3"",""quality"":""legendary""},{""module"":""quality-module-3"",""quality"":""legendary""},{""module"":""quality-module-3"",""quality"":""legendary""}]",4,"[{""module"":""speed-module"",""quality"":""legendary""},{""module"":""speed-module"",""quality"":""legendary""},{""module"":""speed-module"",""quality"":""legendary""},{""module"":""speed-module"",""quality"":""legendary""}]"
31,processing-unit-recycling,normal,recycler,legendary,"[{""module"":""quality-module-3"",""quality"":""legendary""},{""module"":""quality-module-3"",""quality"":""legendary""},{""module"":""quality-module-3"",""quality"":""legendary""},{""module"":""quality-module-3"",""quality"":""legendary""}]",5,"[{""module"":""speed-module"",""quality"":""legendary""}]"
31,processing-unit,uncommon,electromagnetic-plant,legendary,"[{""module"":""productivity-module-3"",""quality"":""legendary""},{""module"":""quality-module-3"",""quality"":""legendary""},{""module"":""quality-module-3"",""quality"":""legendary""},{""module"":""quality-module-3"",""quality"":""legendary""},{""module"":""quality-module-3"",""quality"":""legendary""}]",0,[]
31,processing-unit-recycling,uncommon,recycler,legendary,"[{""module"":""quality-module-3"",""quality"":""legendary""},{""module"":""quality-module-3"",""quality"":""legendary""},{""module"":""quality-module-3"",""quality"":""legendary""},{""module"":""quality-module-3"",""quality"":""legendary""}]",0,[]
31,processing-unit,rare,electromagnetic-plant,legendary,"[{""module"":""productivity-module-3"",""quality"":""legendary""},{""module"":""productivity-module-3"",""quality"":""legendary""},{""module"":""quality-module-3"",""quality"":""legendary""},{""module"":""quality-module-3"",""quality"":""legendary""},{""module"":""quality-module-3"",""quality"":""legendary""}]",0,[]
31,processing-unit-recycling,rare,recycler,legendary,"[{""module"":""quality-module-3"",""quality"":""legendary""},{""module"":""quality-module-3"",""quality"":""legendary""},{""module"":""quality-module-3"",""quality"":""legendary""},{""module"":""quality-module-3"",""quality"":""legendary""}]",0,[]
31,processing-unit,epic,electromagnetic-plant,legendary,"[{""module"":""productivity-module-3"",""quality"":""legendary""},{""module"":""quality-module-3"",""quality"":""legendary""},{""module"":""quality-module-3"",""quality"":""legendary""},{""module"":""quality-module-3"",""quality"":""legendary""},{""module"":""quality-module-3"",""quality"":""legendary""}]",0,[]
31,processing-unit-recycling,epic,recycler,legendary,"[{""module"":""quality-module-3"",""quality"":""legendary""},{""module"":""quality-module-3"",""quality"":""legendary""},{""module"":""quality-module-3"",""quality"":""legendary""},{""module"":""quality-module-3"",""quality"":""legendary""}]",0,[]
31,processing-unit,legendary,electromagnetic-plant,legendary,"[{""module"":""productivity-module-3"",""quality"":""legendary""},{""module"":""productivity-module-3"",""quality"":""legendary""},{""module"":""productivity-module-3"",""quality"":""legendary""},{""module"":""productivity-module-3"",""quality"":""legendary""},{""module"":""productivity-module-3"",""quality"":""legendary""}]",12,"[{""module"":""speed-module-3"",""quality"":""legendary""},{""module"":""speed-module-3"",""quality"":""legendary""},{""module"":""speed-module-3"",""quality"":""legendary""},{""module"":""speed-module-3"",""quality"":""legendary""},{""module"":""speed-module-3"",""quality"":""legendary""},{""module"":""speed-module-3"",""quality"":""legendary""},{""module"":""speed-module-3"",""quality"":""legendary""},{""module"":""speed-module-3"",""quality"":""legendary""},{""module"":""speed-module-3"",""quality"":""legendary""},{""module"":""speed-module-3"",""quality"":""legendary""},{""module"":""speed-module-3"",""quality"":""legendary""},{""module"":""speed-module-3"",""quality"":""legendary""},{""module"":""speed-module-3"",""quality"":""legendary""},{""module"":""speed-module-3"",""quality"":""legendary""},{""module"":""speed-module-3"",""quality"":""legendary""},{""module"":""speed-module-3"",""quality"":""legendary""},{""module"":""speed-module-3"",""quality"":""legendary""},{""module"":""speed-module-3"",""quality"":""legendary""},{""module"":""speed-module-3"",""quality"":""legendary""},{""module"":""speed-module-3"",""quality"":""legendary""},{""module"":""speed-module-3"",""quality"":""legendary""},{""module"":""speed-module-3"",""quality"":""legendary""},{""module"":""speed-module-3"",""quality"":""legendary""},{""module"":""speed-module-3"",""quality"":""legendary""}]"
32,artillery-turret,normal,assembling-machine-3,legendary,"[{""module"":""quality-module-3"",""quality"":""legendary""},{""module"":""quality-module-3"",""quality"":""legendary""},{""module"":""quality-module-3"",""quality"":""legendary""},{""module"":""quality-module-3"",""quality"":""legendary""}]",0,[]
32,artillery-turret-recycling,normal,recycler,legendary,"[{""module"":""quality-module-3"",""quality"":""legendary""},{""module"":""quality-module-3"",""quality"":""legendary""},{""module"":""quality-module-3"",""quality"":""legendary""},{""module"":""quality-module-3"",""quality"":""legendary""}]",0,[]
32,artillery-turret,uncommon,assembling-machine-3,legendary,"[{""module"":""quality-module-3"",""quality"":""legendary""},{""module"":""quality-module-3"",""quality"":""legendary""},{""module"":""quality-module-3"",""quality"":""legendary""},{""module"":""quality-module-3"",""quality"":""legendary""}]",0,[]
32,artillery-turret-recycling,uncommon,recycler,legendary,"[{""module"":""quality-module-3"",""quality"":""legendary""},{""module"":""quality-module-3"",""quality"":""legendary""},{""module"":""quality-module-3"",""quality"":""legendary""},{""module"":""quality-module-3"",""quality"":""legendary""}]",0,[]
32,artillery-turret,rare,assembling-machine-3,legendary,"[{""module"":""quality-module-3"",""quality"":""legendary""},{""module"":""quality-module-3"",""quality"":""legendary""},{""module"":""quality-module-3"",""quality"":""legendary""},{""module"":""quality-module-3"",""quality"":""legendary""}]",0,[]
32,artillery-turret-recycling,rare,recycler,legendary,"[{""module"":""quality-module-3"",""quality"":""legendary""},{""module"":""quality-module-3"",""quality"":""legendary""},{""module"":""quality-module-3"",""quality"":""legendary""},{""module"":""quality-module-3"",""quality"":""legendary""}]",0,[]
32,artillery-turret,epic,assembling-machine-3,legendary,"[{""module"":""quality-module-3"",""quality"":""legendary""},{""module"":""quality-module-3"",""quality"":""legendary""},{""module"":""quality-module-3"",""quality"":""legendary""},{""module"":""quality-module-3"",""quality"":""legendary""}]",0,[]
32,artillery-turret-recycling,epic,recycler,legendary,"[{""module"":""quality-module-3"",""quality"":""legendary""},{""module"":""quality-module-3"",""quality"":""legendary""},{""module"":""quality-module-3"",""quality"":""legendary""},{""module"":""quality-module-3"",""quality"":""legendary""}]",0,[]
32,artillery-turret,legendary,assembling-machine-3,legendary,"[{""module"":""speed-module-3"",""quality"":""legendary""},{""module"":""speed-module-3"",""quality"":""legendary""},{""module"":""speed-module-3"",""quality"":""legendary""},{""module"":""speed-module-3"",""quality"":""legendary""}]",12,"[{""module"":""speed-module-3"",""quality"":""legendary""},{""module"":""speed-module-3"",""quality"":""legendary""},{""module"":""speed-module-3"",""quality"":""legendary""},{""module"":""speed-module-3"",""quality"":""legendary""},{""module"":""speed-module-3"",""quality"":""legendary""},{""module"":""speed-module-3"",""quality"":""legendary""},{""module"":""speed-module-3"",""quality"":""legendary""},{""module"":""speed-module-3"",""quality"":""legendary""},{""module"":""speed-module-3"",""quality"":""legendary""},{""module"":""speed-module-3"",""quality"":""legendary""},{""module"":""speed-module-3"",""quality"":""legendary""},{""module"":""speed-module-3"",""quality"":""legendary""},{""module"":""speed-module-3"",""quality"":""legendary""},{""module"":""speed-module-3"",""quality"":""legendary""},{""module"":""speed-module-3"",""quality"":""legendary""},{""module"":""speed-module-3"",""quality"":""legendary""},{""module"":""speed-module-3"",""quality"":""legendary""},{""module"":""speed-module-3"",""quality"":""legendary""},{""module"":""speed-module-3"",""quality"":""legendary""},{""module"":""speed-module-3"",""quality"":""legendary""},{""module"":""speed-module-3"",""quality"":""legendary""},{""module"":""speed-module-3"",""quality"":""legendary""},{""module"":""speed-module-3"",""quality"":""legendary""},{""module"":""speed-module-3"",""quality"":""legendary""}]"
32,artillery-turret-recycling,legendary,recycler,legendary,"[{""module"":""speed-module-3"",""quality"":""legendary""},{""module"":""speed-module-3"",""quality"":""legendary""},{""module"":""speed-module-3"",""quality"":""legendary""},{""module"":""speed-module-3"",""quality"":""legendary""}]",12,"[{""module"":""speed-module-3"",""quality"":""legendary""},{""module"":""speed-module-3"",""quality"":""legendary""},{""module"":""speed-module-3"",""quality"":""legendary""},{""module"":""speed-module-3"",""quality"":""legendary""},{""module"":""speed-module-3"",""quality"":""legendary""},{""module"":""speed-module-3"",""quality"":""legendary""},{""module"":""speed-module-3"",""quality"":""legendary""},{""module"":""speed-module-3"",""quality"":""legendary""},{""module"":""speed-module-3"",""quality"":""legendary""},{""module"":""speed-module-3"",""quality"":""legendary""},{""module"":""speed-module-3"",""quality"":""legendary""},{""module"":""speed-module-3"",""quality"":""legendary""},{""module"":""speed-module-3"",""quality"":""legendary""},{""module"":""speed-module-3"",""quality"":""legendary""},{""module"":""speed-module-3"",""quality"":""legendary""},{""module"":""speed-module-3"",""quality"":""legendary""},{""module"":""speed-module-3"",""quality"":""legendary""},{""module"":""speed-module-3"",""quality"":""legendary""},{""module"":""speed-module-3"",""quality"":""legendary""},{""module"":""speed-module-3"",""quality"":""legendary""},{""module"":""speed-module-3"",""quality"":""legendary""},{""module"":""speed-module-3"",""quality"":""legendary""},{""module"":""speed-module-3"",""quality"":""legendary""},{""module"":""speed-module-3"",""quality"":""legendary""}]"
33,artillery-turret,normal,assembling-machine-3,legendary,"[{""module"":""speed-module-3"",""quality"":""legendary""},{""module"":""speed-module-3"",""quality"":""legendary""},{""module"":""speed-module-3"",""quality"":""legendary""},{""module"":""speed-module-3"",""quality"":""legendary""}]",12,"[{""module"":""speed-module-3"",""quality"":""legendary""},{""module"":""speed-module-3"",""quality"":""legendary""},{""module"":""speed-module-3"",""quality"":""legendary""},{""module"":""speed-module-3"",""quality"":""legendary""},{""module"":""speed-module-3"",""quality"":""legendary""},{""module"":""speed-module-3"",""quality"":""legendary""},{""module"":""speed-module-3"",""quality"":""legendary""},{""module"":""speed-module-3"",""quality"":""legendary""},{""module"":""speed-module-3"",""quality"":""legendary""},{""module"":""speed-module-3"",""quality"":""legendary""},{""module"":""speed-module-3"",""quality"":""legendary""},{""module"":""speed-module-3"",""quality"":""legendary""},{""module"":""speed-module-3"",""quality"":""legendary""},{""module"":""speed-module-3"",""quality"":""legendary""},{""module"":""speed-module-3"",""quality"":""legendary""},{""module"":""speed-module-3"",""quality"":""legendary""},{""module"":""speed-module-3"",""quality"":""legendary""},{""module"":""speed-module-3"",""quality"":""legendary""},{""module"":""speed-module-3"",""quality"":""legendary""},{""module"":""speed-module-3"",""quality"":""legendary""},{""module"":""speed-module-3"",""quality"":""legendary""},{""module"":""speed-module-3"",""quality"":""legendary""},{""module"":""speed-module-3"",""quality"":""legendary""},{""module"":""speed-module-3"",""quality"":""legendary""}]"
33,artillery-turret-recycling,normal,recycler,legendary,"[{""module"":""quality-module-3"",""quality"":""legendary""},{""module"":""quality-module-3"",""quality"":""legendary""},{""module"":""quality-module-3"",""quality"":""legendary""},{""module"":""quality-module-3"",""quality"":""legendary""}]",10,"[{""module"":""speed-module-2"",""quality"":""legendary""}]"
33,artillery-turret,uncommon,assembling-machine-3,legendary,"[{""module"":""quality-module-3"",""quality"":""legendary""},{""module"":""quality-module-3"",""quality"":""legendary""},{""module"":""quality-module-3"",""quality"":""legendary""},{""module"":""quality-module-3"",""quality"":""legendary""}]",1,"[{""module"":""speed-module"",""quality"":""legendary""}]"
33,artillery-turret-recycling,uncommon,recycler,legendary,"[{""module"":""quality-module-3"",""quality"":""legendary""},{""module"":""quality-module-3"",""quality"":""legendary""},{""module"":""quality-module-3"",""quality"":""legendary""},{""module"":""quality-module-3"",""quality"":""legendary""}]",0,[]
33,artillery-turret,rare,assembling-machine-3,legendary,"[{""module"":""quality-module-3"",""quality"":""legendary""},{""module"":""quality-module-3"",""quality"":""legendary""},{""module"":""quality-module-3"",""quality"":""legendary""},{""module"":""quality-module-3"",""quality"":""legendary""}]",0,[]
33,artillery-turret-recycling,rare,recycler,legendary,"[{""module"":""quality-module-3"",""quality"":""legendary""},{""module"":""quality-module-3"",""quality"":""legendary""},{""module"":""quality-module-3"",""quality"":""legendary""},{""module"":""quality-module-3"",""quality"":""legendary""}]",0,[]
33,artillery-turret,epic,assembling-machine-3,legendary,"[{""module"":""quality-module-3"",""quality"":""legendary""},{""module"":""quality-module-3"",""quality"":""legendary""},{""module"":""quality-module-3"",""quality"":""legendary""},{""module"":""quality-module-3"",""quality"":""legendary""}]",0,[]
33,artillery-turret-recycling,epic,recycler,legendary,"[{""module"":""quality-module-3"",""quality"":""legendary""},{""module"":""quality-module-3"",""quality"":""legendary""},{""module"":""quality-module-3"",""quality"":""legendary""},{""module"":""quality-module-3"",""quality"":""legendary""}]",0,[]
33,artillery-turret,legendary,assembling-machine-3,legendary,"[{""module"":""speed-module-3"",""quality"":""legendary""},{""module"":""speed-module-3"",""quality"":""legendary""},{""module"":""speed-module-3"",""quality"":""legendary""},{""module"":""speed-module-3"",""quality"":""legendary""}]",12,"[{""module"":""speed-module-3"",""quality"":""legendary""},{""module"":""speed-module-3"",""quality"":""legendary""},{""module"":""speed-module-3"",""quality"":""legendary""},{""module"":""speed-module-3"",""quality"":""legendary""},{""module"":""speed-module-3"",""quality"":""legendary""},{""module"":""speed-module-3"",""quality"":""legendary""},{""module"":""speed-module-3"",""quality"":""legendary""},{""module"":""speed-module-3"",""quality"":""legendary""},{""module"":""speed-module-3"",""quality"":""legendary""},{""module"":""speed-module-3"",""quality"":""legendary""},{""module"":""speed-module-3"",""quality"":""legendary""},{""module"":""speed-module-3"",""quality"":""legendary""},{""module"":""speed-module-3"",""quality"":""legendary""},{""module"":""speed-module-3"",""quality"":""legendary""},{""module"":""speed-module-3"",""quality"":""legendary""},{""module"":""speed-module-3"",""quality"":""legendary""},{""module"":""speed-module-3"",""quality"":""legendary""},{""module"":""speed-module-3"",""quality"":""legendary""},{""module"":""speed-module-3"",""quality"":""legendary""},{""module"":""speed-module-3"",""quality"":""legendary""},{""module"":""speed-module-3"",""quality"":""legendary""},{""module"":""speed-module-3"",""quality"":""legendary""},{""module"":""speed-module-3"",""quality"":""legendary""},{""module"":""speed-module-3"",""quality"":""legendary""}]"
33,artillery-turret-recycling,legendary,recycler,legendary,"[{""module"":""speed-module-3"",""quality"":""legendary""},{""module"":""speed-module-3"",""quality"":""legendary""},{""module"":""speed-module-3"",""quality"":""legendary""},{""module"":""speed-module-3"",""quality"":""legendary""}]",12,"[{""module"":""speed-module-3"",""quality"":""legendary""},{""module"":""speed-module-3"",""quality"":""legendary""},{""module"":""speed-module-3"",""quality"":""legendary""},{""module"":""speed-module-3"",""quality"":""legendary""},{""module"":""speed-module-3"",""quality"":""legendary""},{""module"":""speed-module-3"",""quality"":""legendary""},{""module"":""speed-module-3"",""quality"":""legendary""},{""module"":""speed-module-3"",""quality"":""legendary""},{""module"":""speed-module-3"",""quality"":""legendary""},{""module"":""speed-module-3"",""quality"":""legendary""},{""module"":""speed-module-3"",""quality"":""legendary""},{""module"":""speed-module-3"",""quality"":""legendary""},{""module"":""speed-module-3"",""quality"":""legendary""},{""module"":""speed-module-3"",""quality"":""legendary""},{""module"":""speed-module-3"",""quality"":""legendary""},{""module"":""speed-module-3"",""quality"":""legendary""},{""module"":""speed-module-3"",""quality"":""legendary""},{""module"":""speed-module-3"",""quality"":""legendary""},{""module"":""speed-module-3"",""quality"":""legendary""},{""module"":""speed-module-3"",""quality"":""legendary""},{""module"":""speed-module-3"",""quality"":""legendary""},{""module"":""speed-module-3"",""quality"":""legendary""},{""module"":""speed-module-3"",""quality"":""legendary""},{""module"":""speed-module-3"",""quality"":""legendary""}]"
34,artillery-wagon,normal,assembling-machine-3,legendary,"[{""module"":""quality-module-3"",""quality"":""legendary""},{""module"":""quality-module-3"",""quality"":""legendary""},{""module"":""quality-module-3"",""quality"":""legendary""},{""module"":""quality-module-3"",""quality"":""legendary""}]",0,[]
34,artillery-wagon-recycling,normal,recycler,legendary,"[{""module"":""quality-module-3"",""quality"":""legendary""},{""module"":""quality-module-3"",""quality"":""legendary""},{""module"":""quality-module-3"",""quality"":""legendary""},{""module"":""quality-module-3"",""quality"":""legendary""}]",0,[]
34,artillery-wagon,uncommon,assembling-machine-3,legendary,"[{""module"":""quality-module-3"",""quality"":""legendary""},{""module"":""quality-module-3"",""quality"":""legendary""},{""module"":""quality-module-3"",""quality"":""legendary""},{""module"":""quality-module-3"",""quality"":""legendary""}]",0,[]
34,artillery-wagon-recycling,uncommon,recycler,legendary,"[{""module"":""quality-module-3"",""quality"":""legendary""},{""module"":""quality-module-3"",""quality"":""legendary""},{""module"":""quality-module-3"",""quality"":""legendary""},{""module"":""quality-module-3"",""quality"":""legendary""}]",0,[]
34,artillery-wagon,rare,assembling-machine-3,legendary,"[{""module"":""quality-module-3"",""quality"":""legendary""},{""module"":""quality-module-3"",""quality"":""legendary""},{""module"":""quality-module-3"",""quality"":""legendary""},{""module"":""quality-module-3"",""quality"":""legendary""}]",0,[]
34,artillery-wagon-recycling,rare,recycler,legendary,"[{""module"":""quality-module-3"",""quality"":""legendary""},{""module"":""quality-module-3"",""quality"":""legendary""},{""module"":""quality-module-3"",""quality"":""legendary""},{""module"":""quality-module-3"",""quality"":""legendary""}]",0,[]
34,artillery-wagon,epic,assembling-machine-3,legendary,"[{""module"":""quality-module-3"",""quality"":""legendary""},{""module"":""quality-module-3"",""quality"":""legendary""},{""module"":""quality-module-3"",""quality"":""legendary""},{""module"":""quality-module-3"",""quality"":""legendary""}]",0,[]
34,artillery-wagon-recycling,epic,recycler,legendary,"[{""module"":""quality-module-3"",""quality"":""legendary""},{""module"":""quality-module-3"",""quality"":""legendary""},{""module"":""quality-module-3"",""quality"":""legendary""},{""module"":""quality-module-3"",""quality"":""legendary""}]",0,[]
34,artillery-wagon,legendary,assembling-machine-3,legendary,"[{""module"":""speed-module-3"",""quality"":""legendary""},{""module"":""speed-module-3"",""quality"":""legendary""},{""module"":""speed-module-3"",""quality"":""legendary""},{""module"":""speed-module-3"",""quality"":""legendary""}]",12,"[{""module"":""speed-module-3"",""quality"":""legendary""},{""module"":""speed-module-3"",""quality"":""legendary""},{""module"":""speed-module-3"",""quality"":""legendary""},{""module"":""speed-module-3"",""quality"":""legendary""},{""module"":""speed-module-3"",""quality"":""legendary""},{""module"":""speed-module-3"",""quality"":""legendary""},{""module"":""speed-module-3"",""quality"":""legendary""},{""module"":""speed-module-3"",""quality"":""legendary""},{""module"":""speed-module-3"",""quality"":""legendary""},{""module"":""speed-module-3"",""quality"":""legendary""},{""module"":""speed-module-3"",""quality"":""legendary""},{""module"":""speed-module-3"",""quality"":""legendary""},{""module"":""speed-module-3"",""quality"":""legendary""},{""module"":""speed-module-3"",""quality"":""legendary""},{""module"":""speed-module-3"",""quality"":""legendary""},{""module"":""speed-module-3"",""quality"":""legendary""},{""module"":""speed-module-3"",""quality"":""legendary""},{""module"":""speed-module-3"",""quality"":""legendary""},{""module"":""speed-module-3"",""quality"":""legendary""},{""module"":""speed-module-3"",""quality"":""legendary""},{""module"":""speed-module-3"",""quality"":""legendary""},{""module"":""speed-module-3"",""quality"":""legendary""},{""module"":""speed-module-3"",""quality"":""legendary""},{""module"":""speed-module-3"",""quality"":""legendary""}]"
34,artillery-wagon-recycling,legendary,recycler,legendary,"[{""module"":""speed-module-3"",""quality"":""legendary""},{""module"":""speed-module-3"",""quality"":""legendary""},{""module"":""speed-module-3"",""quality"":""legendary""},{""module"":""speed-module-3"",""quality"":""legendary""}]",12,"[{""module"":""speed-module-3"",""quality"":""legendary""},{""module"":""speed-module-3"",""quality"":""legendary""},{""module"":""speed-module-3"",""quality"":""legendary""},{""module"":""speed-module-3"",""quality"":""legendary""},{""module"":""speed-module-3"",""quality"":""legendary""},{""module"":""speed-module-3"",""quality"":""legendary""},{""module"":""speed-module-3"",""quality"":""legendary""},{""module"":""speed-module-3"",""quality"":""legendary""},{""module"":""speed-module-3"",""quality"":""legendary""},{""module"":""speed-module-3"",""quality"":""legendary""},{""module"":""speed-module-3"",""quality"":""legendary""},{""module"":""speed-module-3"",""quality"":""legendary""},{""module"":""speed-module-3"",""quality"":""legendary""},{""module"":""speed-module-3"",""quality"":""legendary""},{""module"":""speed-module-3"",""quality"":""legendary""},{""module"":""speed-module-3"",""quality"":""legendary""},{""module"":""speed-module-3"",""quality"":""legendary""},{""module"":""speed-module-3"",""quality"":""legendary""},{""module"":""speed-module-3"",""quality"":""legendary""},{""module"":""speed-module-3"",""quality"":""legendary""},{""module"":""speed-module-3"",""quality"":""legendary""},{""module"":""speed-module-3"",""quality"":""legendary""},{""module"":""speed-module-3"",""quality"":""legendary""},{""module"":""speed-module-3"",""quality"":""legendary""}]"
35,artillery-wagon,normal,assembling-machine-3,legendary,"[{""module"":""speed-module-3"",""quality"":""legendary""},{""module"":""speed-module-3"",""quality"":""legendary""},{""module"":""speed-module-3"",""quality"":""legendary""},{""module"":""speed-module-3"",""quality"":""legendary""}]",12,"[{""module"":""speed-module-3"",""quality"":""legendary""},{""module"":""speed-module-3"",""quality"":""legendary""},{""module"":""speed-module-3"",""quality"":""legendary""},{""module"":""speed-module-3"",""quality"":""legendary""},{""module"":""speed-module-3"",""quality"":""legendary""},{""module"":""speed-module-3"",""quality"":""legendary""},{""module"":""speed-module-3"",""quality"":""legendary""},{""module"":""speed-module-3"",""quality"":""legendary""},{""module"":""speed-module-3"",""quality"":""legendary""},{""module"":""speed-module-3"",""quality"":""legendary""},{""module"":""speed-module-3"",""quality"":""legendary""},{""module"":""speed-module-3"",""quality"":""legendary""},{""module"":""speed-module-3"",""quality"":""legendary""},{""module"":""speed-module-3"",""quality"":""legendary""},{""module"":""speed-module-3"",""quality"":""legendary""},{""module"":""speed-module-3"",""quality"":""legendary""},{""module"":""speed-module-3"",""quality"":""legendary""},{""module"":""speed-module-3"",""quality"":""legendary""},{""module"":""speed-module-3"",""quality"":""legendary""},{""module"":""speed-module-3"",""quality"":""legendary""},{""module"":""speed-module-3"",""quality"":""legendary""},{""module"":""speed-module-3"",""quality"":""legendary""},{""module"":""speed-module-3"",""quality"":""legendary""},{""module"":""speed-module-3"",""quality"":""legendary""}]"
35,artillery-wagon-recycling,normal,recycler,legendary,"[{""module"":""quality-module-3"",""quality"":""legendary""},{""module"":""quality-module-3"",""quality"":""legendary""},{""module"":""quality-module-3"",""quality"":""legendary""},{""module"":""quality-module-3"",""quality"":""legendary""}]",10,"[{""module"":""speed-module-2"",""quality"":""legendary""}]"
35,artillery-wagon,uncommon,assembling-machine-3,legendary,"[{""module"":""quality-module-3"",""quality"":""legendary""},{""module"":""quality-module-3"",""quality"":""legendary""},{""module"":""quality-module-3"",""quality"":""legendary""},{""module"":""quality-module-3"",""quality"":""legendary""}]",1,"[{""module"":""speed-module"",""quality"":""legendary""}]"
35,artillery-wagon-recycling,uncommon,recycler,legendary,"[{""module"":""quality-module-3"",""quality"":""legendary""},{""module"":""quality-module-3"",""quality"":""legendary""},{""module"":""quality-module-3"",""quality"":""legendary""},{""module"":""quality-module-3"",""quality"":""legendary""}]",0,[]
35,artillery-wagon,rare,assembling-machine-3,legendary,"[{""module"":""quality-module-3"",""quality"":""legendary""},{""module"":""quality-module-3"",""quality"":""legendary""},{""module"":""quality-module-3"",""quality"":""legendary""},{""module"":""quality-module-3"",""quality"":""legendary""}]",0,[]
35,artillery-wagon-recycling,rare,recycler,legendary,"[{""module"":""quality-module-3"",""quality"":""legendary""},{""module"":""quality-module-3"",""quality"":""legendary""},{""module"":""quality-module-3"",""quality"":""legendary""},{""module"":""quality-module-3"",""quality"":""legendary""}]",0,[]
35,artillery-wagon,epic,assembling-machine-3,legendary,"[{""module"":""quality-module-3"",""quality"":""legendary""},{""module"":""quality-module-3"",""quality"":""legendary""},{""module"":""quality-module-3"",""quality"":""legendary""},{""module"":""quality-module-3"",""quality"":""legendary""}]",0,[]
35,artillery-wagon-recycling,epic,recycler,legendary,"[{""module"":""quality-module-3"",""quality"":""legendary""},{""module"":""quality-module-3"",""quality"":""legendary""},{""module"":""quality-module-3"",""quality"":""legendary""},{""module"":""quality-module-3"",""quality"":""legendary""}]",0,[]
35,artillery-wagon,legendary,assembling-machine-3,legendary,"[{""module"":""speed-module-3"",""quality"":""legendary""},{""module"":""speed-module-3"",""quality"":""legendary""},{""module"":""speed-module-3"",""quality"":""legendary""},{""module"":""speed-module-3"",""quality"":""legendary""}]",12,"[{""module"":""speed-module-3"",""quality"":""legendary""},{""module"":""speed-module-3"",""quality"":""legendary""},{""module"":""speed-module-3"",""quality"":""legendary""},{""module"":""speed-module-3"",""quality"":""legendary""},{""module"":""speed-module-3"",""quality"":""legendary""},{""module"":""speed-module-3"",""quality"":""legendary""},{""module"":""speed-module-3"",""quality"":""legendary""},{""module"":""speed-module-3"",""quality"":""legendary""},{""module"":""speed-module-3"",""quality"":""legendary""},{""module"":""speed-module-3"",""quality"":""legendary""},{""module"":""speed-module-3"",""quality"":""legendary""},{""module"":""speed-module-3"",""quality"":""legendary""},{""module"":""speed-module-3"",""quality"":""legendary""},{""module"":""speed-module-3"",""quality"":""legendary""},{""module"":""speed-module-3"",""quality"":""legendary""},{""module"":""speed-module-3"",""quality"":""legendary""},{""module"":""speed-module-3"",""quality"":""legendary""},{""module"":""speed-module-3"",""quality"":""legendary""},{""module"":""speed-module-3"",""quality"":""legendary""},{""module"":""speed-module-3"",""quality"":""legendary""},{""module"":""speed-module-3"",""quality"":""legendary""},{""module"":""speed-module-3"",""quality"":""legendary""},{""module"":""speed-module-3"",""quality"":""legendary""},{""module"":""speed-module-3"",""quality"":""legendary""}]"
35,artillery-wagon-recycling,legendary,recycler,legendary,"[{""module"":""speed-module-3"",""quality"":""legendary""},{""module"":""speed-module-3"",""quality"":""legendary""},{""module"":""speed-module-3"",""quality"":""legendary""},{""module"":""speed-module-3"",""quality"":""legendary""}]",12,"[{""module"":""speed-module-3"",""quality"":""legendary""},{""module"":""speed-module-3"",""quality"":""legendary""},{""module"":""speed-module-3"",""quality"":""legendary""},{""module"":""speed-module-3"",""quality"":""legendary""},{""module"":""speed-module-3"",""quality"":""legendary""},{""module"":""speed-module-3"",""quality"":""legendary""},{""module"":""speed-module-3"",""quality"":""legendary""},{""module"":""speed-module-3"",""quality"":""legendary""},{""module"":""speed-module-3"",""quality"":""legendary""},{""module"":""speed-module-3"",""quality"":""legendary""},{""module"":""speed-module-3"",""quality"":""legendary""},{""module"":""speed-module-3"",""quality"":""legendary""},{""module"":""speed-module-3"",""quality"":""legendary""},{""module"":""speed-module-3"",""quality"":""legendary""},{""module"":""speed-module-3"",""quality"":""legendary""},{""module"":""speed-module-3"",""quality"":""legendary""},{""module"":""speed-module-3"",""quality"":""legendary""},{""module"":""speed-module-3"",""quality"":""legendary""},{""module"":""speed-module-3"",""quality"":""legendary""},{""module"":""speed-module-3"",""quality"":""legendary""},{""module"":""speed-module-3"",""quality"":""legendary""},{""module"":""speed-module-3"",""quality"":""legendary""},{""module"":""speed-module-3"",""quality"":""legendary""},{""module"":""speed-module-3"",""quality"":""legendary""}]"
36,asteroid-collector,normal,assembling-machine-3,legendary,"[{""module"":""quality-module-3"",""quality"":""legendary""},{""module"":""quality-module-3"",""quality"":""legendary""},{""module"":""quality-module-3"",""quality"":""legendary""},{""module"":""quality-module-3"",""quality"":""legendary""}]",0,[]
36,asteroid-collector-recycling,normal,recycler,legendary,"[{""module"":""quality-module-3"",""quality"":""legendary""},{""module"":""quality-module-3"",""quality"":""legendary""},{""module"":""quality-module-3"",""quality"":""legendary""},{""module"":""quality-module-3"",""quality"":""legendary""}]",0,[]
36,asteroid-collector,uncommon,assembling-machine-3,legendary,"[{""module"":""quality-module-3"",""quality"":""legendary""},{""module"":""quality-module-3"",""quality"":""legendary""},{""module"":""quality-module-3"",""quality"":""legendary""},{""module"":""quality-module-3"",""quality"":""legendary""}]",0,[]
36,asteroid-collector-recycling,uncommon,recycler,legendary,"[{""module"":""quality-module-3"",""quality"":""legendary""},{""module"":""quality-module-3"",""quality"":""legendary""},{""module"":""quality-module-3"",""quality"":""legendary""},{""module"":""quality-module-3"",""quality"":""legendary""}]",0,[]
36,asteroid-collector,rare,assembling-machine-3,legendary,"[{""module"":""quality-module-3"",""quality"":""legendary""},{""module"":""quality-module-3"",""quality"":""legendary""},{""module"":""quality-module-3"",""quality"":""legendary""},{""module"":""quality-module-3"",""quality"":""legendary""}]",0,[]
36,asteroid-collector-recycling,rare,recycler,legendary,"[{""module"":""quality-module-3"",""quality"":""legendary""},{""module"":""quality-module-3"",""quality"":""legendary""},{""module"":""quality-module-3"",""quality"":""legendary""},{""module"":""quality-module-3"",""quality"":""legendary""}]",0,[]
36,asteroid-collector,epic,assembling-machine-3,legendary,"[{""module"":""quality-module-3"",""quality"":""legendary""},{""module"":""quality-module-3"",""quality"":""legendary""},{""module"":""quality-module-3"",""quality"":""legendary""},{""module"":""quality-module-3"",""quality"":""legendary""}]",0,[]
36,asteroid-collector-recycling,epic,recycler,legendary,"[{""module"":""quality-module-3"",""quality"":""legendary""},{""module"":""quality-module-3"",""quality"":""legendary""},{""module"":""quality-module-3"",""quality"":""legendary""},{""module"":""quality-module-3"",""quality"":""legendary""}]",0,[]
36,asteroid-collector,legendary,assembling-machine-3,legendary,"[{""module"":""speed-module-3"",""quality"":""legendary""},{""module"":""speed-module-3"",""quality"":""legendary""},{""module"":""speed-module-3"",""quality"":""legendary""},{""module"":""speed-module-3"",""quality"":""legendary""}]",12,"[{""module"":""speed-module-3"",""quality"":""legendary""},{""module"":""speed-module-3"",""quality"":""legendary""},{""module"":""speed-module-3"",""quality"":""legendary""},{""module"":""speed-module-3"",""quality"":""legendary""},{""module"":""speed-module-3"",""quality"":""legendary""},{""module"":""speed-module-3"",""quality"":""legendary""},{""module"":""speed-module-3"",""quality"":""legendary""},{""module"":""speed-module-3"",""quality"":""legendary""},{""module"":""speed-module-3"",""quality"":""legendary""},{""module"":""speed-module-3"",""quality"":""legendary""},{""module"":""speed-module-3"",""quality"":""legendary""},{""module"":""speed-module-3"",""quality"":""legendary""},{""module"":""speed-module-3"",""quality"":""legendary""},{""module"":""speed-module-3"",""quality"":""legendary""},{""module"":""speed-module-3"",""quality"":""legendary""},{""module"":""speed-module-3"",""quality"":""legendary""},{""module"":""speed-module-3"",""quality"":""legendary""},{""module"":""speed-module-3"",""quality"":""legendary""},{""module"":""speed-module-3"",""quality"":""legendary""},{""module"":""speed-module-3"",""quality"":""legendary""},{""module"":""speed-module-3"",""quality"":""legendary""},{""module"":""speed-module-3"",""quality"":""legendary""},{""module"":""speed-module-3"",""quality"":""legendary""},{""module"":""speed-module-3"",""quality"":""legendary""}]"
36,asteroid-collector-recycling,legendary,recycler,legendary,"[{""module"":""speed-module-3"",""quality"":""legendary""},{""module"":""speed-module-3"",""quality"":""legendary""},{""module"":""speed-module-3"",""quality"":""legendary""},{""module"":""speed-module-3"",""quality"":""legendary""}]",12,"[{""module"":""speed-module-3"",""quality"":""legendary""},{""module"":""speed-module-3"",""quality"":""legendary""},{""module"":""speed-module-3"",""quality"":""legendary""},{""module"":""speed-module-3"",""quality"":""legendary""},{""module"":""speed-module-3"",""quality"":""legendary""},{""module"":""speed-module-3"",""quality"":""legendary""},{""module"":""speed-module-3"",""quality"":""legendary""},{""module"":""speed-module-3"",""quality"":""legendary""},{""module"":""speed-module-3"",""quality"":""legendary""},{""module"":""speed-module-3"",""quality"":""legendary""},{""module"":""speed-module-3"",""quality"":""legendary""},{""module"":""speed-module-3"",""quality"":""legendary""},{""module"":""speed-module-3"",""quality"":""legendary""},{""module"":""speed-module-3"",""quality"":""legendary""},{""module"":""speed-module-3"",""quality"":""legendary""},{""module"":""speed-module-3"",""quality"":""legendary""},{""module"":""speed-module-3"",""quality"":""legendary""},{""module"":""speed-module-3"",""quality"":""legendary""},{""module"":""speed-module-3"",""quality"":""legendary""},{""module"":""speed-module-3"",""quality"":""legendary""},{""module"":""speed-module-3"",""quality"":""legendary""},{""module"":""speed-module-3"",""quality"":""legendary""},{""module"":""speed-module-3"",""quality"":""legendary""},{""module"":""speed-module-3"",""quality"":""legendary""}]"
37,asteroid-collector,normal,assembling-machine-3,legendary,"[{""module"":""speed-module-3"",""quality"":""legendary""},{""module"":""speed-module-3"",""quality"":""legendary""},{""module"":""speed-module-3"",""quality"":""legendary""},{""module"":""speed-module-3"",""quality"":""legendary""}]",12,"[{""module"":""speed-module-3"",""quality"":""legendary""},{""module"":""speed-module-3"",""quality"":""legendary""},{""module"":""speed-module-3"",""quality"":""legendary""},{""module"":""speed-module-3"",""quality"":""legendary""},{""module"":""speed-module-3"",""quality"":""legendary""},{""module"":""speed-module-3"",""quality"":""legendary""},{""module"":""speed-module-3"",""quality"":""legendary""},{""module"":""speed-module-3"",""quality"":""legendary""},{""module"":""speed-module-3"",""quality"":""legendary""},{""module"":""speed-module-3"",""quality"":""legendary""},{""module"":""speed-module-3"",""quality"":""legendary""},{""module"":""speed-module-3"",""quality"":""legendary""},{""module"":""speed-module-3"",""quality"":""legendary""},{""module"":""speed-module-3"",""quality"":""legendary""},{""module"":""speed-module-3"",""quality"":""legendary""},{""module"":""speed-module-3"",""quality"":""legendary""},{""module"":""speed-module-3"",""quality"":""legendary""},{""module"":""speed-module-3"",""quality"":""legendary""},{""module"":""speed-module-3"",""quality"":""legendary""},{""module"":""speed-module-3"",""quality"":""legendary""},{""module"":""speed-module-3"",""quality"":""legendary""},{""module"":""speed-module-3"",""quality"":""legendary""},{""module"":""speed-module-3"",""quality"":""legendary""},{""module"":""speed-module-3"",""quality"":""legendary""}]"
37,asteroid-collector-recycling,normal,recycler,legendary,"[{""module"":""quality-module-3"",""quality"":""legendary""},{""module"":""quality-module-3"",""quality"":""legendary""},{""module"":""quality-module-3"",""quality"":""legendary""},{""module"":""quality-module-3"",""quality"":""legendary""}]",10,"[{""module"":""speed-module-2"",""quality"":""legendary""}]"
37,asteroid-collector,uncommon,assembling-machine-3,legendary,"[{""module"":""quality-module-3"",""quality"":""legendary""},{""module"":""quality-module-3"",""quality"":""legendary""},{""module"":""quality-module-3"",""quality"":""legendary""},{""module"":""quality-module-3"",""quality"":""legendary""}]",1,"[{""module"":""speed-module"",""quality"":""legendary""}]"
37,asteroid-collector-recycling,uncommon,recycler,legendary,"[{""module"":""quality-module-3"",""quality"":""legendary""},{""module"":""quality-module-3"",""quality"":""legendary""},{""module"":""quality-module-3"",""quality"":""legendary""},{""module"":""quality-module-3"",""quality"":""legendary""}]",0,[]
37,asteroid-collector,rare,assembling-machine-3,legendary,"[{""module"":""quality-module-3"",""quality"":""legendary""},{""module"":""quality-module-3"",""quality"":""legendary""},{""module"":""quality-module-3"",""quality"":""legendary""},{""module"":""quality-module-3"",""quality"":""legendary""}]",0,[]
37,asteroid-collector-recycling,rare,recycler,legendary,"[{""module"":""quality-module-3"",""quality"":""legendary""},{""module"":""quality-module-3"",""quality"":""legendary""},{""module"":""quality-module-3"",""quality"":""legendary""},{""module"":""quality-module-3"",""quality"":""legendary""}]",0,[]
37,asteroid-collector,epic,assembling-machine-3,legendary,"[{""module"":""quality-module-3"",""quality"":""legendary""},{""module"":""quality-module-3"",""quality"":""legendary""},{""module"":""quality-module-3"",""quality"":""legendary""},{""module"":""quality-module-3"",""quality"":""legendary""}]",0,[]
37,asteroid-collector-recycling,epic,recycler,legendary,"[{""module"":""quality-module-3"",""quality"":""legendary""},{""module"":""quality-module-3"",""quality"":""legendary""},{""module"":""quality-module-3"",""quality"":""legendary""},{""module"":""quality-module-3"",""quality"":""legendary""}]",0,[]
37,asteroid-collector,legendary,assembling-machine-3,legendary,"[{""module"":""speed-module-3"",""quality"":""legendary""},{""module"":""speed-module-3"",""quality"":""legendary""},{""module"":""speed-module-3"",""quality"":""legendary""},{""module"":""speed-module-3"",""quality"":""legendary""}]",12,"[{""module"":""speed-module-3"",""quality"":""legendary""},{""module"":""speed-module-3"",""quality"":""legendary""},{""module"":""speed-module-3"",""quality"":""legendary""},{""module"":""speed-module-3"",""quality"":""legendary""},{""module"":""speed-module-3"",""quality"":""legendary""},{""module"":""speed-module-3"",""quality"":""legendary""},{""module"":""speed-module-3"",""quality"":""legendary""},{""module"":""speed-module-3"",""quality"":""legendary""},{""module"":""speed-module-3"",""quality"":""legendary""},{""module"":""speed-module-3"",""quality"":""legendary""},{""module"":""speed-module-3"",""quality"":""legendary""},{""module"":""speed-module-3"",""quality"":""legendary""},{""module"":""speed-module-3"",""quality"":""legendary""},{""module"":""speed-module-3"",""quality"":""legendary""},{""module"":""speed-module-3"",""quality"":""legendary""},{""module"":""speed-module-3"",""quality"":""legendary""},{""module"":""speed-module-3"",""quality"":""legendary""},{""module"":""speed-module-3"",""quality"":""legendary""},{""module"":""speed-module-3"",""quality"":""legendary""},{""module"":""speed-module-3"",""quality"":""legendary""},{""module"":""speed-module-3"",""quality"":""legendary""},{""module"":""speed-module-3"",""quality"":""legendary""},{""module"":""speed-module-3"",""quality"":""legendary""},{""module"":""speed-module-3"",""quality"":""legendary""}]"
37,asteroid-collector-recycling,legendary,recycler,legendary,"[{""module"":""speed-module-3"",""quality"":""legendary""},{""module"":""speed-module-3"",""quality"":""legendary""},{""module"":""speed-module-3"",""quality"":""legendary""},{""module"":""speed-module-3"",""quality"":""legendary""}]",12,"[{""module"":""speed-module-3"",""quality"":""legendary""},{""module"":""speed-module-3"",""quality"":""legendary""},{""module"":""speed-module-3"",""quality"":""legendary""},{""module"":""speed-module-3"",""quality"":""legendary""},{""module"":""speed-module-3"",""quality"":""legendary""},{""module"":""speed-module-3"",""quality"":""legendary""},{""module"":""speed-module-3"",""quality"":""legendary""},{""module"":""speed-module-3"",""quality"":""legendary""},{""module"":""speed-module-3"",""quality"":""legendary""},{""module"":""speed-module-3"",""quality"":""legendary""},{""module"":""speed-module-3"",""quality"":""legendary""},{""module"":""speed-module-3"",""quality"":""legendary""},{""module"":""speed-module-3"",""quality"":""legendary""},{""module"":""speed-module-3"",""quality"":""legendary""},{""module"":""speed-module-3"",""quality"":""legendary""},{""module"":""speed-module-3"",""quality"":""legendary""},{""module"":""speed-module-3"",""quality"":""legendary""},{""module"":""speed-module-3"",""quality"":""legendary""},{""module"":""speed-module-3"",""quality"":""legendary""},{""module"":""speed-module-3"",""quality"":""legendary""},{""module"":""speed-module-3"",""quality"":""legendary""},{""module"":""speed-module-3"",""quality"":""legendary""},{""module"":""speed-module-3"",""quality"":""legendary""},{""module"":""speed-module-3"",""quality"":""legendary""}]"
38,atomic-bomb,normal,assembling-machine-3,legendary,"[{""module"":""quality-module-3"",""quality"":""legendary""},{""module"":""quality-module-3"",""quality"":""legendary""},{""module"":""quality-module-3"",""quality"":""legendary""},{""module"":""quality-module-3"",""quality"":""legendary""}]",0,[]
38,atomic-bomb-recycling,normal,recycler,legendary,"[{""module"":""quality-module-3"",""quality"":""legendary""},{""module"":""quality-module-3"",""quality"":""legendary""},{""module"":""quality-module-3"",""quality"":""legendary""},{""module"":""quality-module-3"",""quality"":""legendary""}]",0,[]
38,atomic-bomb,uncommon,assembling-machine-3,legendary,"[{""module"":""quality-module-3"",""quality"":""legendary""},{""module"":""quality-module-3"",""quality"":""legendary""},{""module"":""quality-module-3"",""quality"":""legendary""},{""module"":""quality-module-3"",""quality"":""legendary""}]",0,[]
38,atomic-bomb-recycling,uncommon,recycler,legendary,"[{""module"":""quality-module-3"",""quality"":""legendary""},{""module"":""quality-module-3"",""quality"":""legendary""},{""module"":""quality-module-3"",""quality"":""legendary""},{""module"":""quality-module-3"",""quality"":""legendary""}]",0,[]
38,atomic-bomb,rare,assembling-machine-3,legendary,"[{""module"":""quality-module-3"",""quality"":""legendary""},{""module"":""quality-module-3"",""quality"":""legendary""},{""module"":""quality-module-3"",""quality"":""legendary""},{""module"":""quality-module-3"",""quality"":""legendary""}]",0,[]
38,atomic-bomb-recycling,rare,recycler,legendary,"[{""module"":""quality-module-3"",""quality"":""legendary""},{""module"":""quality-module-3"",""quality"":""legendary""},{""module"":""quality-module-3"",""quality"":""legendary""},{""module"":""quality-module-3"",""quality"":""legendary""}]",0,[]
38,atomic-bomb,epic,assembling-machine-3,legendary,"[{""module"":""quality-module-3"",""quality"":""legendary""},{""module"":""quality-module-3"",""quality"":""legendary""},{""module"":""quality-module-3"",""quality"":""legendary""},{""module"":""quality-module-3"",""quality"":""legendary""}]",0,[]
38,atomic-bomb-recycling,epic,recycler,legendary,"[{""module"":""quality-module-3"",""quality"":""legendary""},{""module"":""quality-module-3"",""quality"":""legendary""},{""module"":""quality-module-3"",""quality"":""legendary""},{""module"":""quality-module-3"",""quality"":""legendary""}]",0,[]
38,atomic-bomb,legendary,assembling-machine-3,legendary,"[{""module"":""speed-module-3"",""quality"":""legendary""},{""module"":""speed-module-3"",""quality"":""legendary""},{""module"":""speed-module-3"",""quality"":""legendary""},{""module"":""speed-module-3"",""quality"":""legendary""}]",12,"[{""module"":""speed-module-3"",""quality"":""legendary""},{""module"":""speed-module-3"",""quality"":""legendary""},{""module"":""speed-module-3"",""quality"":""legendary""},{""module"":""speed-module-3"",""quality"":""legendary""},{""module"":""speed-module-3"",""quality"":""legendary""},{""module"":""speed-module-3"",""quality"":""legendary""},{""module"":""speed-module-3"",""quality"":""legendary""},{""module"":""speed-module-3"",""quality"":""legendary""},{""module"":""speed-module-3"",""quality"":""legendary""},{""module"":""speed-module-3"",""quality"":""legendary""},{""module"":""speed-module-3"",""quality"":""legendary""},{""module"":""speed-module-3"",""quality"":""legendary""},{""module"":""speed-module-3"",""quality"":""legendary""},{""module"":""speed-module-3"",""quality"":""legendary""},{""module"":""speed-module-3"",""quality"":""legendary""},{""module"":""speed-module-3"",""quality"":""legendary""},{""module"":""speed-module-3"",""quality"":""legendary""},{""module"":""speed-module-3"",""quality"":""legendary""},{""module"":""speed-module-3"",""quality"":""legendary""},{""module"":""speed-module-3"",""quality"":""legendary""},{""module"":""speed-module-3"",""quality"":""legendary""},{""module"":""speed-module-3"",""quality"":""legendary""},{""module"":""speed-module-3"",""quality"":""legendary""},{""module"":""speed-module-3"",""quality"":""legendary""}]"
38,atomic-bomb-recycling,legendary,recycler,legendary,"[{""module"":""speed-module-3"",""quality"":""legendary""},{""module"":""speed-module-3"",""quality"":""legendary""},{""module"":""speed-module-3"",""quality"":""legendary""},{""module"":""speed-module-3"",""quality"":""legendary""}]",12,"[{""module"":""speed-module-3"",""quality"":""legendary""},{""module"":""speed-module-3"",""quality"":""legendary""},{""module"":""speed-module-3"",""quality"":""legendary""},{""module"":""speed-module-3"",""quality"":""legendary""},{""module"":""speed-module-3"",""quality"":""legendary""},{""module"":""speed-module-3"",""quality"":""legendary""},{""module"":""speed-module-3"",""quality"":""legendary""},{""module"":""speed-module-3"",""quality"":""legendary""},{""module"":""speed-module-3"",""quality"":""legendary""},{""module"":""speed-module-3"",""quality"":""legendary""},{""module"":""speed-module-3"",""quality"":""legendary""},{""module"":""speed-module-3"",""quality"":""legendary""},{""module"":""speed-module-3"",""quality"":""legendary""},{""module"":""speed-module-3"",""quality"":""legendary""},{""module"":""speed-module-3"",""quality"":""legendary""},{""module"":""speed-module-3"",""quality"":""legendary""},{""module"":""speed-module-3"",""quality"":""legendary""},{""module"":""speed-module-3"",""quality"":""legendary""},{""module"":""speed-module-3"",""quality"":""legendary""},{""module"":""speed-module-3"",""quality"":""legendary""},{""module"":""speed-module-3"",""quality"":""legendary""},{""module"":""speed-module-3"",""quality"":""legendary""},{""module"":""speed-module-3"",""quality"":""legendary""},{""module"":""speed-module-3"",""quality"":""legendary""}]"
39,atomic-bomb,normal,assembling-machine-3,legendary,"[{""module"":""speed-module-3"",""quality"":""legendary""},{""module"":""speed-module-3"",""quality"":""legendary""},{""module"":""speed-module-3"",""quality"":""legendary""},{""module"":""speed-module-3"",""quality"":""legendary""}]",12,"[{""module"":""speed-module-3"",""quality"":""legendary""},{""module"":""speed-module-3"",""quality"":""legendary""},{""module"":""speed-module-3"",""quality"":""legendary""},{""module"":""speed-module-3"",""quality"":""legendary""},{""module"":""speed-module-3"",""quality"":""legendary""},{""module"":""speed-module-3"",""quality"":""legendary""},{""module"":""speed-module-3"",""quality"":""legendary""},{""module"":""speed-module-3"",""quality"":""legendary""},{""module"":""speed-module-3"",""quality"":""legendary""},{""module"":""speed-module-3"",""quality"":""legendary""},{""module"":""speed-module-3"",""quality"":""legendary""},{""module"":""speed-module-3"",""quality"":""legendary""},{""module"":""speed-module-3"",""quality"":""legendary""},{""module"":""speed-module-3"",""quality"":""legendary""},{""module"":""speed-module-3"",""quality"":""legendary""},{""module"":""speed-module-3"",""quality"":""legendary""},{""module"":""speed-module-3"",""quality"":""legendary""},{""module"":""speed-module-3"",""quality"":""legendary""},{""module"":""speed-module-3"",""quality"":""legendary""},{""module"":""speed-module-3"",""quality"":""legendary""},{""module"":""speed-module-3"",""quality"":""legendary""},{""module"":""speed-module-3"",""quality"":""legendary""},{""module"":""speed-module-3"",""quality"":""legendary""},{""module"":""speed-module-3"",""quality"":""legendary""}]"
39,atomic-bomb-recycling,normal,recycler,legendary,"[{""module"":""quality-module-3"",""quality"":""legendary""},{""module"":""quality-module-3"",""quality"":""legendary""},{""module"":""quality-module-3"",""quality"":""legendary""},{""module"":""quality-module-3"",""quality"":""legendary""}]",10,"[{""module"":""speed-module-2"",""quality"":""legendary""}]"
39,atomic-bomb,uncommon,assembling-machine-3,legendary,"[{""module"":""quality-module-3"",""quality"":""legendary""},{""module"":""quality-module-3"",""quality"":""legendary""},{""module"":""quality-module-3"",""quality"":""legendary""},{""module"":""quality-module-3"",""quality"":""legendary""}]",1,"[{""module"":""speed-module"",""quality"":""legendary""}]"
39,atomic-bomb-recycling,uncommon,recycler,legendary,"[{""module"":""quality-module-3"",""quality"":""legendary""},{""module"":""quality-module-3"",""quality"":""legendary""},{""module"":""quality-module-3"",""quality"":""legendary""},{""module"":""quality-module-3"",""quality"":""legendary""}]",0,[]
39,atomic-bomb,rare,assembling-machine-3,legendary,"[{""module"":""quality-module-3"",""quality"":""legendary""},{""module"":""quality-module-3"",""quality"":""legendary""},{""module"":""quality-module-3"",""quality"":""legendary""},{""module"":""quality-module-3"",""quality"":""legendary""}]",0,[]
39,atomic-bomb-recycling,rare,recycler,legendary,"[{""module"":""quality-module-3"",""quality"":""legendary""},{""module"":""quality-module-3"",""quality"":""legendary""},{""module"":""quality-module-3"",""quality"":""legendary""},{""module"":""quality-module-3"",""quality"":""legendary""}]",0,[]
39,atomic-bomb,epic,assembling-machine-3,legendary,"[{""module"":""quality-module-3"",""quality"":""legendary""},{""module"":""quality-module-3"",""quality"":""legendary""},{""module"":""quality-module-3"",""quality"":""legendary""},{""module"":""quality-module-3"",""quality"":""legendary""}]",0,[]
39,atomic-bomb-recycling,epic,recycler,legendary,"[{""module"":""quality-module-3"",""quality"":""legendary""},{""module"":""quality-module-3"",""quality"":""legendary""},{""module"":""quality-module-3"",""quality"":""legendary""},{""module"":""quality-module-3"",""quality"":""legendary""}]",0,[]
39,atomic-bomb,legendary,assembling-machine-3,legendary,"[{""module"":""speed-module-3"",""quality"":""legendary""},{""module"":""speed-module-3"",""quality"":""legendary""},{""module"":""speed-module-3"",""quality"":""legendary""},{""module"":""speed-module-3"",""quality"":""legendary""}]",12,"[{""module"":""speed-module-3"",""quality"":""legendary""},{""module"":""speed-module-3"",""quality"":""legendary""},{""module"":""speed-module-3"",""quality"":""legendary""},{""module"":""speed-module-3"",""quality"":""legendary""},{""module"":""speed-module-3"",""quality"":""legendary""},{""module"":""speed-module-3"",""quality"":""legendary""},{""module"":""speed-module-3"",""quality"":""legendary""},{""module"":""speed-module-3"",""quality"":""legendary""},{""module"":""speed-module-3"",""quality"":""legendary""},{""module"":""speed-module-3"",""quality"":""legendary""},{""module"":""speed-module-3"",""quality"":""legendary""},{""module"":""speed-module-3"",""quality"":""legendary""},{""module"":""speed-module-3"",""quality"":""legendary""},{""module"":""speed-module-3"",""quality"":""legendary""},{""module"":""speed-module-3"",""quality"":""legendary""},{""module"":""speed-module-3"",""quality"":""legendary""},{""module"":""speed-module-3"",""quality"":""legendary""},{""module"":""speed-module-3"",""quality"":""legendary""},{""module"":""speed-module-3"",""quality"":""legendary""},{""module"":""speed-module-3"",""quality"":""legendary""},{""module"":""speed-module-3"",""quality"":""legendary""},{""module"":""speed-module-3"",""quality"":""legendary""},{""module"":""speed-module-3"",""quality"":""legendary""},{""module"":""speed-module-3"",""quality"":""legendary""}]"
39,atomic-bomb-recycling,legendary,recycler,legendary,"[{""module"":""speed-module-3"",""quality"":""legendary""},{""module"":""speed-module-3"",""quality"":""legendary""},{""module"":""speed-module-3"",""quality"":""legendary""},{""module"":""speed-module-3"",""quality"":""legendary""}]",12,"[{""module"":""speed-module-3"",""quality"":""legendary""},{""module"":""speed-module-3"",""quality"":""legendary""},{""module"":""speed-module-3"",""quality"":""legendary""},{""module"":""speed-module-3"",""quality"":""legendary""},{""module"":""speed-module-3"",""quality"":""legendary""},{""module"":""speed-module-3"",""quality"":""legendary""},{""module"":""speed-module-3"",""quality"":""legendary""},{""module"":""speed-module-3"",""quality"":""legendary""},{""module"":""speed-module-3"",""quality"":""legendary""},{""module"":""speed-module-3"",""quality"":""legendary""},{""module"":""speed-module-3"",""quality"":""legendary""},{""module"":""speed-module-3"",""quality"":""legendary""},{""module"":""speed-module-3"",""quality"":""legendary""},{""module"":""speed-module-3"",""quality"":""legendary""},{""module"":""speed-module-3"",""quality"":""legendary""},{""module"":""speed-module-3"",""quality"":""legendary""},{""module"":""speed-module-3"",""quality"":""legendary""},{""module"":""speed-module-3"",""quality"":""legendary""},{""module"":""speed-module-3"",""quality"":""legendary""},{""module"":""speed-module-3"",""quality"":""legendary""},{""module"":""speed-module-3"",""quality"":""legendary""},{""module"":""speed-module-3"",""quality"":""legendary""},{""module"":""speed-module-3"",""quality"":""legendary""},{""module"":""speed-module-3"",""quality"":""legendary""}]"
40,battery-mk2-equipment,normal,assembling-machine-3,legendary,"[{""module"":""quality-module-3"",""quality"":""legendary""},{""module"":""quality-module-3"",""quality"":""legendary""},{""module"":""quality-module-3"",""quality"":""legendary""},{""module"":""quality-module-3"",""quality"":""legendary""}]",0,[]
40,battery-mk2-equipment-recycling,normal,recycler,legendary,"[{""module"":""quality-module-3"",""quality"":""legendary""},{""module"":""quality-module-3"",""quality"":""legendary""},{""module"":""quality-module-3"",""quality"":""legendary""},{""module"":""quality-module-3"",""quality"":""legendary""}]",0,[]
40,battery-mk2-equipment,uncommon,assembling-machine-3,legendary,"[{""module"":""quality-module-3"",""quality"":""legendary""},{""module"":""quality-module-3"",""quality"":""legendary""},{""module"":""quality-module-3"",""quality"":""legendary""},{""module"":""quality-module-3"",""quality"":""legendary""}]",0,[]
40,battery-mk2-equipment-recycling,uncommon,recycler,legendary,"[{""module"":""quality-module-3"",""quality"":""legendary""},{""module"":""quality-module-3"",""quality"":""legendary""},{""module"":""quality-module-3"",""quality"":""legendary""},{""module"":""quality-module-3"",""quality"":""legendary""}]",0,[]
40,battery-mk2-equipment,rare,assembling-machine-3,legendary,"[{""module"":""quality-module-3"",""quality"":""legendary""},{""module"":""quality-module-3"",""quality"":""legendary""},{""module"":""quality-module-3"",""quality"":""legendary""},{""module"":""quality-module-3"",""quality"":""legendary""}]",0,[]
40,battery-mk2-equipment-recycling,rare,recycler,legendary,"[{""module"":""quality-module-3"",""quality"":""legendary""},{""module"":""quality-module-3"",""quality"":""legendary""},{""module"":""quality-module-3"",""quality"":""legendary""},{""module"":""quality-module-3"",""quality"":""legendary""}]",0,[]
40,battery-mk2-equipment,epic,assembling-machine-3,legendary,"[{""module"":""quality-module-3"",""quality"":""legendary""},{""module"":""quality-module-3"",""quality"":""legendary""},{""module"":""quality-module-3"",""quality"":""legendary""},{""module"":""quality-module-3"",""quality"":""legendary""}]",0,[]
40,battery-mk2-equipment-recycling,epic,recycler,legendary,"[{""module"":""quality-module-3"",""quality"":""legendary""},{""module"":""quality-module-3"",""quality"":""legendary""},{""module"":""quality-module-3"",""quality"":""legendary""},{""module"":""quality-module-3"",""quality"":""legendary""}]",0,[]
40,battery-mk2-equipment,legendary,assembling-machine-3,legendary,"[{""module"":""speed-module-3"",""quality"":""legendary""},{""module"":""speed-module-3"",""quality"":""legendary""},{""module"":""speed-module-3"",""quality"":""legendary""},{""module"":""speed-module-3"",""quality"":""legendary""}]",12,"[{""module"":""speed-module-3"",""quality"":""legendary""},{""module"":""speed-module-3"",""quality"":""legendary""},{""module"":""speed-module-3"",""quality"":""legendary""},{""module"":""speed-module-3"",""quality"":""legendary""},{""module"":""speed-module-3"",""quality"":""legendary""},{""module"":""speed-module-3"",""quality"":""legendary""},{""module"":""speed-module-3"",""quality"":""legendary""},{""module"":""speed-module-3"",""quality"":""legendary""},{""module"":""speed-module-3"",""quality"":""legendary""},{""module"":""speed-module-3"",""quality"":""legendary""},{""module"":""speed-module-3"",""quality"":""legendary""},{""module"":""speed-module-3"",""quality"":""legendary""},{""module"":""speed-module-3"",""quality"":""legendary""},{""module"":""speed-module-3"",""quality"":""legendary""},{""module"":""speed-module-3"",""quality"":""legendary""},{""module"":""speed-module-3"",""quality"":""legendary""},{""module"":""speed-module-3"",""quality"":""legendary""},{""module"":""speed-module-3"",""quality"":""legendary""},{""module"":""speed-module-3"",""quality"":""legendary""},{""module"":""speed-module-3"",""quality"":""legendary""},{""module"":""speed-module-3"",""quality"":""legendary""},{""module"":""speed-module-3"",""quality"":""legendary""},{""module"":""speed-module-3"",""quality"":""legendary""},{""module"":""speed-module-3"",""quality"":""legendary""}]"
40,battery-mk2-equipment-recycling,legendary,recycler,legendary,"[{""module"":""speed-module-3"",""quality"":""legendary""},{""module"":""speed-module-3"",""quality"":""legendary""},{""module"":""speed-module-3"",""quality"":""legendary""},{""module"":""speed-module-3"",""quality"":""legendary""}]",12,"[{""module"":""speed-module-3"",""quality"":""legendary""},{""module"":""speed-module-3"",""quality"":""legendary""},{""module"":""speed-module-3"",""quality"":""legendary""},{""module"":""speed-module-3"",""quality"":""legendary""},{""module"":""speed-module-3"",""quality"":""legendary""},{""module"":""speed-module-3"",""quality"":""legendary""},{""module"":""speed-module-3"",""quality"":""legendary""},{""module"":""speed-module-3"",""quality"":""legendary""},{""module"":""speed-module-3"",""quality"":""legendary""},{""module"":""speed-module-3"",""quality"":""legendary""},{""module"":""speed-module-3"",""quality"":""legendary""},{""module"":""speed-module-3"",""quality"":""legendary""},{""module"":""speed-module-3"",""quality"":""legendary""},{""module"":""speed-module-3"",""quality"":""legendary""},{""module"":""speed-module-3"",""quality"":""legendary""},{""module"":""speed-module-3"",""quality"":""legendary""},{""module"":""speed-module-3"",""quality"":""legendary""},{""module"":""speed-module-3"",""quality"":""legendary""},{""module"":""speed-module-3"",""quality"":""legendary""},{""module"":""speed-module-3"",""quality"":""legendary""},{""module"":""speed-module-3"",""quality"":""legendary""},{""module"":""speed-module-3"",""quality"":""legendary""},{""module"":""speed-module-3"",""quality"":""legendary""},{""module"":""speed-module-3"",""quality"":""legendary""}]"
41,battery-mk2-equipment,normal,assembling-machine-3,legendary,"[{""module"":""speed-module-3"",""quality"":""legendary""},{""module"":""speed-module-3"",""quality"":""legendary""},{""module"":""speed-module-3"",""quality"":""legendary""},{""module"":""speed-module-3"",""quality"":""legendary""}]",12,"[{""module"":""speed-module-3"",""quality"":""legendary""},{""module"":""speed-module-3"",""quality"":""legendary""},{""module"":""speed-module-3"",""quality"":""legendary""},{""module"":""speed-module-3"",""quality"":""legendary""},{""module"":""speed-module-3"",""quality"":""legendary""},{""module"":""speed-module-3"",""quality"":""legendary""},{""module"":""speed-module-3"",""quality"":""legendary""},{""module"":""speed-module-3"",""quality"":""legendary""},{""module"":""speed-module-3"",""quality"":""legendary""},{""module"":""speed-module-3"",""quality"":""legendary""},{""module"":""speed-module-3"",""quality"":""legendary""},{""module"":""speed-module-3"",""quality"":""legendary""},{""module"":""speed-module-3"",""quality"":""legendary""},{""module"":""speed-module-3"",""quality"":""legendary""},{""module"":""speed-module-3"",""quality"":""legendary""},{""module"":""speed-module-3"",""quality"":""legendary""},{""module"":""speed-module-3"",""quality"":""legendary""},{""module"":""speed-module-3"",""quality"":""legendary""},{""module"":""speed-module-3"",""quality"":""legendary""},{""module"":""speed-module-3"",""quality"":""legendary""},{""module"":""speed-module-3"",""quality"":""legendary""},{""module"":""speed-module-3"",""quality"":""legendary""},{""module"":""speed-module-3"",""quality"":""legendary""},{""module"":""speed-module-3"",""quality"":""legendary""}]"
41,battery-mk2-equipment-recycling,normal,recycler,legendary,"[{""module"":""quality-module-3"",""quality"":""legendary""},{""module"":""quality-module-3"",""quality"":""legendary""},{""module"":""quality-module-3"",""quality"":""legendary""},{""module"":""quality-module-3"",""quality"":""legendary""}]",10,"[{""module"":""speed-module-2"",""quality"":""legendary""}]"
41,battery-mk2-equipment,uncommon,assembling-machine-3,legendary,"[{""module"":""quality-module-3"",""quality"":""legendary""},{""module"":""quality-module-3"",""quality"":""legendary""},{""module"":""quality-module-3"",""quality"":""legendary""},{""module"":""quality-module-3"",""quality"":""legendary""}]",1,"[{""module"":""speed-module"",""quality"":""legendary""}]"
41,battery-mk2-equipment-recycling,uncommon,recycler,legendary,"[{""module"":""quality-module-3"",""quality"":""legendary""},{""module"":""quality-module-3"",""quality"":""legendary""},{""module"":""quality-module-3"",""quality"":""legendary""},{""module"":""quality-module-3"",""quality"":""legendary""}]",0,[]
41,battery-mk2-equipment,rare,assembling-machine-3,legendary,"[{""module"":""quality-module-3"",""quality"":""legendary""},{""module"":""quality-module-3"",""quality"":""legendary""},{""module"":""quality-module-3"",""quality"":""legendary""},{""module"":""quality-module-3"",""quality"":""legendary""}]",0,[]
41,battery-mk2-equipment-recycling,rare,recycler,legendary,"[{""module"":""quality-module-3"",""quality"":""legendary""},{""module"":""quality-module-3"",""quality"":""legendary""},{""module"":""quality-module-3"",""quality"":""legendary""},{""module"":""quality-module-3"",""quality"":""legendary""}]",0,[]
41,battery-mk2-equipment,epic,assembling-machine-3,legendary,"[{""module"":""quality-module-3"",""quality"":""legendary""},{""module"":""quality-module-3"",""quality"":""legendary""},{""module"":""quality-module-3"",""quality"":""legendary""},{""module"":""quality-module-3"",""quality"":""legendary""}]",0,[]
41,battery-mk2-equipment-recycling,epic,recycler,legendary,"[{""module"":""quality-module-3"",""quality"":""legendary""},{""module"":""quality-module-3"",""quality"":""legendary""},{""module"":""quality-module-3"",""quality"":""legendary""},{""module"":""quality-module-3"",""quality"":""legendary""}]",0,[]
41,battery-mk2-equipment,legendary,assembling-machine-3,legendary,"[{""module"":""speed-module-3"",""quality"":""legendary""},{""module"":""speed-module-3"",""quality"":""legendary""},{""module"":""speed-module-3"",""quality"":""legendary""},{""module"":""speed-module-3"",""quality"":""legendary""}]",12,"[{""module"":""speed-module-3"",""quality"":""legendary""},{""module"":""speed-module-3"",""quality"":""legendary""},{""module"":""speed-module-3"",""quality"":""legendary""},{""module"":""speed-module-3"",""quality"":""legendary""},{""module"":""speed-module-3"",""quality"":""legendary""},{""module"":""speed-module-3"",""quality"":""legendary""},{""module"":""speed-module-3"",""quality"":""legendary""},{""module"":""speed-module-3"",""quality"":""legendary""},{""module"":""speed-module-3"",""quality"":""legendary""},{""module"":""speed-module-3"",""quality"":""legendary""},{""module"":""speed-module-3"",""quality"":""legendary""},{""module"":""speed-module-3"",""quality"":""legendary""},{""module"":""speed-module-3"",""quality"":""legendary""},{""module"":""speed-module-3"",""quality"":""legendary""},{""module"":""speed-module-3"",""quality"":""legendary""},{""module"":""speed-module-3"",""quality"":""legendary""},{""module"":""speed-module-3"",""quality"":""legendary""},{""module"":""speed-module-3"",""quality"":""legendary""},{""module"":""speed-module-3"",""quality"":""legendary""},{""module"":""speed-module-3"",""quality"":""legendary""},{""module"":""speed-module-3"",""quality"":""legendary""},{""module"":""speed-module-3"",""quality"":""legendary""},{""module"":""speed-module-3"",""quality"":""legendary""},{""module"":""speed-module-3"",""quality"":""legendary""}]"
41,battery-mk2-equipment-recycling,legendary,recycler,legendary,"[{""module"":""speed-module-3"",""quality"":""legendary""},{""module"":""speed-module-3"",""quality"":""legendary""},{""module"":""speed-module-3"",""quality"":""legendary""},{""module"":""speed-module-3"",""quality"":""legendary""}]",12,"[{""module"":""speed-module-3"",""quality"":""legendary""},{""module"":""speed-module-3"",""quality"":""legendary""},{""module"":""speed-module-3"",""quality"":""legendary""},{""module"":""speed-module-3"",""quality"":""legendary""},{""module"":""speed-module-3"",""quality"":""legendary""},{""module"":""speed-module-3"",""quality"":""legendary""},{""module"":""speed-module-3"",""quality"":""legendary""},{""module"":""speed-module-3"",""quality"":""legendary""},{""module"":""speed-module-3"",""quality"":""legendary""},{""module"":""speed-module-3"",""quality"":""legendary""},{""module"":""speed-module-3"",""quality"":""legendary""},{""module"":""speed-module-3"",""quality"":""legendary""},{""module"":""speed-module-3"",""quality"":""legendary""},{""module"":""speed-module-3"",""quality"":""legendary""},{""module"":""speed-module-3"",""quality"":""legendary""},{""module"":""speed-module-3"",""quality"":""legendary""},{""module"":""speed-module-3"",""quality"":""legendary""},{""module"":""speed-module-3"",""quality"":""legendary""},{""module"":""speed-module-3"",""quality"":""legendary""},{""module"":""speed-module-3"",""quality"":""legendary""},{""module"":""speed-module-3"",""quality"":""legendary""},{""module"":""speed-module-3"",""quality"":""legendary""},{""module"":""speed-module-3"",""quality"":""legendary""},{""module"":""speed-module-3"",""quality"":""legendary""}]"
42,capture-robot-rocket,normal,assembling-machine-3,legendary,"[{""module"":""quality-module-3"",""quality"":""legendary""},{""module"":""quality-module-3"",""quality"":""legendary""},{""module"":""quality-module-3"",""quality"":""legendary""},{""module"":""quality-module-3"",""quality"":""legendary""}]",0,[]
42,capture-robot-rocket-recycling,normal,recycler,legendary,"[{""module"":""quality-module-3"",""quality"":""legendary""},{""module"":""quality-module-3"",""quality"":""legendary""},{""module"":""quality-module-3"",""quality"":""legendary""},{""module"":""quality-module-3"",""quality"":""legendary""}]",0,[]
42,capture-robot-rocket,uncommon,assembling-machine-3,legendary,"[{""module"":""quality-module-3"",""quality"":""legendary""},{""module"":""quality-module-3"",""quality"":""legendary""},{""module"":""quality-module-3"",""quality"":""legendary""},{""module"":""quality-module-3"",""quality"":""legendary""}]",0,[]
42,capture-robot-rocket-recycling,uncommon,recycler,legendary,"[{""module"":""quality-module-3"",""quality"":""legendary""},{""module"":""quality-module-3"",""quality"":""legendary""},{""module"":""quality-module-3"",""quality"":""legendary""},{""module"":""quality-module-3"",""quality"":""legendary""}]",0,[]
42,capture-robot-rocket,rare,assembling-machine-3,legendary,"[{""module"":""quality-module-3"",""quality"":""legendary""},{""module"":""quality-module-3"",""quality"":""legendary""},{""module"":""quality-module-3"",""quality"":""legendary""},{""module"":""quality-module-3"",""quality"":""legendary""}]",0,[]
42,capture-robot-rocket-recycling,rare,recycler,legendary,"[{""module"":""quality-module-3"",""quality"":""legendary""},{""module"":""quality-module-3"",""quality"":""legendary""},{""module"":""quality-module-3"",""quality"":""legendary""},{""module"":""quality-module-3"",""quality"":""legendary""}]",0,[]
42,capture-robot-rocket,epic,assembling-machine-3,legendary,"[{""module"":""quality-module-3"",""quality"":""legendary""},{""module"":""quality-module-3"",""quality"":""legendary""},{""module"":""quality-module-3"",""quality"":""legendary""},{""module"":""quality-module-3"",""quality"":""legendary""}]",0,[]
42,capture-robot-rocket-recycling,epic,recycler,legendary,"[{""module"":""quality-module-3"",""quality"":""legendary""},{""module"":""quality-module-3"",""quality"":""legendary""},{""module"":""quality-module-3"",""quality"":""legendary""},{""module"":""quality-module-3"",""quality"":""legendary""}]",0,[]
42,capture-robot-rocket,legendary,assembling-machine-3,legendary,"[{""module"":""speed-module-3"",""quality"":""legendary""},{""module"":""speed-module-3"",""quality"":""legendary""},{""module"":""speed-module-3"",""quality"":""legendary""},{""module"":""speed-module-3"",""quality"":""legendary""}]",12,"[{""module"":""speed-module-3"",""quality"":""legendary""},{""module"":""speed-module-3"",""quality"":""legendary""},{""module"":""speed-module-3"",""quality"":""legendary""},{""module"":""speed-module-3"",""quality"":""legendary""},{""module"":""speed-module-3"",""quality"":""legendary""},{""module"":""speed-module-3"",""quality"":""legendary""},{""module"":""speed-module-3"",""quality"":""legendary""},{""module"":""speed-module-3"",""quality"":""legendary""},{""module"":""speed-module-3"",""quality"":""legendary""},{""module"":""speed-module-3"",""quality"":""legendary""},{""module"":""speed-module-3"",""quality"":""legendary""},{""module"":""speed-module-3"",""quality"":""legendary""},{""module"":""speed-module-3"",""quality"":""legendary""},{""module"":""speed-module-3"",""quality"":""legendary""},{""module"":""speed-module-3"",""quality"":""legendary""},{""module"":""speed-module-3"",""quality"":""legendary""},{""module"":""speed-module-3"",""quality"":""legendary""},{""module"":""speed-module-3"",""quality"":""legendary""},{""module"":""speed-module-3"",""quality"":""legendary""},{""module"":""speed-module-3"",""quality"":""legendary""},{""module"":""speed-module-3"",""quality"":""legendary""},{""module"":""speed-module-3"",""quality"":""legendary""},{""module"":""speed-module-3"",""quality"":""legendary""},{""module"":""speed-module-3"",""quality"":""legendary""}]"
42,capture-robot-rocket-recycling,legendary,recycler,legendary,"[{""module"":""speed-module-3"",""quality"":""legendary""},{""module"":""speed-module-3"",""quality"":""legendary""},{""module"":""speed-module-3"",""quality"":""legendary""},{""module"":""speed-module-3"",""quality"":""legendary""}]",12,"[{""module"":""speed-module-3"",""quality"":""legendary""},{""module"":""speed-module-3"",""quality"":""legendary""},{""module"":""speed-module-3"",""quality"":""legendary""},{""module"":""speed-module-3"",""quality"":""legendary""},{""module"":""speed-module-3"",""quality"":""legendary""},{""module"":""speed-module-3"",""quality"":""legendary""},{""module"":""speed-module-3"",""quality"":""legendary""},{""module"":""speed-module-3"",""quality"":""legendary""},{""module"":""speed-module-3"",""quality"":""legendary""},{""module"":""speed-module-3"",""quality"":""legendary""},{""module"":""speed-module-3"",""quality"":""legendary""},{""module"":""speed-module-3"",""quality"":""legendary""},{""module"":""speed-module-3"",""quality"":""legendary""},{""module"":""speed-module-3"",""quality"":""legendary""},{""module"":""speed-module-3"",""quality"":""legendary""},{""module"":""speed-module-3"",""quality"":""legendary""},{""module"":""speed-module-3"",""quality"":""legendary""},{""module"":""speed-module-3"",""quality"":""legendary""},{""module"":""speed-module-3"",""quality"":""legendary""},{""module"":""speed-module-3"",""quality"":""legendary""},{""module"":""speed-module-3"",""quality"":""legendary""},{""module"":""speed-module-3"",""quality"":""legendary""},{""module"":""speed-module-3"",""quality"":""legendary""},{""module"":""speed-module-3"",""quality"":""legendary""}]"
43,capture-robot-rocket,normal,assembling-machine-3,legendary,"[{""module"":""speed-module-3"",""quality"":""legendary""},{""module"":""speed-module-3"",""quality"":""legendary""},{""module"":""speed-module-3"",""quality"":""legendary""},{""module"":""speed-module-3"",""quality"":""legendary""}]",12,"[{""module"":""speed-module-3"",""quality"":""legendary""},{""module"":""speed-module-3"",""quality"":""legendary""},{""module"":""speed-module-3"",""quality"":""legendary""},{""module"":""speed-module-3"",""quality"":""legendary""},{""module"":""speed-module-3"",""quality"":""legendary""},{""module"":""speed-module-3"",""quality"":""legendary""},{""module"":""speed-module-3"",""quality"":""legendary""},{""module"":""speed-module-3"",""quality"":""legendary""},{""module"":""speed-module-3"",""quality"":""legendary""},{""module"":""speed-module-3"",""quality"":""legendary""},{""module"":""speed-module-3"",""quality"":""legendary""},{""module"":""speed-module-3"",""quality"":""legendary""},{""module"":""speed-module-3"",""quality"":""legendary""},{""module"":""speed-module-3"",""quality"":""legendary""},{""module"":""speed-module-3"",""quality"":""legendary""},{""module"":""speed-module-3"",""quality"":""legendary""},{""module"":""speed-module-3"",""quality"":""legendary""},{""module"":""speed-module-3"",""quality"":""legendary""},{""module"":""speed-module-3"",""quality"":""legendary""},{""module"":""speed-module-3"",""quality"":""legendary""},{""module"":""speed-module-3"",""quality"":""legendary""},{""module"":""speed-module-3"",""quality"":""legendary""},{""module"":""speed-module-3"",""quality"":""legendary""},{""module"":""speed-module-3"",""quality"":""legendary""}]"
43,capture-robot-rocket-recycling,normal,recycler,legendary,"[{""module"":""quality-module-3"",""quality"":""legendary""},{""module"":""quality-module-3"",""quality"":""legendary""},{""module"":""quality-module-3"",""quality"":""legendary""},{""module"":""quality-module-3"",""quality"":""legendary""}]",10,"[{""module"":""speed-module-2"",""quality"":""legendary""}]"
43,capture-robot-rocket,uncommon,assembling-machine-3,legendary,"[{""module"":""quality-module-3"",""quality"":""legendary""},{""module"":""quality-module-3"",""quality"":""legendary""},{""module"":""quality-module-3"",""quality"":""legendary""},{""module"":""quality-module-3"",""quality"":""legendary""}]",1,"[{""module"":""speed-module"",""quality"":""legendary""}]"
43,capture-robot-rocket-recycling,uncommon,recycler,legendary,"[{""module"":""quality-module-3"",""quality"":""legendary""},{""module"":""quality-module-3"",""quality"":""legendary""},{""module"":""quality-module-3"",""quality"":""legendary""},{""module"":""quality-module-3"",""quality"":""legendary""}]",0,[]
43,capture-robot-rocket,rare,assembling-machine-3,legendary,"[{""module"":""quality-module-3"",""quality"":""legendary""},{""module"":""quality-module-3"",""quality"":""legendary""},{""module"":""quality-module-3"",""quality"":""legendary""},{""module"":""quality-module-3"",""quality"":""legendary""}]",0,[]
43,capture-robot-rocket-recycling,rare,recycler,legendary,"[{""module"":""quality-module-3"",""quality"":""legendary""},{""module"":""quality-module-3"",""quality"":""legendary""},{""module"":""quality-module-3"",""quality"":""legendary""},{""module"":""quality-module-3"",""quality"":""legendary""}]",0,[]
43,capture-robot-rocket,epic,assembling-machine-3,legendary,"[{""module"":""quality-module-3"",""quality"":""legendary""},{""module"":""quality-module-3"",""quality"":""legendary""},{""module"":""quality-module-3"",""quality"":""legendary""},{""module"":""quality-module-3"",""quality"":""legendary""}]",0,[]
43,capture-robot-rocket-recycling,epic,recycler,legendary,"[{""module"":""quality-module-3"",""quality"":""legendary""},{""module"":""quality-module-3"",""quality"":""legendary""},{""module"":""quality-module-3"",""quality"":""legendary""},{""module"":""quality-module-3"",""quality"":""legendary""}]",0,[]
43,capture-robot-rocket,legendary,assembling-machine-3,legendary,"[{""module"":""speed-module-3"",""quality"":""legendary""},{""module"":""speed-module-3"",""quality"":""legendary""},{""module"":""speed-module-3"",""quality"":""legendary""},{""module"":""speed-module-3"",""quality"":""legendary""}]",12,"[{""module"":""speed-module-3"",""quality"":""legendary""},{""module"":""speed-module-3"",""quality"":""legendary""},{""module"":""speed-module-3"",""quality"":""legendary""},{""module"":""speed-module-3"",""quality"":""legendary""},{""module"":""speed-module-3"",""quality"":""legendary""},{""module"":""speed-module-3"",""quality"":""legendary""},{""module"":""speed-module-3"",""quality"":""legendary""},{""module"":""speed-module-3"",""quality"":""legendary""},{""module"":""speed-module-3"",""quality"":""legendary""},{""module"":""speed-module-3"",""quality"":""legendary""},{""module"":""speed-module-3"",""quality"":""legendary""},{""module"":""speed-module-3"",""quality"":""legendary""},{""module"":""speed-module-3"",""quality"":""legendary""},{""module"":""speed-module-3"",""quality"":""legendary""},{""module"":""speed-module-3"",""quality"":""legendary""},{""module"":""speed-module-3"",""quality"":""legendary""},{""module"":""speed-module-3"",""quality"":""legendary""},{""module"":""speed-module-3"",""quality"":""legendary""},{""module"":""speed-module-3"",""quality"":""legendary""},{""module"":""speed-module-3"",""quality"":""legendary""},{""module"":""speed-module-3"",""quality"":""legendary""},{""module"":""speed-module-3"",""quality"":""legendary""},{""module"":""speed-module-3"",""quality"":""legendary""},{""module"":""speed-module-3"",""quality"":""legendary""}]"
43,capture-robot-rocket-recycling,legendary,recycler,legendary,"[{""module"":""speed-module-3"",""quality"":""legendary""},{""module"":""speed-module-3"",""quality"":""legendary""},{""module"":""speed-module-3"",""quality"":""legendary""},{""module"":""speed-module-3"",""quality"":""legendary""}]",12,"[{""module"":""speed-module-3"",""quality"":""legendary""},{""module"":""speed-module-3"",""quality"":""legendary""},{""module"":""speed-module-3"",""quality"":""legendary""},{""module"":""speed-module-3"",""quality"":""legendary""},{""module"":""speed-module-3"",""quality"":""legendary""},{""module"":""speed-module-3"",""quality"":""legendary""},{""module"":""speed-module-3"",""quality"":""legendary""},{""module"":""speed-module-3"",""quality"":""legendary""},{""module"":""speed-module-3"",""quality"":""legendary""},{""module"":""speed-module-3"",""quality"":""legendary""},{""module"":""speed-module-3"",""quality"":""legendary""},{""module"":""speed-module-3"",""quality"":""legendary""},{""module"":""speed-module-3"",""quality"":""legendary""},{""module"":""speed-module-3"",""quality"":""legendary""},{""module"":""speed-module-3"",""quality"":""legendary""},{""module"":""speed-module-3"",""quality"":""legendary""},{""module"":""speed-module-3"",""quality"":""legendary""},{""module"":""speed-module-3"",""quality"":""legendary""},{""module"":""speed-module-3"",""quality"":""legendary""},{""module"":""speed-module-3"",""quality"":""legendary""},{""module"":""speed-module-3"",""quality"":""legendary""},{""module"":""speed-module-3"",""quality"":""legendary""},{""module"":""speed-module-3"",""quality"":""legendary""},{""module"":""speed-module-3"",""quality"":""legendary""}]"
44,cargo-bay,normal,assembling-machine-3,legendary,"[{""module"":""quality-module-3"",""quality"":""legendary""},{""module"":""quality-module-3"",""quality"":""legendary""},{""module"":""quality-module-3"",""quality"":""legendary""},{""module"":""quality-module-3"",""quality"":""legendary""}]",0,[]
44,cargo-bay-recycling,normal,recycler,legendary,"[{""module"":""quality-module-3"",""quality"":""legendary""},{""module"":""quality-module-3"",""quality"":""legendary""},{""module"":""quality-module-3"",""quality"":""legendary""},{""module"":""quality-module-3"",""quality"":""legendary""}]",0,[]
44,cargo-bay,uncommon,assembling-machine-3,legendary,"[{""module"":""quality-module-3"",""quality"":""legendary""},{""module"":""quality-module-3"",""quality"":""legendary""},{""module"":""quality-module-3"",""quality"":""legendary""},{""module"":""quality-module-3"",""quality"":""legendary""}]",0,[]
44,cargo-bay-recycling,uncommon,recycler,legendary,"[{""module"":""quality-module-3"",""quality"":""legendary""},{""module"":""quality-module-3"",""quality"":""legendary""},{""module"":""quality-module-3"",""quality"":""legendary""},{""module"":""quality-module-3"",""quality"":""legendary""}]",0,[]
44,cargo-bay,rare,assembling-machine-3,legendary,"[{""module"":""quality-module-3"",""quality"":""legendary""},{""module"":""quality-module-3"",""quality"":""legendary""},{""module"":""quality-module-3"",""quality"":""legendary""},{""module"":""quality-module-3"",""quality"":""legendary""}]",0,[]
44,cargo-bay-recycling,rare,recycler,legendary,"[{""module"":""quality-module-3"",""quality"":""legendary""},{""module"":""quality-module-3"",""quality"":""legendary""},{""module"":""quality-module-3"",""quality"":""legendary""},{""module"":""quality-module-3"",""quality"":""legendary""}]",0,[]
44,cargo-bay,epic,assembling-machine-3,legendary,"[{""module"":""quality-module-3"",""quality"":""legendary""},{""module"":""quality-module-3"",""quality"":""legendary""},{""module"":""quality-module-3"",""quality"":""legendary""},{""module"":""quality-module-3"",""quality"":""legendary""}]",0,[]
44,cargo-bay-recycling,epic,recycler,legendary,"[{""module"":""quality-module-3"",""quality"":""legendary""},{""module"":""quality-module-3"",""quality"":""legendary""},{""module"":""quality-module-3"",""quality"":""legendary""},{""module"":""quality-module-3"",""quality"":""legendary""}]",0,[]
44,cargo-bay,legendary,assembling-machine-3,legendary,"[{""module"":""speed-module-3"",""quality"":""legendary""},{""module"":""speed-module-3"",""quality"":""legendary""},{""module"":""speed-module-3"",""quality"":""legendary""},{""module"":""speed-module-3"",""quality"":""legendary""}]",12,"[{""module"":""speed-module-3"",""quality"":""legendary""},{""module"":""speed-module-3"",""quality"":""legendary""},{""module"":""speed-module-3"",""quality"":""legendary""},{""module"":""speed-module-3"",""quality"":""legendary""},{""module"":""speed-module-3"",""quality"":""legendary""},{""module"":""speed-module-3"",""quality"":""legendary""},{""module"":""speed-module-3"",""quality"":""legendary""},{""module"":""speed-module-3"",""quality"":""legendary""},{""module"":""speed-module-3"",""quality"":""legendary""},{""module"":""speed-module-3"",""quality"":""legendary""},{""module"":""speed-module-3"",""quality"":""legendary""},{""module"":""speed-module-3"",""quality"":""legendary""},{""module"":""speed-module-3"",""quality"":""legendary""},{""module"":""speed-module-3"",""quality"":""legendary""},{""module"":""speed-module-3"",""quality"":""legendary""},{""module"":""speed-module-3"",""quality"":""legendary""},{""module"":""speed-module-3"",""quality"":""legendary""},{""module"":""speed-module-3"",""quality"":""legendary""},{""module"":""speed-module-3"",""quality"":""legendary""},{""module"":""speed-module-3"",""quality"":""legendary""},{""module"":""speed-module-3"",""quality"":""legendary""},{""module"":""speed-module-3"",""quality"":""legendary""},{""module"":""speed-module-3"",""quality"":""legendary""},{""module"":""speed-module-3"",""quality"":""legendary""}]"
44,cargo-bay-recycling,legendary,recycler,legendary,"[{""module"":""speed-module-3"",""quality"":""legendary""},{""module"":""speed-module-3"",""quality"":""legendary""},{""module"":""speed-module-3"",""quality"":""legendary""},{""module"":""speed-module-3"",""quality"":""legendary""}]",12,"[{""module"":""speed-module-3"",""quality"":""legendary""},{""module"":""speed-module-3"",""quality"":""legendary""},{""module"":""speed-module-3"",""quality"":""legendary""},{""module"":""speed-module-3"",""quality"":""legendary""},{""module"":""speed-module-3"",""quality"":""legendary""},{""module"":""speed-module-3"",""quality"":""legendary""},{""module"":""speed-module-3"",""quality"":""legendary""},{""module"":""speed-module-3"",""quality"":""legendary""},{""module"":""speed-module-3"",""quality"":""legendary""},{""module"":""speed-module-3"",""quality"":""legendary""},{""module"":""speed-module-3"",""quality"":""legendary""},{""module"":""speed-module-3"",""quality"":""legendary""},{""module"":""speed-module-3"",""quality"":""legendary""},{""module"":""speed-module-3"",""quality"":""legendary""},{""module"":""speed-module-3"",""quality"":""legendary""},{""module"":""speed-module-3"",""quality"":""legendary""},{""module"":""speed-module-3"",""quality"":""legendary""},{""module"":""speed-module-3"",""quality"":""legendary""},{""module"":""speed-module-3"",""quality"":""legendary""},{""module"":""speed-module-3"",""quality"":""legendary""},{""module"":""speed-module-3"",""quality"":""legendary""},{""module"":""speed-module-3"",""quality"":""legendary""},{""module"":""speed-module-3"",""quality"":""legendary""},{""module"":""speed-module-3"",""quality"":""legendary""}]"
45,cargo-bay,normal,assembling-machine-3,legendary,"[{""module"":""speed-module-3"",""quality"":""legendary""},{""module"":""speed-module-3"",""quality"":""legendary""},{""module"":""speed-module-3"",""quality"":""legendary""},{""module"":""speed-module-3"",""quality"":""legendary""}]",12,"[{""module"":""speed-module-3"",""quality"":""legendary""},{""module"":""speed-module-3"",""quality"":""legendary""},{""module"":""speed-module-3"",""quality"":""legendary""},{""module"":""speed-module-3"",""quality"":""legendary""},{""module"":""speed-module-3"",""quality"":""legendary""},{""module"":""speed-module-3"",""quality"":""legendary""},{""module"":""speed-module-3"",""quality"":""legendary""},{""module"":""speed-module-3"",""quality"":""legendary""},{""module"":""speed-module-3"",""quality"":""legendary""},{""module"":""speed-module-3"",""quality"":""legendary""},{""module"":""speed-module-3"",""quality"":""legendary""},{""module"":""speed-module-3"",""quality"":""legendary""},{""module"":""speed-module-3"",""quality"":""legendary""},{""module"":""speed-module-3"",""quality"":""legendary""},{""module"":""speed-module-3"",""quality"":""legendary""},{""module"":""speed-module-3"",""quality"":""legendary""},{""module"":""speed-module-3"",""quality"":""legendary""},{""module"":""speed-module-3"",""quality"":""legendary""},{""module"":""speed-module-3"",""quality"":""legendary""},{""module"":""speed-module-3"",""quality"":""legendary""},{""module"":""speed-module-3"",""quality"":""legendary""},{""module"":""speed-module-3"",""quality"":""legendary""},{""module"":""speed-module-3"",""quality"":""legendary""},{""module"":""speed-module-3"",""quality"":""legendary""}]"
45,cargo-bay-recycling,normal,recycler,legendary,"[{""module"":""quality-module-3"",""quality"":""legendary""},{""module"":""quality-module-3"",""quality"":""legendary""},{""module"":""quality-module-3"",""quality"":""legendary""},{""module"":""quality-module-3"",""quality"":""legendary""}]",10,"[{""module"":""speed-module-2"",""quality"":""legendary""}]"
45,cargo-bay,uncommon,assembling-machine-3,legendary,"[{""module"":""quality-module-3"",""quality"":""legendary""},{""module"":""quality-module-3"",""quality"":""legendary""},{""module"":""quality-module-3"",""quality"":""legendary""},{""module"":""quality-module-3"",""quality"":""legendary""}]",1,"[{""module"":""speed-module"",""quality"":""legendary""}]"
45,cargo-bay-recycling,uncommon,recycler,legendary,"[{""module"":""quality-module-3"",""quality"":""legendary""},{""module"":""quality-module-3"",""quality"":""legendary""},{""module"":""quality-module-3"",""quality"":""legendary""},{""module"":""quality-module-3"",""quality"":""legendary""}]",0,[]
45,cargo-bay,rare,assembling-machine-3,legendary,"[{""module"":""quality-module-3"",""quality"":""legendary""},{""module"":""quality-module-3"",""quality"":""legendary""},{""module"":""quality-module-3"",""quality"":""legendary""},{""module"":""quality-module-3"",""quality"":""legendary""}]",0,[]
45,cargo-bay-recycling,rare,recycler,legendary,"[{""module"":""quality-module-3"",""quality"":""legendary""},{""module"":""quality-module-3"",""quality"":""legendary""},{""module"":""quality-module-3"",""quality"":""legendary""},{""module"":""quality-module-3"",""quality"":""legendary""}]",0,[]
45,cargo-bay,epic,assembling-machine-3,legendary,"[{""module"":""quality-module-3"",""quality"":""legendary""},{""module"":""quality-module-3"",""quality"":""legendary""},{""module"":""quality-module-3"",""quality"":""legendary""},{""module"":""quality-module-3"",""quality"":""legendary""}]",0,[]
45,cargo-bay-recycling,epic,recycler,legendary,"[{""module"":""quality-module-3"",""quality"":""legendary""},{""module"":""quality-module-3"",""quality"":""legendary""},{""module"":""quality-module-3"",""quality"":""legendary""},{""module"":""quality-module-3"",""quality"":""legendary""}]",0,[]
45,cargo-bay,legendary,assembling-machine-3,legendary,"[{""module"":""speed-module-3"",""quality"":""legendary""},{""module"":""speed-module-3"",""quality"":""legendary""},{""module"":""speed-module-3"",""quality"":""legendary""},{""module"":""speed-module-3"",""quality"":""legendary""}]",12,"[{""module"":""speed-module-3"",""quality"":""legendary""},{""module"":""speed-module-3"",""quality"":""legendary""},{""module"":""speed-module-3"",""quality"":""legendary""},{""module"":""speed-module-3"",""quality"":""legendary""},{""module"":""speed-module-3"",""quality"":""legendary""},{""module"":""speed-module-3"",""quality"":""legendary""},{""module"":""speed-module-3"",""quality"":""legendary""},{""module"":""speed-module-3"",""quality"":""legendary""},{""module"":""speed-module-3"",""quality"":""legendary""},{""module"":""speed-module-3"",""quality"":""legendary""},{""module"":""speed-module-3"",""quality"":""legendary""},{""module"":""speed-module-3"",""quality"":""legendary""},{""module"":""speed-module-3"",""quality"":""legendary""},{""module"":""speed-module-3"",""quality"":""legendary""},{""module"":""speed-module-3"",""quality"":""legendary""},{""module"":""speed-module-3"",""quality"":""legendary""},{""module"":""speed-module-3"",""quality"":""legendary""},{""module"":""speed-module-3"",""quality"":""legendary""},{""module"":""speed-module-3"",""quality"":""legendary""},{""module"":""speed-module-3"",""quality"":""legendary""},{""module"":""speed-module-3"",""quality"":""legendary""},{""module"":""speed-module-3"",""quality"":""legendary""},{""module"":""speed-module-3"",""quality"":""legendary""},{""module"":""speed-module-3"",""quality"":""legendary""}]"
45,cargo-bay-recycling,legendary,recycler,legendary,"[{""module"":""speed-module-3"",""quality"":""legendary""},{""module"":""speed-module-3"",""quality"":""legendary""},{""module"":""speed-module-3"",""quality"":""legendary""},{""module"":""speed-module-3"",""quality"":""legendary""}]",12,"[{""module"":""speed-module-3"",""quality"":""legendary""},{""module"":""speed-module-3"",""quality"":""legendary""},{""module"":""speed-module-3"",""quality"":""legendary""},{""module"":""speed-module-3"",""quality"":""legendary""},{""module"":""speed-module-3"",""quality"":""legendary""},{""module"":""speed-module-3"",""quality"":""legendary""},{""module"":""speed-module-3"",""quality"":""legendary""},{""module"":""speed-module-3"",""quality"":""legendary""},{""module"":""speed-module-3"",""quality"":""legendary""},{""module"":""speed-module-3"",""quality"":""legendary""},{""module"":""speed-module-3"",""quality"":""legendary""},{""module"":""speed-module-3"",""quality"":""legendary""},{""module"":""speed-module-3"",""quality"":""legendary""},{""module"":""speed-module-3"",""quality"":""legendary""},{""module"":""speed-module-3"",""quality"":""legendary""},{""module"":""speed-module-3"",""quality"":""legendary""},{""module"":""speed-module-3"",""quality"":""legendary""},{""module"":""speed-module-3"",""quality"":""legendary""},{""module"":""speed-module-3"",""quality"":""legendary""},{""module"":""speed-module-3"",""quality"":""legendary""},{""module"":""speed-module-3"",""quality"":""legendary""},{""module"":""speed-module-3"",""quality"":""legendary""},{""module"":""speed-module-3"",""quality"":""legendary""},{""module"":""speed-module-3"",""quality"":""legendary""}]"
46,cargo-landing-pad,normal,assembling-machine-3,legendary,"[{""module"":""quality-module-3"",""quality"":""legendary""},{""module"":""quality-module-3"",""quality"":""legendary""},{""module"":""quality-module-3"",""quality"":""legendary""},{""module"":""quality-module-3"",""quality"":""legendary""}]",0,[]
46,cargo-landing-pad-recycling,normal,recycler,legendary,"[{""module"":""quality-module-3"",""quality"":""legendary""},{""module"":""quality-module-3"",""quality"":""legendary""},{""module"":""quality-module-3"",""quality"":""legendary""},{""module"":""quality-module-3"",""quality"":""legendary""}]",0,[]
46,cargo-landing-pad,uncommon,assembling-machine-3,legendary,"[{""module"":""quality-module-3"",""quality"":""legendary""},{""module"":""quality-module-3"",""quality"":""legendary""},{""module"":""quality-module-3"",""quality"":""legendary""},{""module"":""quality-module-3"",""quality"":""legendary""}]",0,[]
46,cargo-landing-pad-recycling,uncommon,recycler,legendary,"[{""module"":""quality-module-3"",""quality"":""legendary""},{""module"":""quality-module-3"",""quality"":""legendary""},{""module"":""quality-module-3"",""quality"":""legendary""},{""module"":""quality-module-3"",""quality"":""legendary""}]",0,[]
46,cargo-landing-pad,rare,assembling-machine-3,legendary,"[{""module"":""quality-module-3"",""quality"":""legendary""},{""module"":""quality-module-3"",""quality"":""legendary""},{""module"":""quality-module-3"",""quality"":""legendary""},{""module"":""quality-module-3"",""quality"":""legendary""}]",0,[]
46,cargo-landing-pad-recycling,rare,recycler,legendary,"[{""module"":""quality-module-3"",""quality"":""legendary""},{""module"":""quality-module-3"",""quality"":""legendary""},{""module"":""quality-module-3"",""quality"":""legendary""},{""module"":""quality-module-3"",""quality"":""legendary""}]",0,[]
46,cargo-landing-pad,epic,assembling-machine-3,legendary,"[{""module"":""quality-module-3"",""quality"":""legendary""},{""module"":""quality-module-3"",""quality"":""legendary""},{""module"":""quality-module-3"",""quality"":""legendary""},{""module"":""quality-module-3"",""quality"":""legendary""}]",0,[]
46,cargo-landing-pad-recycling,epic,recycler,legendary,"[{""module"":""quality-module-3"",""quality"":""legendary""},{""module"":""quality-module-3"",""quality"":""legendary""},{""module"":""quality-module-3"",""quality"":""legendary""},{""module"":""quality-module-3"",""quality"":""legendary""}]",0,[]
46,cargo-landing-pad,legendary,assembling-machine-3,legendary,"[{""module"":""speed-module-3"",""quality"":""legendary""},{""module"":""speed-module-3"",""quality"":""legendary""},{""module"":""speed-module-3"",""quality"":""legendary""},{""module"":""speed-module-3"",""quality"":""legendary""}]",12,"[{""module"":""speed-module-3"",""quality"":""legendary""},{""module"":""speed-module-3"",""quality"":""legendary""},{""module"":""speed-module-3"",""quality"":""legendary""},{""module"":""speed-module-3"",""quality"":""legendary""},{""module"":""speed-module-3"",""quality"":""legendary""},{""module"":""speed-module-3"",""quality"":""legendary""},{""module"":""speed-module-3"",""quality"":""legendary""},{""module"":""speed-module-3"",""quality"":""legendary""},{""module"":""speed-module-3"",""quality"":""legendary""},{""module"":""speed-module-3"",""quality"":""legendary""},{""module"":""speed-module-3"",""quality"":""legendary""},{""module"":""speed-module-3"",""quality"":""legendary""},{""module"":""speed-module-3"",""quality"":""legendary""},{""module"":""speed-module-3"",""quality"":""legendary""},{""module"":""speed-module-3"",""quality"":""legendary""},{""module"":""speed-module-3"",""quality"":""legendary""},{""module"":""speed-module-3"",""quality"":""legendary""},{""module"":""speed-module-3"",""quality"":""legendary""},{""module"":""speed-module-3"",""quality"":""legendary""},{""module"":""speed-module-3"",""quality"":""legendary""},{""module"":""speed-module-3"",""quality"":""legendary""},{""module"":""speed-module-3"",""quality"":""legendary""},{""module"":""speed-module-3"",""quality"":""legendary""},{""module"":""speed-module-3"",""quality"":""legendary""}]"
46,cargo-landing-pad-recycling,legendary,recycler,legendary,"[{""module"":""speed-module-3"",""quality"":""legendary""},{""module"":""speed-module-3"",""quality"":""legendary""},{""module"":""speed-module-3"",""quality"":""legendary""},{""module"":""speed-module-3"",""quality"":""legendary""}]",12,"[{""module"":""speed-module-3"",""quality"":""legendary""},{""module"":""speed-module-3"",""quality"":""legendary""},{""module"":""speed-module-3"",""quality"":""legendary""},{""module"":""speed-module-3"",""quality"":""legendary""},{""module"":""speed-module-3"",""quality"":""legendary""},{""module"":""speed-module-3"",""quality"":""legendary""},{""module"":""speed-module-3"",""quality"":""legendary""},{""module"":""speed-module-3"",""quality"":""legendary""},{""module"":""speed-module-3"",""quality"":""legendary""},{""module"":""speed-module-3"",""quality"":""legendary""},{""module"":""speed-module-3"",""quality"":""legendary""},{""module"":""speed-module-3"",""quality"":""legendary""},{""module"":""speed-module-3"",""quality"":""legendary""},{""module"":""speed-module-3"",""quality"":""legendary""},{""module"":""speed-module-3"",""quality"":""legendary""},{""module"":""speed-module-3"",""quality"":""legendary""},{""module"":""speed-module-3"",""quality"":""legendary""},{""module"":""speed-module-3"",""quality"":""legendary""},{""module"":""speed-module-3"",""quality"":""legendary""},{""module"":""speed-module-3"",""quality"":""legendary""},{""module"":""speed-module-3"",""quality"":""legendary""},{""module"":""speed-module-3"",""quality"":""legendary""},{""module"":""speed-module-3"",""quality"":""legendary""},{""module"":""speed-module-3"",""quality"":""legendary""}]"
47,cargo-landing-pad,normal,assembling-machine-3,legendary,"[{""module"":""speed-module-3"",""quality"":""legendary""},{""module"":""speed-module-3"",""quality"":""legendary""},{""module"":""speed-module-3"",""quality"":""legendary""},{""module"":""speed-module-3"",""quality"":""legendary""}]",12,"[{""module"":""speed-module-3"",""quality"":""legendary""},{""module"":""speed-module-3"",""quality"":""legendary""},{""module"":""speed-module-3"",""quality"":""legendary""},{""module"":""speed-module-3"",""quality"":""legendary""},{""module"":""speed-module-3"",""quality"":""legendary""},{""module"":""speed-module-3"",""quality"":""legendary""},{""module"":""speed-module-3"",""quality"":""legendary""},{""module"":""speed-module-3"",""quality"":""legendary""},{""module"":""speed-module-3"",""quality"":""legendary""},{""module"":""speed-module-3"",""quality"":""legendary""},{""module"":""speed-module-3"",""quality"":""legendary""},{""module"":""speed-module-3"",""quality"":""legendary""},{""module"":""speed-module-3"",""quality"":""legendary""},{""module"":""speed-module-3"",""quality"":""legendary""},{""module"":""speed-module-3"",""quality"":""legendary""},{""module"":""speed-module-3"",""quality"":""legendary""},{""module"":""speed-module-3"",""quality"":""legendary""},{""module"":""speed-module-3"",""quality"":""legendary""},{""module"":""speed-module-3"",""quality"":""legendary""},{""module"":""speed-module-3"",""quality"":""legendary""},{""module"":""speed-module-3"",""quality"":""legendary""},{""module"":""speed-module-3"",""quality"":""legendary""},{""module"":""speed-module-3"",""quality"":""legendary""},{""module"":""speed-module-3"",""quality"":""legendary""}]"
47,cargo-landing-pad-recycling,normal,recycler,legendary,"[{""module"":""quality-module-3"",""quality"":""legendary""},{""module"":""quality-module-3"",""quality"":""legendary""},{""module"":""quality-module-3"",""quality"":""legendary""},{""module"":""quality-module-3"",""quality"":""legendary""}]",10,"[{""module"":""speed-module-2"",""quality"":""legendary""}]"
47,cargo-landing-pad,uncommon,assembling-machine-3,legendary,"[{""module"":""quality-module-3"",""quality"":""legendary""},{""module"":""quality-module-3"",""quality"":""legendary""},{""module"":""quality-module-3"",""quality"":""legendary""},{""module"":""quality-module-3"",""quality"":""legendary""}]",1,"[{""module"":""speed-module"",""quality"":""legendary""}]"
47,cargo-landing-pad-recycling,uncommon,recycler,legendary,"[{""module"":""quality-module-3"",""quality"":""legendary""},{""module"":""quality-module-3"",""quality"":""legendary""},{""module"":""quality-module-3"",""quality"":""legendary""},{""module"":""quality-module-3"",""quality"":""legendary""}]",0,[]
47,cargo-landing-pad,rare,assembling-machine-3,legendary,"[{""module"":""quality-module-3"",""quality"":""legendary""},{""module"":""quality-module-3"",""quality"":""legendary""},{""module"":""quality-module-3"",""quality"":""legendary""},{""module"":""quality-module-3"",""quality"":""legendary""}]",0,[]
47,cargo-landing-pad-recycling,rare,recycler,legendary,"[{""module"":""quality-module-3"",""quality"":""legendary""},{""module"":""quality-module-3"",""quality"":""legendary""},{""module"":""quality-module-3"",""quality"":""legendary""},{""module"":""quality-module-3"",""quality"":""legendary""}]",0,[]
47,cargo-landing-pad,epic,assembling-machine-3,legendary,"[{""module"":""quality-module-3"",""quality"":""legendary""},{""module"":""quality-module-3"",""quality"":""legendary""},{""module"":""quality-module-3"",""quality"":""legendary""},{""module"":""quality-module-3"",""quality"":""legendary""}]",0,[]
47,cargo-landing-pad-recycling,epic,recycler,legendary,"[{""module"":""quality-module-3"",""quality"":""legendary""},{""module"":""quality-module-3"",""quality"":""legendary""},{""module"":""quality-module-3"",""quality"":""legendary""},{""module"":""quality-module-3"",""quality"":""legendary""}]",0,[]
47,cargo-landing-pad,legendary,assembling-machine-3,legendary,"[{""module"":""speed-module-3"",""quality"":""legendary""},{""module"":""speed-module-3"",""quality"":""legendary""},{""module"":""speed-module-3"",""quality"":""legendary""},{""module"":""speed-module-3"",""quality"":""legendary""}]",12,"[{""module"":""speed-module-3"",""quality"":""legendary""},{""module"":""speed-module-3"",""quality"":""legendary""},{""module"":""speed-module-3"",""quality"":""legendary""},{""module"":""speed-module-3"",""quality"":""legendary""},{""module"":""speed-module-3"",""quality"":""legendary""},{""module"":""speed-module-3"",""quality"":""legendary""},{""module"":""speed-module-3"",""quality"":""legendary""},{""module"":""speed-module-3"",""quality"":""legendary""},{""module"":""speed-module-3"",""quality"":""legendary""},{""module"":""speed-module-3"",""quality"":""legendary""},{""module"":""speed-module-3"",""quality"":""legendary""},{""module"":""speed-module-3"",""quality"":""legendary""},{""module"":""speed-module-3"",""quality"":""legendary""},{""module"":""speed-module-3"",""quality"":""legendary""},{""module"":""speed-module-3"",""quality"":""legendary""},{""module"":""speed-module-3"",""quality"":""legendary""},{""module"":""speed-module-3"",""quality"":""legendary""},{""module"":""speed-module-3"",""quality"":""legendary""},{""module"":""speed-module-3"",""quality"":""legendary""},{""module"":""speed-module-3"",""quality"":""legendary""},{""module"":""speed-module-3"",""quality"":""legendary""},{""module"":""speed-module-3"",""quality"":""legendary""},{""module"":""speed-module-3"",""quality"":""legendary""},{""module"":""speed-module-3"",""quality"":""legendary""}]"
47,cargo-landing-pad-recycling,legendary,recycler,legendary,"[{""module"":""speed-module-3"",""quality"":""legendary""},{""module"":""speed-module-3"",""quality"":""legendary""},{""module"":""speed-module-3"",""quality"":""legendary""},{""module"":""speed-module-3"",""quality"":""legendary""}]",12,"[{""module"":""speed-module-3"",""quality"":""legendary""},{""module"":""speed-module-3"",""quality"":""legendary""},{""module"":""speed-module-3"",""quality"":""legendary""},{""module"":""speed-module-3"",""quality"":""legendary""},{""module"":""speed-module-3"",""quality"":""legendary""},{""module"":""speed-module-3"",""quality"":""legendary""},{""module"":""speed-module-3"",""quality"":""legendary""},{""module"":""speed-module-3"",""quality"":""legendary""},{""module"":""speed-module-3"",""quality"":""legendary""},{""module"":""speed-module-3"",""quality"":""legendary""},{""module"":""speed-module-3"",""quality"":""legendary""},{""module"":""speed-module-3"",""quality"":""legendary""},{""module"":""speed-module-3"",""quality"":""legendary""},{""module"":""speed-module-3"",""quality"":""legendary""},{""module"":""speed-module-3"",""quality"":""legendary""},{""module"":""speed-module-3"",""quality"":""legendary""},{""module"":""speed-module-3"",""quality"":""legendary""},{""module"":""speed-module-3"",""quality"":""legendary""},{""module"":""speed-module-3"",""quality"":""legendary""},{""module"":""speed-module-3"",""quality"":""legendary""},{""module"":""speed-module-3"",""quality"":""legendary""},{""module"":""speed-module-3"",""quality"":""legendary""},{""module"":""speed-module-3"",""quality"":""legendary""},{""module"":""speed-module-3"",""quality"":""legendary""}]"
48,cryogenic-plant,normal,cryogenic-plant,legendary,"[{""module"":""quality-module-3"",""quality"":""legendary""},{""module"":""quality-module-3"",""quality"":""legendary""},{""module"":""quality-module-3"",""quality"":""legendary""},{""module"":""quality-module-3"",""quality"":""legendary""},{""module"":""quality-module-3"",""quality"":""legendary""},{""module"":""quality-module-3"",""quality"":""legendary""},{""module"":""quality-module-3"",""quality"":""legendary""},{""module"":""quality-module-3"",""quality"":""legendary""}]",0,[]
48,cryogenic-plant-recycling,normal,recycler,legendary,"[{""module"":""quality-module-3"",""quality"":""legendary""},{""module"":""quality-module-3"",""quality"":""legendary""},{""module"":""quality-module-3"",""quality"":""legendary""},{""module"":""quality-module-3"",""quality"":""legendary""}]",0,[]
48,cryogenic-plant,uncommon,cryogenic-plant,legendary,"[{""module"":""quality-module-3"",""quality"":""legendary""},{""module"":""quality-module-3"",""quality"":""legendary""},{""module"":""quality-module-3"",""quality"":""legendary""},{""module"":""quality-module-3"",""quality"":""legendary""},{""module"":""quality-module-3"",""quality"":""legendary""},{""module"":""quality-module-3"",""quality"":""legendary""},{""module"":""quality-module-3"",""quality"":""legendary""},{""module"":""quality-module-3"",""quality"":""legendary""}]",0,[]
48,cryogenic-plant-recycling,uncommon,recycler,legendary,"[{""module"":""quality-module-3"",""quality"":""legendary""},{""module"":""quality-module-3"",""quality"":""legendary""},{""module"":""quality-module-3"",""quality"":""legendary""},{""module"":""quality-module-3"",""quality"":""legendary""}]",0,[]
48,cryogenic-plant,rare,cryogenic-plant,legendary,"[{""module"":""quality-module-3"",""quality"":""legendary""},{""module"":""quality-module-3"",""quality"":""legendary""},{""module"":""quality-module-3"",""quality"":""legendary""},{""module"":""quality-module-3"",""quality"":""legendary""},{""module"":""quality-module-3"",""quality"":""legendary""},{""module"":""quality-module-3"",""quality"":""legendary""},{""module"":""quality-module-3"",""quality"":""legendary""},{""module"":""quality-module-3"",""quality"":""legendary""}]",0,[]
48,cryogenic-plant-recycling,rare,recycler,legendary,"[{""module"":""quality-module-3"",""quality"":""legendary""},{""module"":""quality-module-3"",""quality"":""legendary""},{""module"":""quality-module-3"",""quality"":""legendary""},{""module"":""quality-module-3"",""quality"":""legendary""}]",0,[]
48,cryogenic-plant,epic,cryogenic-plant,legendary,"[{""module"":""quality-module-3"",""quality"":""legendary""},{""module"":""quality-module-3"",""quality"":""legendary""},{""module"":""quality-module-3"",""quality"":""legendary""},{""module"":""quality-module-3"",""quality"":""legendary""},{""module"":""quality-module-3"",""quality"":""legendary""},{""module"":""quality-module-3"",""quality"":""legendary""},{""module"":""quality-module-3"",""quality"":""legendary""},{""module"":""quality-module-3"",""quality"":""legendary""}]",0,[]
48,cryogenic-plant-recycling,epic,recycler,legendary,"[{""module"":""quality-module-3"",""quality"":""legendary""},{""module"":""quality-module-3"",""quality"":""legendary""},{""module"":""quality-module-3"",""quality"":""legendary""},{""module"":""quality-module-3"",""quality"":""legendary""}]",0,[]
48,cryogenic-plant,legendary,cryogenic-plant,legendary,"[{""module"":""speed-module-3"",""quality"":""legendary""},{""module"":""speed-module-3"",""quality"":""legendary""},{""module"":""speed-module-3"",""quality"":""legendary""},{""module"":""speed-module-3"",""quality"":""legendary""},{""module"":""speed-module-3"",""quality"":""legendary""},{""module"":""speed-module-3"",""quality"":""legendary""},{""module"":""speed-module-3"",""quality"":""legendary""},{""module"":""speed-module-3"",""quality"":""legendary""}]",16,"[{""module"":""speed-module-3"",""quality"":""legendary""},{""module"":""speed-module-3"",""quality"":""legendary""},{""module"":""speed-module-3"",""quality"":""legendary""},{""module"":""speed-module-3"",""quality"":""legendary""},{""module"":""speed-module-3"",""quality"":""legendary""},{""module"":""speed-module-3"",""quality"":""legendary""},{""module"":""speed-module-3"",""quality"":""legendary""},{""module"":""speed-module-3"",""quality"":""legendary""},{""module"":""speed-module-3"",""quality"":""legendary""},{""module"":""speed-module-3"",""quality"":""legendary""},{""module"":""speed-module-3"",""quality"":""legendary""},{""module"":""speed-module-3"",""quality"":""legendary""},{""module"":""speed-module-3"",""quality"":""legendary""},{""module"":""speed-module-3"",""quality"":""legendary""},{""module"":""speed-module-3"",""quality"":""legendary""},{""module"":""speed-module-3"",""quality"":""legendary""},{""module"":""speed-module-3"",""quality"":""legendary""},{""module"":""speed-module-3"",""quality"":""legendary""},{""module"":""speed-module-3"",""quality"":""legendary""},{""module"":""speed-module-3"",""quality"":""legendary""},{""module"":""speed-module-3"",""quality"":""legendary""},{""module"":""speed-module-3"",""quality"":""legendary""},{""module"":""speed-module-3"",""quality"":""legendary""},{""module"":""speed-module-3"",""quality"":""legendary""},{""module"":""speed-module-3"",""quality"":""legendary""},{""module"":""speed-module-3"",""quality"":""legendary""},{""module"":""speed-module-3"",""quality"":""legendary""},{""module"":""speed-module-3"",""quality"":""legendary""},{""module"":""speed-module-3"",""quality"":""legendary""},{""module"":""speed-module-3"",""quality"":""legendary""},{""module"":""speed-module-3"",""quality"":""legendary""},{""module"":""speed-module-3"",""quality"":""legendary""}]"
48,cryogenic-plant-recycling,legendary,recycler,legendary,"[{""module"":""speed-module-3"",""quality"":""legendary""},{""module"":""speed-module-3"",""quality"":""legendary""},{""module"":""speed-module-3"",""quality"":""legendary""},{""module"":""speed-module-3"",""quality"":""legendary""}]",12,"[{""module"":""speed-module-3"",""quality"":""legendary""},{""module"":""speed-module-3"",""quality"":""legendary""},{""module"":""speed-module-3"",""quality"":""legendary""},{""module"":""speed-module-3"",""quality"":""legendary""},{""module"":""speed-module-3"",""quality"":""legendary""},{""module"":""speed-module-3"",""quality"":""legendary""},{""module"":""speed-module-3"",""quality"":""legendary""},{""module"":""speed-module-3"",""quality"":""legendary""},{""module"":""speed-module-3"",""quality"":""legendary""},{""module"":""speed-module-3"",""quality"":""legendary""},{""module"":""speed-module-3"",""quality"":""legendary""},{""module"":""speed-module-3"",""quality"":""legendary""},{""module"":""speed-module-3"",""quality"":""legendary""},{""module"":""speed-module-3"",""quality"":""legendary""},{""module"":""speed-module-3"",""quality"":""legendary""},{""module"":""speed-module-3"",""quality"":""legendary""},{""module"":""speed-module-3"",""quality"":""legendary""},{""module"":""speed-module-3"",""quality"":""legendary""},{""module"":""speed-module-3"",""quality"":""legendary""},{""module"":""speed-module-3"",""quality"":""legendary""},{""module"":""speed-module-3"",""quality"":""legendary""},{""module"":""speed-module-3"",""quality"":""legendary""},{""module"":""speed-module-3"",""quality"":""legendary""},{""module"":""speed-module-3"",""quality"":""legendary""}]"
49,cryogenic-plant,normal,cryogenic-plant,legendary,"[{""module"":""quality-module-3"",""quality"":""legendary""},{""module"":""quality-module-3"",""quality"":""legendary""},{""module"":""quality-module-3"",""quality"":""legendary""},{""module"":""quality-module-3"",""quality"":""legendary""},{""module"":""quality-module-3"",""quality"":""legendary""},{""module"":""quality-module-3"",""quality"":""legendary""},{""module"":""quality-module-3"",""quality"":""legendary""},{""module"":""quality-module-3"",""quality"":""legendary""}]",5,"[{""module"":""speed-module"",""quality"":""legendary""},{""module"":""speed-module"",""quality"":""legendary""},{""module"":""speed-module"",""quality"":""legendary""},{""module"":""speed-module"",""quality"":""legendary""},{""module"":""speed-module-2"",""quality"":""legendary""}]"
49,cryogenic-plant-recycling,normal,recycler,legendary,"[{""module"":""quality-module-3"",""quality"":""legendary""},{""module"":""quality-module-3"",""quality"":""legendary""},{""module"":""quality-module-3"",""quality"":""legendary""},{""module"":""quality-module-3"",""quality"":""legendary""}]",1,"[{""module"":""speed-module"",""quality"":""legendary""},{""module"":""speed-module"",""quality"":""legendary""}]"
49,cryogenic-plant,uncommon,cryogenic-plant,legendary,"[{""module"":""quality-module-3"",""quality"":""legendary""},{""module"":""quality-module-3"",""quality"":""legendary""},{""module"":""quality-module-3"",""quality"":""legendary""},{""module"":""quality-module-3"",""quality"":""legendary""},{""module"":""quality-module-3"",""quality"":""legendary""},{""module"":""quality-module-3"",""quality"":""legendary""},{""module"":""quality-module-3"",""quality"":""legendary""},{""module"":""quality-module-3"",""quality"":""legendary""}]",0,[]
49,cryogenic-plant-recycling,uncommon,recycler,legendary,"[{""module"":""quality-module-3"",""quality"":""legendary""},{""module"":""quality-module-3"",""quality"":""legendary""},{""module"":""quality-module-3"",""quality"":""legendary""},{""module"":""quality-module-3"",""quality"":""legendary""}]",0,[]
49,cryogenic-plant,rare,cryogenic-plant,legendary,"[{""module"":""quality-module-3"",""quality"":""legendary""},{""module"":""quality-module-3"",""quality"":""legendary""},{""module"":""quality-module-3"",""quality"":""legendary""},{""module"":""quality-module-3"",""quality"":""legendary""},{""module"":""quality-module-3"",""quality"":""legendary""},{""module"":""quality-module-3"",""quality"":""legendary""},{""module"":""quality-module-3"",""quality"":""legendary""},{""module"":""quality-module-3"",""quality"":""legendary""}]",0,[]
49,cryogenic-plant-recycling,rare,recycler,legendary,"[{""module"":""quality-module-3"",""quality"":""legendary""},{""module"":""quality-module-3"",""quality"":""legendary""},{""module"":""quality-module-3"",""quality"":""legendary""},{""module"":""quality-module-3"",""quality"":""legendary""}]",0,[]
49,cryogenic-plant,epic,cryogenic-plant,legendary,"[{""module"":""quality-module-3"",""quality"":""legendary""},{""module"":""quality-module-3"",""quality"":""legendary""},{""module"":""quality-module-3"",""quality"":""legendary""},{""module"":""quality-module-3"",""quality"":""legendary""},{""module"":""quality-module-3"",""quality"":""legendary""},{""module"":""quality-module-3"",""quality"":""legendary""},{""module"":""quality-module-3"",""quality"":""legendary""},{""module"":""quality-module-3"",""quality"":""legendary""}]",0,[]
49,cryogenic-plant-recycling,epic,recycler,legendary,"[{""module"":""quality-module-3"",""quality"":""legendary""},{""module"":""quality-module-3"",""quality"":""legendary""},{""module"":""quality-module-3"",""quality"":""legendary""},{""module"":""quality-module-3"",""quality"":""legendary""}]",0,[]
49,cryogenic-plant,legendary,cryogenic-plant,legendary,"[{""module"":""speed-module-3"",""quality"":""legendary""},{""module"":""speed-module-3"",""quality"":""legendary""},{""module"":""speed-module-3"",""quality"":""legendary""},{""module"":""speed-module-3"",""quality"":""legendary""},{""module"":""speed-module-3"",""quality"":""legendary""},{""module"":""speed-module-3"",""quality"":""legendary""},{""module"":""speed-module-3"",""quality"":""legendary""},{""module"":""speed-module-3"",""quality"":""legendary""}]",16,"[{""module"":""speed-module-3"",""quality"":""legendary""},{""module"":""speed-module-3"",""quality"":""legendary""},{""module"":""speed-module-3"",""quality"":""legendary""},{""module"":""speed-module-3"",""quality"":""legendary""},{""module"":""speed-module-3"",""quality"":""legendary""},{""module"":""speed-module-3"",""quality"":""legendary""},{""module"":""speed-module-3"",""quality"":""legendary""},{""module"":""speed-module-3"",""quality"":""legendary""},{""module"":""speed-module-3"",""quality"":""legendary""},{""module"":""speed-module-3"",""quality"":""legendary""},{""module"":""speed-module-3"",""quality"":""legendary""},{""module"":""speed-module-3"",""quality"":""legendary""},{""module"":""speed-module-3"",""quality"":""legendary""},{""module"":""speed-module-3"",""quality"":""legendary""},{""module"":""speed-module-3"",""quality"":""legendary""},{""module"":""speed-module-3"",""quality"":""legendary""},{""module"":""speed-module-3"",""quality"":""legendary""},{""module"":""speed-module-3"",""quality"":""legendary""},{""module"":""speed-module-3"",""quality"":""legendary""},{""module"":""speed-module-3"",""quality"":""legendary""},{""module"":""speed-module-3"",""quality"":""legendary""},{""module"":""speed-module-3"",""quality"":""legendary""},{""module"":""speed-module-3"",""quality"":""legendary""},{""module"":""speed-module-3"",""quality"":""legendary""},{""module"":""speed-module-3"",""quality"":""legendary""},{""module"":""speed-module-3"",""quality"":""legendary""},{""module"":""speed-module-3"",""quality"":""legendary""},{""module"":""speed-module-3"",""quality"":""legendary""},{""module"":""speed-module-3"",""quality"":""legendary""},{""module"":""speed-module-3"",""quality"":""legendary""},{""module"":""speed-module-3"",""quality"":""legendary""},{""module"":""speed-module-3"",""quality"":""legendary""}]"
49,cryogenic-plant-recycling,legendary,recycler,legendary,"[{""module"":""speed-module-3"",""quality"":""legendary""},{""module"":""speed-module-3"",""quality"":""legendary""},{""module"":""speed-module-3"",""quality"":""legendary""},{""module"":""speed-module-3"",""quality"":""legendary""}]",12,"[{""module"":""speed-module-3"",""quality"":""legendary""},{""module"":""speed-module-3"",""quality"":""legendary""},{""module"":""speed-module-3"",""quality"":""legendary""},{""module"":""speed-module-3"",""quality"":""legendary""},{""module"":""speed-module-3"",""quality"":""legendary""},{""module"":""speed-module-3"",""quality"":""legendary""},{""module"":""speed-module-3"",""quality"":""legendary""},{""module"":""speed-module-3"",""quality"":""legendary""},{""module"":""speed-module-3"",""quality"":""legendary""},{""module"":""speed-module-3"",""quality"":""legendary""},{""module"":""speed-module-3"",""quality"":""legendary""},{""module"":""speed-module-3"",""quality"":""legendary""},{""module"":""speed-module-3"",""quality"":""legendary""},{""module"":""speed-module-3"",""quality"":""legendary""},{""module"":""speed-module-3"",""quality"":""legendary""},{""module"":""speed-module-3"",""quality"":""legendary""},{""module"":""speed-module-3"",""quality"":""legendary""},{""module"":""speed-module-3"",""quality"":""legendary""},{""module"":""speed-module-3"",""quality"":""legendary""},{""module"":""speed-module-3"",""quality"":""legendary""},{""module"":""speed-module-3"",""quality"":""legendary""},{""module"":""speed-module-3"",""quality"":""legendary""},{""module"":""speed-module-3"",""quality"":""legendary""},{""module"":""speed-module-3"",""quality"":""legendary""}]"
50,destroyer-capsule,normal,assembling-machine-3,legendary,"[{""module"":""quality-module-3"",""quality"":""legendary""},{""module"":""quality-module-3"",""quality"":""legendary""},{""module"":""quality-module-3"",""quality"":""legendary""},{""module"":""quality-module-3"",""quality"":""legendary""}]",0,[]
50,destroyer-capsule-recycling,normal,recycler,legendary,"[{""module"":""quality-module-3"",""quality"":""legendary""},{""module"":""quality-module-3"",""quality"":""legendary""},{""module"":""quality-module-3"",""quality"":""legendary""},{""module"":""quality-module-3"",""quality"":""legendary""}]",0,[]
50,destroyer-capsule,uncommon,assembling-machine-3,legendary,"[{""module"":""quality-module-3"",""quality"":""legendary""},{""module"":""quality-module-3"",""quality"":""legendary""},{""module"":""quality-module-3"",""quality"":""legendary""},{""module"":""quality-module-3"",""quality"":""legendary""}]",0,[]
50,destroyer-capsule-recycling,uncommon,recycler,legendary,"[{""module"":""quality-module-3"",""quality"":""legendary""},{""module"":""quality-module-3"",""quality"":""legendary""},{""module"":""quality-module-3"",""quality"":""legendary""},{""module"":""quality-module-3"",""quality"":""legendary""}]",0,[]
50,destroyer-capsule,rare,assembling-machine-3,legendary,"[{""module"":""quality-module-3"",""quality"":""legendary""},{""module"":""quality-module-3"",""quality"":""legendary""},{""module"":""quality-module-3"",""quality"":""legendary""},{""module"":""quality-module-3"",""quality"":""legendary""}]",0,[]
50,destroyer-capsule-recycling,rare,recycler,legendary,"[{""module"":""quality-module-3"",""quality"":""legendary""},{""module"":""quality-module-3"",""quality"":""legendary""},{""module"":""quality-module-3"",""quality"":""legendary""},{""module"":""quality-module-3"",""quality"":""legendary""}]",0,[]
50,destroyer-capsule,epic,assembling-machine-3,legendary,"[{""module"":""quality-module-3"",""quality"":""legendary""},{""module"":""quality-module-3"",""quality"":""legendary""},{""module"":""quality-module-3"",""quality"":""legendary""},{""module"":""quality-module-3"",""quality"":""legendary""}]",0,[]
50,destroyer-capsule-recycling,epic,recycler,legendary,"[{""module"":""quality-module-3"",""quality"":""legendary""},{""module"":""quality-module-3"",""quality"":""legendary""},{""module"":""quality-module-3"",""quality"":""legendary""},{""module"":""quality-module-3"",""quality"":""legendary""}]",0,[]
50,destroyer-capsule,legendary,assembling-machine-3,legendary,"[{""module"":""speed-module-3"",""quality"":""legendary""},{""module"":""speed-module-3"",""quality"":""legendary""},{""module"":""speed-module-3"",""quality"":""legendary""},{""module"":""speed-module-3"",""quality"":""legendary""}]",12,"[{""module"":""speed-module-3"",""quality"":""legendary""},{""module"":""speed-module-3"",""quality"":""legendary""},{""module"":""speed-module-3"",""quality"":""legendary""},{""module"":""speed-module-3"",""quality"":""legendary""},{""module"":""speed-module-3"",""quality"":""legendary""},{""module"":""speed-module-3"",""quality"":""legendary""},{""module"":""speed-module-3"",""quality"":""legendary""},{""module"":""speed-module-3"",""quality"":""legendary""},{""module"":""speed-module-3"",""quality"":""legendary""},{""module"":""speed-module-3"",""quality"":""legendary""},{""module"":""speed-module-3"",""quality"":""legendary""},{""module"":""speed-module-3"",""quality"":""legendary""},{""module"":""speed-module-3"",""quality"":""legendary""},{""module"":""speed-module-3"",""quality"":""legendary""},{""module"":""speed-module-3"",""quality"":""legendary""},{""module"":""speed-module-3"",""quality"":""legendary""},{""module"":""speed-module-3"",""quality"":""legendary""},{""module"":""speed-module-3"",""quality"":""legendary""},{""module"":""speed-module-3"",""quality"":""legendary""},{""module"":""speed-module-3"",""quality"":""legendary""},{""module"":""speed-module-3"",""quality"":""legendary""},{""module"":""speed-module-3"",""quality"":""legendary""},{""module"":""speed-module-3"",""quality"":""legendary""},{""module"":""speed-module-3"",""quality"":""legendary""}]"
50,destroyer-capsule-recycling,legendary,recycler,legendary,"[{""module"":""speed-module-3"",""quality"":""legendary""},{""module"":""speed-module-3"",""quality"":""legendary""},{""module"":""speed-module-3"",""quality"":""legendary""},{""module"":""speed-module-3"",""quality"":""legendary""}]",12,"[{""module"":""speed-module-3"",""quality"":""legendary""},{""module"":""speed-module-3"",""quality"":""legendary""},{""module"":""speed-module-3"",""quality"":""legendary""},{""module"":""speed-module-3"",""quality"":""legendary""},{""module"":""speed-module-3"",""quality"":""legendary""},{""module"":""speed-module-3"",""quality"":""legendary""},{""module"":""speed-module-3"",""quality"":""legendary""},{""module"":""speed-module-3"",""quality"":""legendary""},{""module"":""speed-module-3"",""quality"":""legendary""},{""module"":""speed-module-3"",""quality"":""legendary""},{""module"":""speed-module-3"",""quality"":""legendary""},{""module"":""speed-module-3"",""quality"":""legendary""},{""module"":""speed-module-3"",""quality"":""legendary""},{""module"":""speed-module-3"",""quality"":""legendary""},{""module"":""speed-module-3"",""quality"":""legendary""},{""module"":""speed-module-3"",""quality"":""legendary""},{""module"":""speed-module-3"",""quality"":""legendary""},{""module"":""speed-module-3"",""quality"":""legendary""},{""module"":""speed-module-3"",""quality"":""legendary""},{""module"":""speed-module-3"",""quality"":""legendary""},{""module"":""speed-module-3"",""quality"":""legendary""},{""module"":""speed-module-3"",""quality"":""legendary""},{""module"":""speed-module-3"",""quality"":""legendary""},{""module"":""speed-module-3"",""quality"":""legendary""}]"
51,destroyer-capsule,normal,assembling-machine-3,legendary,"[{""module"":""speed-module-3"",""quality"":""legendary""},{""module"":""speed-module-3"",""quality"":""legendary""},{""module"":""speed-module-3"",""quality"":""legendary""},{""module"":""speed-module-3"",""quality"":""legendary""}]",12,"[{""module"":""speed-module-3"",""quality"":""legendary""},{""module"":""speed-module-3"",""quality"":""legendary""},{""module"":""speed-module-3"",""quality"":""legendary""},{""module"":""speed-module-3"",""quality"":""legendary""},{""module"":""speed-module-3"",""quality"":""legendary""},{""module"":""speed-module-3"",""quality"":""legendary""},{""module"":""speed-module-3"",""quality"":""legendary""},{""module"":""speed-module-3"",""quality"":""legendary""},{""module"":""speed-module-3"",""quality"":""legendary""},{""module"":""speed-module-3"",""quality"":""legendary""},{""module"":""speed-module-3"",""quality"":""legendary""},{""module"":""speed-module-3"",""quality"":""legendary""},{""module"":""speed-module-3"",""quality"":""legendary""},{""module"":""speed-module-3"",""quality"":""legendary""},{""module"":""speed-module-3"",""quality"":""legendary""},{""module"":""speed-module-3"",""quality"":""legendary""},{""module"":""speed-module-3"",""quality"":""legendary""},{""module"":""speed-module-3"",""quality"":""legendary""},{""module"":""speed-module-3"",""quality"":""legendary""},{""module"":""speed-module-3"",""quality"":""legendary""},{""module"":""speed-module-3"",""quality"":""legendary""},{""module"":""speed-module-3"",""quality"":""legendary""},{""module"":""speed-module-3"",""quality"":""legendary""},{""module"":""speed-module-3"",""quality"":""legendary""}]"
51,destroyer-capsule-recycling,normal,recycler,legendary,"[{""module"":""quality-module-3"",""quality"":""legendary""},{""module"":""quality-module-3"",""quality"":""legendary""},{""module"":""quality-module-3"",""quality"":""legendary""},{""module"":""quality-module-3"",""quality"":""legendary""}]",10,"[{""module"":""speed-module-2"",""quality"":""legendary""}]"
51,destroyer-capsule,uncommon,assembling-machine-3,legendary,"[{""module"":""quality-module-3"",""quality"":""legendary""},{""module"":""quality-module-3"",""quality"":""legendary""},{""module"":""quality-module-3"",""quality"":""legendary""},{""module"":""quality-module-3"",""quality"":""legendary""}]",1,"[{""module"":""speed-module"",""quality"":""legendary""}]"
51,destroyer-capsule-recycling,uncommon,recycler,legendary,"[{""module"":""quality-module-3"",""quality"":""legendary""},{""module"":""quality-module-3"",""quality"":""legendary""},{""module"":""quality-module-3"",""quality"":""legendary""},{""module"":""quality-module-3"",""quality"":""legendary""}]",0,[]
51,destroyer-capsule,rare,assembling-machine-3,legendary,"[{""module"":""quality-module-3"",""quality"":""legendary""},{""module"":""quality-module-3"",""quality"":""legendary""},{""module"":""quality-module-3"",""quality"":""legendary""},{""module"":""quality-module-3"",""quality"":""legendary""}]",0,[]
51,destroyer-capsule-recycling,rare,recycler,legendary,"[{""module"":""quality-module-3"",""quality"":""legendary""},{""module"":""quality-module-3"",""quality"":""legendary""},{""module"":""quality-module-3"",""quality"":""legendary""},{""module"":""quality-module-3"",""quality"":""legendary""}]",0,[]
51,destroyer-capsule,epic,assembling-machine-3,legendary,"[{""module"":""quality-module-3"",""quality"":""legendary""},{""module"":""quality-module-3"",""quality"":""legendary""},{""module"":""quality-module-3"",""quality"":""legendary""},{""module"":""quality-module-3"",""quality"":""legendary""}]",0,[]
51,destroyer-capsule-recycling,epic,recycler,legendary,"[{""module"":""quality-module-3"",""quality"":""legendary""},{""module"":""quality-module-3"",""quality"":""legendary""},{""module"":""quality-module-3"",""quality"":""legendary""},{""module"":""quality-module-3"",""quality"":""legendary""}]",0,[]
51,destroyer-capsule,legendary,assembling-machine-3,legendary,"[{""module"":""speed-module-3"",""quality"":""legendary""},{""module"":""speed-module-3"",""quality"":""legendary""},{""module"":""speed-module-3"",""quality"":""legendary""},{""module"":""speed-module-3"",""quality"":""legendary""}]",12,"[{""module"":""speed-module-3"",""quality"":""legendary""},{""module"":""speed-module-3"",""quality"":""legendary""},{""module"":""speed-module-3"",""quality"":""legendary""},{""module"":""speed-module-3"",""quality"":""legendary""},{""module"":""speed-module-3"",""quality"":""legendary""},{""module"":""speed-module-3"",""quality"":""legendary""},{""module"":""speed-module-3"",""quality"":""legendary""},{""module"":""speed-module-3"",""quality"":""legendary""},{""module"":""speed-module-3"",""quality"":""legendary""},{""module"":""speed-module-3"",""quality"":""legendary""},{""module"":""speed-module-3"",""quality"":""legendary""},{""module"":""speed-module-3"",""quality"":""legendary""},{""module"":""speed-module-3"",""quality"":""legendary""},{""module"":""speed-module-3"",""quality"":""legendary""},{""module"":""speed-module-3"",""quality"":""legendary""},{""module"":""speed-module-3"",""quality"":""legendary""},{""module"":""speed-module-3"",""quality"":""legendary""},{""module"":""speed-module-3"",""quality"":""legendary""},{""module"":""speed-module-3"",""quality"":""legendary""},{""module"":""speed-module-3"",""quality"":""legendary""},{""module"":""speed-module-3"",""quality"":""legendary""},{""module"":""speed-module-3"",""quality"":""legendary""},{""module"":""speed-module-3"",""quality"":""legendary""},{""module"":""speed-module-3"",""quality"":""legendary""}]"
51,destroyer-capsule-recycling,legendary,recycler,legendary,"[{""module"":""speed-module-3"",""quality"":""legendary""},{""module"":""speed-module-3"",""quality"":""legendary""},{""module"":""speed-module-3"",""quality"":""legendary""},{""module"":""speed-module-3"",""quality"":""legendary""}]",12,"[{""module"":""speed-module-3"",""quality"":""legendary""},{""module"":""speed-module-3"",""quality"":""legendary""},{""module"":""speed-module-3"",""quality"":""legendary""},{""module"":""speed-module-3"",""quality"":""legendary""},{""module"":""speed-module-3"",""quality"":""legendary""},{""module"":""speed-module-3"",""quality"":""legendary""},{""module"":""speed-module-3"",""quality"":""legendary""},{""module"":""speed-module-3"",""quality"":""legendary""},{""module"":""speed-module-3"",""quality"":""legendary""},{""module"":""speed-module-3"",""quality"":""legendary""},{""module"":""speed-module-3"",""quality"":""legendary""},{""module"":""speed-module-3"",""quality"":""legendary""},{""module"":""speed-module-3"",""quality"":""legendary""},{""module"":""speed-module-3"",""quality"":""legendary""},{""module"":""speed-module-3"",""quality"":""legendary""},{""module"":""speed-module-3"",""quality"":""legendary""},{""module"":""speed-module-3"",""quality"":""legendary""},{""module"":""speed-module-3"",""quality"":""legendary""},{""module"":""speed-module-3"",""quality"":""legendary""},{""module"":""speed-module-3"",""quality"":""legendary""},{""module"":""speed-module-3"",""quality"":""legendary""},{""module"":""speed-module-3"",""quality"":""legendary""},{""module"":""speed-module-3"",""quality"":""legendary""},{""module"":""speed-module-3"",""quality"":""legendary""}]"
52,discharge-defense-equipment,normal,electromagnetic-plant,legendary,"[{""module"":""quality-module-3"",""quality"":""legendary""},{""module"":""quality-module-3"",""quality"":""legendary""},{""module"":""quality-module-3"",""quality"":""legendary""},{""module"":""quality-module-3"",""quality"":""legendary""},{""module"":""quality-module-3"",""quality"":""legendary""}]",0,[]
52,discharge-defense-equipment-recycling,normal,recycler,legendary,"[{""module"":""quality-module-3"",""quality"":""legendary""},{""module"":""quality-module-3"",""quality"":""legendary""},{""module"":""quality-module-3"",""quality"":""legendary""},{""module"":""quality-module-3"",""quality"":""legendary""}]",0,[]
52,discharge-defense-equipment,uncommon,electromagnetic-plant,legendary,"[{""module"":""quality-module-3"",""quality"":""legendary""},{""module"":""quality-module-3"",""quality"":""legendary""},{""module"":""quality-module-3"",""quality"":""legendary""},{""module"":""quality-module-3"",""quality"":""legendary""},{""module"":""quality-module-3"",""quality"":""legendary""}]",0,[]
52,discharge-defense-equipment-recycling,uncommon,recycler,legendary,"[{""module"":""quality-module-3"",""quality"":""legendary""},{""module"":""quality-module-3"",""quality"":""legendary""},{""module"":""quality-module-3"",""quality"":""legendary""},{""module"":""quality-module-3"",""quality"":""legendary""}]",0,[]
52,discharge-defense-equipment,rare,electromagnetic-plant,legendary,"[{""module"":""quality-module-3"",""quality"":""legendary""},{""module"":""quality-module-3"",""quality"":""legendary""},{""module"":""quality-module-3"",""quality"":""legendary""},{""module"":""quality-module-3"",""quality"":""legendary""},{""module"":""quality-module-3"",""quality"":""legendary""}]",0,[]
52,discharge-defense-equipment-recycling,rare,recycler,legendary,"[{""module"":""quality-module-3"",""quality"":""legendary""},{""module"":""quality-module-3"",""quality"":""legendary""},{""module"":""quality-module-3"",""quality"":""legendary""},{""module"":""quality-module-3"",""quality"":""legendary""}]",0,[]
52,discharge-defense-equipment,epic,electromagnetic-plant,legendary,"[{""module"":""quality-module-3"",""quality"":""legendary""},{""module"":""quality-module-3"",""quality"":""legendary""},{""module"":""quality-module-3"",""quality"":""legendary""},{""module"":""quality-module-3"",""quality"":""legendary""},{""module"":""quality-module-3"",""quality"":""legendary""}]",0,[]
52,discharge-defense-equipment-recycling,epic,recycler,legendary,"[{""module"":""quality-module-3"",""quality"":""legendary""},{""module"":""quality-module-3"",""quality"":""legendary""},{""module"":""quality-module-3"",""quality"":""legendary""},{""module"":""quality-module-3"",""quality"":""legendary""}]",0,[]
52,discharge-defense-equipment,legendary,electromagnetic-plant,legendary,"[{""module"":""speed-module-3"",""quality"":""legendary""},{""module"":""speed-module-3"",""quality"":""legendary""},{""module"":""speed-module-3"",""quality"":""legendary""},{""module"":""speed-module-3"",""quality"":""legendary""},{""module"":""speed-module-3"",""quality"":""legendary""}]",12,"[{""module"":""speed-module-3"",""quality"":""legendary""},{""module"":""speed-module-3"",""quality"":""legendary""},{""module"":""speed-module-3"",""quality"":""legendary""},{""module"":""speed-module-3"",""quality"":""legendary""},{""module"":""speed-module-3"",""quality"":""legendary""},{""module"":""speed-module-3"",""quality"":""legendary""},{""module"":""speed-module-3"",""quality"":""legendary""},{""module"":""speed-module-3"",""quality"":""legendary""},{""module"":""speed-module-3"",""quality"":""legendary""},{""module"":""speed-module-3"",""quality"":""legendary""},{""module"":""speed-module-3"",""quality"":""legendary""},{""module"":""speed-module-3"",""quality"":""legendary""},{""module"":""speed-module-3"",""quality"":""legendary""},{""module"":""speed-module-3"",""quality"":""legendary""},{""module"":""speed-module-3"",""quality"":""legendary""},{""module"":""speed-module-3"",""quality"":""legendary""},{""module"":""speed-module-3"",""quality"":""legendary""},{""module"":""speed-module-3"",""quality"":""legendary""},{""module"":""speed-module-3"",""quality"":""legendary""},{""module"":""speed-module-3"",""quality"":""legendary""},{""module"":""speed-module-3"",""quality"":""legendary""},{""module"":""speed-module-3"",""quality"":""legendary""},{""module"":""speed-module-3"",""quality"":""legendary""},{""module"":""speed-module-3"",""quality"":""legendary""}]"
52,discharge-defense-equipment-recycling,legendary,recycler,legendary,"[{""module"":""speed-module-3"",""quality"":""legendary""},{""module"":""speed-module-3"",""quality"":""legendary""},{""module"":""speed-module-3"",""quality"":""legendary""},{""module"":""speed-module-3"",""quality"":""legendary""}]",12,"[{""module"":""speed-module-3"",""quality"":""legendary""},{""module"":""speed-module-3"",""quality"":""legendary""},{""module"":""speed-module-3"",""quality"":""legendary""},{""module"":""speed-module-3"",""quality"":""legendary""},{""module"":""speed-module-3"",""quality"":""legendary""},{""module"":""speed-module-3"",""quality"":""legendary""},{""module"":""speed-module-3"",""quality"":""legendary""},{""module"":""speed-module-3"",""quality"":""legendary""},{""module"":""speed-module-3"",""quality"":""legendary""},{""module"":""speed-module-3"",""quality"":""legendary""},{""module"":""speed-module-3"",""quality"":""legendary""},{""module"":""speed-module-3"",""quality"":""legendary""},{""module"":""speed-module-3"",""quality"":""legendary""},{""module"":""speed-module-3"",""quality"":""legendary""},{""module"":""speed-module-3"",""quality"":""legendary""},{""module"":""speed-module-3"",""quality"":""legendary""},{""module"":""speed-module-3"",""quality"":""legendary""},{""module"":""speed-module-3"",""quality"":""legendary""},{""module"":""speed-module-3"",""quality"":""legendary""},{""module"":""speed-module-3"",""quality"":""legendary""},{""module"":""speed-module-3"",""quality"":""legendary""},{""module"":""speed-module-3"",""quality"":""legendary""},{""module"":""speed-module-3"",""quality"":""legendary""},{""module"":""speed-module-3"",""quality"":""legendary""}]"
53,discharge-defense-equipment,normal,electromagnetic-plant,legendary,"[{""module"":""quality-module-3"",""quality"":""legendary""},{""module"":""quality-module-3"",""quality"":""legendary""},{""module"":""quality-module-3"",""quality"":""legendary""},{""module"":""quality-module-3"",""quality"":""legendary""},{""module"":""quality-module-3"",""quality"":""legendary""}]",4,"[{""module"":""speed-module"",""quality"":""legendary""},{""module"":""speed-module"",""quality"":""legendary""},{""module"":""speed-module"",""quality"":""legendary""},{""module"":""speed-module"",""quality"":""legendary""}]"
53,discharge-defense-equipment-recycling,normal,recycler,legendary,"[{""module"":""quality-module-3"",""quality"":""legendary""},{""module"":""quality-module-3"",""quality"":""legendary""},{""module"":""quality-module-3"",""quality"":""legendary""},{""module"":""quality-module-3"",""quality"":""legendary""}]",5,"[{""module"":""speed-module"",""quality"":""legendary""}]"
53,discharge-defense-equipment,uncommon,electromagnetic-plant,legendary,"[{""module"":""quality-module-3"",""quality"":""legendary""},{""module"":""quality-module-3"",""quality"":""legendary""},{""module"":""quality-module-3"",""quality"":""legendary""},{""module"":""quality-module-3"",""quality"":""legendary""},{""module"":""quality-module-3"",""quality"":""legendary""}]",0,[]
53,discharge-defense-equipment-recycling,uncommon,recycler,legendary,"[{""module"":""quality-module-3"",""quality"":""legendary""},{""module"":""quality-module-3"",""quality"":""legendary""},{""module"":""quality-module-3"",""quality"":""legendary""},{""module"":""quality-module-3"",""quality"":""legendary""}]",0,[]
53,discharge-defense-equipment,rare,electromagnetic-plant,legendary,"[{""module"":""quality-module-3"",""quality"":""legendary""},{""module"":""quality-module-3"",""quality"":""legendary""},{""module"":""quality-module-3"",""quality"":""legendary""},{""module"":""quality-module-3"",""quality"":""legendary""},{""module"":""quality-module-3"",""quality"":""legendary""}]",0,[]
53,discharge-defense-equipment-recycling,rare,recycler,legendary,"[{""module"":""quality-module-3"",""quality"":""legendary""},{""module"":""quality-module-3"",""quality"":""legendary""},{""module"":""quality-module-3"",""quality"":""legendary""},{""module"":""quality-module-3"",""quality"":""legendary""}]",0,[]
53,discharge-defense-equipment,epic,electromagnetic-plant,legendary,"[{""module"":""quality-module-3"",""quality"":""legendary""},{""module"":""quality-module-3"",""quality"":""legendary""},{""module"":""quality-module-3"",""quality"":""legendary""},{""module"":""quality-module-3"",""quality"":""legendary""},{""module"":""quality-module-3"",""quality"":""legendary""}]",0,[]
53,discharge-defense-equipment-recycling,epic,recycler,legendary,"[{""module"":""quality-module-3"",""quality"":""legendary""},{""module"":""quality-module-3"",""quality"":""legendary""},{""module"":""quality-module-3"",""quality"":""legendary""},{""module"":""quality-module-3"",""quality"":""legendary""}]",0,[]
53,discharge-defense-equipment,legendary,electromagnetic-plant,legendary,"[{""module"":""speed-module-3"",""quality"":""legendary""},{""module"":""speed-module-3"",""quality"":""legendary""},{""module"":""speed-module-3"",""quality"":""legendary""},{""module"":""speed-module-3"",""quality"":""legendary""},{""module"":""speed-module-3"",""quality"":""legendary""}]",12,"[{""module"":""speed-module-3"",""quality"":""legendary""},{""module"":""speed-module-3"",""quality"":""legendary""},{""module"":""speed-module-3"",""quality"":""legendary""},{""module"":""speed-module-3"",""quality"":""legendary""},{""module"":""speed-module-3"",""quality"":""legendary""},{""module"":""speed-module-3"",""quality"":""legendary""},{""module"":""speed-module-3"",""quality"":""legendary""},{""module"":""speed-module-3"",""quality"":""legendary""},{""module"":""speed-module-3"",""quality"":""legendary""},{""module"":""speed-module-3"",""quality"":""legendary""},{""module"":""speed-module-3"",""quality"":""legendary""},{""module"":""speed-module-3"",""quality"":""legendary""},{""module"":""speed-module-3"",""quality"":""legendary""},{""module"":""speed-module-3"",""quality"":""legendary""},{""module"":""speed-module-3"",""quality"":""legendary""},{""module"":""speed-module-3"",""quality"":""legendary""},{""module"":""speed-module-3"",""quality"":""legendary""},{""module"":""speed-module-3"",""quality"":""legendary""},{""module"":""speed-module-3"",""quality"":""legendary""},{""module"":""speed-module-3"",""quality"":""legendary""},{""module"":""speed-module-3"",""quality"":""legendary""},{""module"":""speed-module-3"",""quality"":""legendary""},{""module"":""speed-module-3"",""quality"":""legendary""},{""module"":""speed-module-3"",""quality"":""legendary""}]"
53,discharge-defense-equipment-recycling,legendary,recycler,legendary,"[{""module"":""speed-module-3"",""quality"":""legendary""},{""module"":""speed-module-3"",""quality"":""legendary""},{""module"":""speed-module-3"",""quality"":""legendary""},{""module"":""speed-module-3"",""quality"":""legendary""}]",12,"[{""module"":""speed-module-3"",""quality"":""legendary""},{""module"":""speed-module-3"",""quality"":""legendary""},{""module"":""speed-module-3"",""quality"":""legendary""},{""module"":""speed-module-3"",""quality"":""legendary""},{""module"":""speed-module-3"",""quality"":""legendary""},{""module"":""speed-module-3"",""quality"":""legendary""},{""module"":""speed-module-3"",""quality"":""legendary""},{""module"":""speed-module-3"",""quality"":""legendary""},{""module"":""speed-module-3"",""quality"":""legendary""},{""module"":""speed-module-3"",""quality"":""legendary""},{""module"":""speed-module-3"",""quality"":""legendary""},{""module"":""speed-module-3"",""quality"":""legendary""},{""module"":""speed-module-3"",""quality"":""legendary""},{""module"":""speed-module-3"",""quality"":""legendary""},{""module"":""speed-module-3"",""quality"":""legendary""},{""module"":""speed-module-3"",""quality"":""legendary""},{""module"":""speed-module-3"",""quality"":""legendary""},{""module"":""speed-module-3"",""quality"":""legendary""},{""module"":""speed-module-3"",""quality"":""legendary""},{""module"":""speed-module-3"",""quality"":""legendary""},{""module"":""speed-module-3"",""quality"":""legendary""},{""module"":""speed-module-3"",""quality"":""legendary""},{""module"":""speed-module-3"",""quality"":""legendary""},{""module"":""speed-module-3"",""quality"":""legendary""}]"
54,efficiency-module-2,normal,electromagnetic-plant,legendary,"[{""module"":""quality-module-3"",""quality"":""legendary""},{""module"":""quality-module-3"",""quality"":""legendary""},{""module"":""quality-module-3"",""quality"":""legendary""},{""module"":""quality-module-3"",""quality"":""legendary""},{""module"":""quality-module-3"",""quality"":""legendary""}]",0,[]
54,efficiency-module-2-recycling,normal,recycler,legendary,"[{""module"":""quality-module-3"",""quality"":""legendary""},{""module"":""quality-module-3"",""quality"":""legendary""},{""module"":""quality-module-3"",""quality"":""legendary""},{""module"":""quality-module-3"",""quality"":""legendary""}]",0,[]
54,efficiency-module-2,uncommon,electromagnetic-plant,legendary,"[{""module"":""quality-module-3"",""quality"":""legendary""},{""module"":""quality-module-3"",""quality"":""legendary""},{""module"":""quality-module-3"",""quality"":""legendary""},{""module"":""quality-module-3"",""quality"":""legendary""},{""module"":""quality-module-3"",""quality"":""legendary""}]",0,[]
54,efficiency-module-2-recycling,uncommon,recycler,legendary,"[{""module"":""quality-module-3"",""quality"":""legendary""},{""module"":""quality-module-3"",""quality"":""legendary""},{""module"":""quality-module-3"",""quality"":""legendary""},{""module"":""quality-module-3"",""quality"":""legendary""}]",0,[]
54,efficiency-module-2,rare,electromagnetic-plant,legendary,"[{""module"":""quality-module-3"",""quality"":""legendary""},{""module"":""quality-module-3"",""quality"":""legendary""},{""module"":""quality-module-3"",""quality"":""legendary""},{""module"":""quality-module-3"",""quality"":""legendary""},{""module"":""quality-module-3"",""quality"":""legendary""}]",0,[]
54,efficiency-module-2-recycling,rare,recycler,legendary,"[{""module"":""quality-module-3"",""quality"":""legendary""},{""module"":""quality-module-3"",""quality"":""legendary""},{""module"":""quality-module-3"",""quality"":""legendary""},{""module"":""quality-module-3"",""quality"":""legendary""}]",0,[]
54,efficiency-module-2,epic,electromagnetic-plant,legendary,"[{""module"":""quality-module-3"",""quality"":""legendary""},{""module"":""quality-module-3"",""quality"":""legendary""},{""module"":""quality-module-3"",""quality"":""legendary""},{""module"":""quality-module-3"",""quality"":""legendary""},{""module"":""quality-module-3"",""quality"":""legendary""}]",0,[]
54,efficiency-module-2-recycling,epic,recycler,legendary,"[{""module"":""quality-module-3"",""quality"":""legendary""},{""module"":""quality-module-3"",""quality"":""legendary""},{""module"":""quality-module-3"",""quality"":""legendary""},{""module"":""quality-module-3"",""quality"":""legendary""}]",0,[]
54,efficiency-module-2,legendary,electromagnetic-plant,legendary,"[{""module"":""speed-module-3"",""quality"":""legendary""},{""module"":""speed-module-3"",""quality"":""legendary""},{""module"":""speed-module-3"",""quality"":""legendary""},{""module"":""speed-module-3"",""quality"":""legendary""},{""module"":""speed-module-3"",""quality"":""legendary""}]",12,"[{""module"":""speed-module-3"",""quality"":""legendary""},{""module"":""speed-module-3"",""quality"":""legendary""},{""module"":""speed-module-3"",""quality"":""legendary""},{""module"":""speed-module-3"",""quality"":""legendary""},{""module"":""speed-module-3"",""quality"":""legendary""},{""module"":""speed-module-3"",""quality"":""legendary""},{""module"":""speed-module-3"",""quality"":""legendary""},{""module"":""speed-module-3"",""quality"":""legendary""},{""module"":""speed-module-3"",""quality"":""legendary""},{""module"":""speed-module-3"",""quality"":""legendary""},{""module"":""speed-module-3"",""quality"":""legendary""},{""module"":""speed-module-3"",""quality"":""legendary""},{""module"":""speed-module-3"",""quality"":""legendary""},{""module"":""speed-module-3"",""quality"":""legendary""},{""module"":""speed-module-3"",""quality"":""legendary""},{""module"":""speed-module-3"",""quality"":""legendary""},{""module"":""speed-module-3"",""quality"":""legendary""},{""module"":""speed-module-3"",""quality"":""legendary""},{""module"":""speed-module-3"",""quality"":""legendary""},{""module"":""speed-module-3"",""quality"":""legendary""},{""module"":""speed-module-3"",""quality"":""legendary""},{""module"":""speed-module-3"",""quality"":""legendary""},{""module"":""speed-module-3"",""quality"":""legendary""},{""module"":""speed-module-3"",""quality"":""legendary""}]"
54,efficiency-module-2-recycling,legendary,recycler,legendary,"[{""module"":""speed-module-3"",""quality"":""legendary""},{""module"":""speed-module-3"",""quality"":""legendary""},{""module"":""speed-module-3"",""quality"":""legendary""},{""module"":""speed-module-3"",""quality"":""legendary""}]",12,"[{""module"":""speed-module-3"",""quality"":""legendary""},{""module"":""speed-module-3"",""quality"":""legendary""},{""module"":""speed-module-3"",""quality"":""legendary""},{""module"":""speed-module-3"",""quality"":""legendary""},{""module"":""speed-module-3"",""quality"":""legendary""},{""module"":""speed-module-3"",""quality"":""legendary""},{""module"":""speed-module-3"",""quality"":""legendary""},{""module"":""speed-module-3"",""quality"":""legendary""},{""module"":""speed-module-3"",""quality"":""legendary""},{""module"":""speed-module-3"",""quality"":""legendary""},{""module"":""speed-module-3"",""quality"":""legendary""},{""module"":""speed-module-3"",""quality"":""legendary""},{""module"":""speed-module-3"",""quality"":""legendary""},{""module"":""speed-module-3"",""quality"":""legendary""},{""module"":""speed-module-3"",""quality"":""legendary""},{""module"":""speed-module-3"",""quality"":""legendary""},{""module"":""speed-module-3"",""quality"":""legendary""},{""module"":""speed-module-3"",""quality"":""legendary""},{""module"":""speed-module-3"",""quality"":""legendary""},{""module"":""speed-module-3"",""quality"":""legendary""},{""module"":""speed-module-3"",""quality"":""legendary""},{""module"":""speed-module-3"",""quality"":""legendary""},{""module"":""speed-module-3"",""quality"":""legendary""},{""module"":""speed-module-3"",""quality"":""legendary""}]"
55,efficiency-module-2,normal,electromagnetic-plant,legendary,"[{""module"":""quality-module-3"",""quality"":""legendary""},{""module"":""quality-module-3"",""quality"":""legendary""},{""module"":""quality-module-3"",""quality"":""legendary""},{""module"":""quality-module-3"",""quality"":""legendary""},{""module"":""quality-module-3"",""quality"":""legendary""}]",4,"[{""module"":""speed-module"",""quality"":""legendary""},{""module"":""speed-module"",""quality"":""legendary""},{""module"":""speed-module"",""quality"":""legendary""},{""module"":""speed-module"",""quality"":""legendary""}]"
55,efficiency-module-2-recycling,normal,recycler,legendary,"[{""module"":""quality-module-3"",""quality"":""legendary""},{""module"":""quality-module-3"",""quality"":""legendary""},{""module"":""quality-module-3"",""quality"":""legendary""},{""module"":""quality-module-3"",""quality"":""legendary""}]",5,"[{""module"":""speed-module"",""quality"":""legendary""}]"
55,efficiency-module-2,uncommon,electromagnetic-plant,legendary,"[{""module"":""quality-module-3"",""quality"":""legendary""},{""module"":""quality-module-3"",""quality"":""legendary""},{""module"":""quality-module-3"",""quality"":""legendary""},{""module"":""quality-module-3"",""quality"":""legendary""},{""module"":""quality-module-3"",""quality"":""legendary""}]",0,[]
55,efficiency-module-2-recycling,uncommon,recycler,legendary,"[{""module"":""quality-module-3"",""quality"":""legendary""},{""module"":""quality-module-3"",""quality"":""legendary""},{""module"":""quality-module-3"",""quality"":""legendary""},{""module"":""quality-module-3"",""quality"":""legendary""}]",0,[]
55,efficiency-module-2,rare,electromagnetic-plant,legendary,"[{""module"":""quality-module-3"",""quality"":""legendary""},{""module"":""quality-module-3"",""quality"":""legendary""},{""module"":""quality-module-3"",""quality"":""legendary""},{""module"":""quality-module-3"",""quality"":""legendary""},{""module"":""quality-module-3"",""quality"":""legendary""}]",0,[]
55,efficiency-module-2-recycling,rare,recycler,legendary,"[{""module"":""quality-module-3"",""quality"":""legendary""},{""module"":""quality-module-3"",""quality"":""legendary""},{""module"":""quality-module-3"",""quality"":""legendary""},{""module"":""quality-module-3"",""quality"":""legendary""}]",0,[]
55,efficiency-module-2,epic,electromagnetic-plant,legendary,"[{""module"":""quality-module-3"",""quality"":""legendary""},{""module"":""quality-module-3"",""quality"":""legendary""},{""module"":""quality-module-3"",""quality"":""legendary""},{""module"":""quality-module-3"",""quality"":""legendary""},{""module"":""quality-module-3"",""quality"":""legendary""}]",0,[]
55,efficiency-module-2-recycling,epic,recycler,legendary,"[{""module"":""quality-module-3"",""quality"":""legendary""},{""module"":""quality-module-3"",""quality"":""legendary""},{""module"":""quality-module-3"",""quality"":""legendary""},{""module"":""quality-module-3"",""quality"":""legendary""}]",0,[]
55,efficiency-module-2,legendary,electromagnetic-plant,legendary,"[{""module"":""speed-module-3"",""quality"":""legendary""},{""module"":""speed-module-3"",""quality"":""legendary""},{""module"":""speed-module-3"",""quality"":""legendary""},{""module"":""speed-module-3"",""quality"":""legendary""},{""module"":""speed-module-3"",""quality"":""legendary""}]",12,"[{""module"":""speed-module-3"",""quality"":""legendary""},{""module"":""speed-module-3"",""quality"":""legendary""},{""module"":""speed-module-3"",""quality"":""legendary""},{""module"":""speed-module-3"",""quality"":""legendary""},{""module"":""speed-module-3"",""quality"":""legendary""},{""module"":""speed-module-3"",""quality"":""legendary""},{""module"":""speed-module-3"",""quality"":""legendary""},{""module"":""speed-module-3"",""quality"":""legendary""},{""module"":""speed-module-3"",""quality"":""legendary""},{""module"":""speed-module-3"",""quality"":""legendary""},{""module"":""speed-module-3"",""quality"":""legendary""},{""module"":""speed-module-3"",""quality"":""legendary""},{""module"":""speed-module-3"",""quality"":""legendary""},{""module"":""speed-module-3"",""quality"":""legendary""},{""module"":""speed-module-3"",""quality"":""legendary""},{""module"":""speed-module-3"",""quality"":""legendary""},{""module"":""speed-module-3"",""quality"":""legendary""},{""module"":""speed-module-3"",""quality"":""legendary""},{""module"":""speed-module-3"",""quality"":""legendary""},{""module"":""speed-module-3"",""quality"":""legendary""},{""module"":""speed-module-3"",""quality"":""legendary""},{""module"":""speed-module-3"",""quality"":""legendary""},{""module"":""speed-module-3"",""quality"":""legendary""},{""module"":""speed-module-3"",""quality"":""legendary""}]"
55,efficiency-module-2-recycling,legendary,recycler,legendary,"[{""module"":""speed-module-3"",""quality"":""legendary""},{""module"":""speed-module-3"",""quality"":""legendary""},{""module"":""speed-module-3"",""quality"":""legendary""},{""module"":""speed-module-3"",""quality"":""legendary""}]",12,"[{""module"":""speed-module-3"",""quality"":""legendary""},{""module"":""speed-module-3"",""quality"":""legendary""},{""module"":""speed-module-3"",""quality"":""legendary""},{""module"":""speed-module-3"",""quality"":""legendary""},{""module"":""speed-module-3"",""quality"":""legendary""},{""module"":""speed-module-3"",""quality"":""legendary""},{""module"":""speed-module-3"",""quality"":""legendary""},{""module"":""speed-module-3"",""quality"":""legendary""},{""module"":""speed-module-3"",""quality"":""legendary""},{""module"":""speed-module-3"",""quality"":""legendary""},{""module"":""speed-module-3"",""quality"":""legendary""},{""module"":""speed-module-3"",""quality"":""legendary""},{""module"":""speed-module-3"",""quality"":""legendary""},{""module"":""speed-module-3"",""quality"":""legendary""},{""module"":""speed-module-3"",""quality"":""legendary""},{""module"":""speed-module-3"",""quality"":""legendary""},{""module"":""speed-module-3"",""quality"":""legendary""},{""module"":""speed-module-3"",""quality"":""legendary""},{""module"":""speed-module-3"",""quality"":""legendary""},{""module"":""speed-module-3"",""quality"":""legendary""},{""module"":""speed-module-3"",""quality"":""legendary""},{""module"":""speed-module-3"",""quality"":""legendary""},{""module"":""speed-module-3"",""quality"":""legendary""},{""module"":""speed-module-3"",""quality"":""legendary""}]"
56,efficiency-module-3,normal,electromagnetic-plant,legendary,"[{""module"":""quality-module-3"",""quality"":""legendary""},{""module"":""quality-module-3"",""quality"":""legendary""},{""module"":""quality-module-3"",""quality"":""legendary""},{""module"":""quality-module-3"",""quality"":""legendary""},{""module"":""quality-module-3"",""quality"":""legendary""}]",0,[]
56,efficiency-module-3-recycling,normal,recycler,legendary,"[{""module"":""quality-module-3"",""quality"":""legendary""},{""module"":""quality-module-3"",""quality"":""legendary""},{""module"":""quality-module-3"",""quality"":""legendary""},{""module"":""quality-module-3"",""quality"":""legendary""}]",0,[]
56,efficiency-module-3,uncommon,electromagnetic-plant,legendary,"[{""module"":""quality-module-3"",""quality"":""legendary""},{""module"":""quality-module-3"",""quality"":""legendary""},{""module"":""quality-module-3"",""quality"":""legendary""},{""module"":""quality-module-3"",""quality"":""legendary""},{""module"":""quality-module-3"",""quality"":""legendary""}]",0,[]
56,efficiency-module-3-recycling,uncommon,recycler,legendary,"[{""module"":""quality-module-3"",""quality"":""legendary""},{""module"":""quality-module-3"",""quality"":""legendary""},{""module"":""quality-module-3"",""quality"":""legendary""},{""module"":""quality-module-3"",""quality"":""legendary""}]",0,[]
56,efficiency-module-3,rare,electromagnetic-plant,legendary,"[{""module"":""quality-module-3"",""quality"":""legendary""},{""module"":""quality-module-3"",""quality"":""legendary""},{""module"":""quality-module-3"",""quality"":""legendary""},{""module"":""quality-module-3"",""quality"":""legendary""},{""module"":""quality-module-3"",""quality"":""legendary""}]",0,[]
56,efficiency-module-3-recycling,rare,recycler,legendary,"[{""module"":""quality-module-3"",""quality"":""legendary""},{""module"":""quality-module-3"",""quality"":""legendary""},{""module"":""quality-module-3"",""quality"":""legendary""},{""module"":""quality-module-3"",""quality"":""legendary""}]",0,[]
56,efficiency-module-3,epic,electromagnetic-plant,legendary,"[{""module"":""quality-module-3"",""quality"":""legendary""},{""module"":""quality-module-3"",""quality"":""legendary""},{""module"":""quality-module-3"",""quality"":""legendary""},{""module"":""quality-module-3"",""quality"":""legendary""},{""module"":""quality-module-3"",""quality"":""legendary""}]",0,[]
56,efficiency-module-3-recycling,epic,recycler,legendary,"[{""module"":""quality-module-3"",""quality"":""legendary""},{""module"":""quality-module-3"",""quality"":""legendary""},{""module"":""quality-module-3"",""quality"":""legendary""},{""module"":""quality-module-3"",""quality"":""legendary""}]",0,[]
56,efficiency-module-3,legendary,electromagnetic-plant,legendary,"[{""module"":""speed-module-3"",""quality"":""legendary""},{""module"":""speed-module-3"",""quality"":""legendary""},{""module"":""speed-module-3"",""quality"":""legendary""},{""module"":""speed-module-3"",""quality"":""legendary""},{""module"":""speed-module-3"",""quality"":""legendary""}]",12,"[{""module"":""speed-module-3"",""quality"":""legendary""},{""module"":""speed-module-3"",""quality"":""legendary""},{""module"":""speed-module-3"",""quality"":""legendary""},{""module"":""speed-module-3"",""quality"":""legendary""},{""module"":""speed-module-3"",""quality"":""legendary""},{""module"":""speed-module-3"",""quality"":""legendary""},{""module"":""speed-module-3"",""quality"":""legendary""},{""module"":""speed-module-3"",""quality"":""legendary""},{""module"":""speed-module-3"",""quality"":""legendary""},{""module"":""speed-module-3"",""quality"":""legendary""},{""module"":""speed-module-3"",""quality"":""legendary""},{""module"":""speed-module-3"",""quality"":""legendary""},{""module"":""speed-module-3"",""quality"":""legendary""},{""module"":""speed-module-3"",""quality"":""legendary""},{""module"":""speed-module-3"",""quality"":""legendary""},{""module"":""speed-module-3"",""quality"":""legendary""},{""module"":""speed-module-3"",""quality"":""legendary""},{""module"":""speed-module-3"",""quality"":""legendary""},{""module"":""speed-module-3"",""quality"":""legendary""},{""module"":""speed-module-3"",""quality"":""legendary""},{""module"":""speed-module-3"",""quality"":""legendary""},{""module"":""speed-module-3"",""quality"":""legendary""},{""module"":""speed-module-3"",""quality"":""legendary""},{""module"":""speed-module-3"",""quality"":""legendary""}]"
56,efficiency-module-3-recycling,legendary,recycler,legendary,"[{""module"":""speed-module-3"",""quality"":""legendary""},{""module"":""speed-module-3"",""quality"":""legendary""},{""module"":""speed-module-3"",""quality"":""legendary""},{""module"":""speed-module-3"",""quality"":""legendary""}]",12,"[{""module"":""speed-module-3"",""quality"":""legendary""},{""module"":""speed-module-3"",""quality"":""legendary""},{""module"":""speed-module-3"",""quality"":""legendary""},{""module"":""speed-module-3"",""quality"":""legendary""},{""module"":""speed-module-3"",""quality"":""legendary""},{""module"":""speed-module-3"",""quality"":""legendary""},{""module"":""speed-module-3"",""quality"":""legendary""},{""module"":""speed-module-3"",""quality"":""legendary""},{""module"":""speed-module-3"",""quality"":""legendary""},{""module"":""speed-module-3"",""quality"":""legendary""},{""module"":""speed-module-3"",""quality"":""legendary""},{""module"":""speed-module-3"",""quality"":""legendary""},{""module"":""speed-module-3"",""quality"":""legendary""},{""module"":""speed-module-3"",""quality"":""legendary""},{""module"":""speed-module-3"",""quality"":""legendary""},{""module"":""speed-module-3"",""quality"":""legendary""},{""module"":""speed-module-3"",""quality"":""legendary""},{""module"":""speed-module-3"",""quality"":""legendary""},{""module"":""speed-module-3"",""quality"":""legendary""},{""module"":""speed-module-3"",""quality"":""legendary""},{""module"":""speed-module-3"",""quality"":""legendary""},{""module"":""speed-module-3"",""quality"":""legendary""},{""module"":""speed-module-3"",""quality"":""legendary""},{""module"":""speed-module-3"",""quality"":""legendary""}]"
57,efficiency-module-3,normal,electromagnetic-plant,legendary,"[{""module"":""quality-module-3"",""quality"":""legendary""},{""module"":""quality-module-3"",""quality"":""legendary""},{""module"":""quality-module-3"",""quality"":""legendary""},{""module"":""quality-module-3"",""quality"":""legendary""},{""module"":""quality-module-3"",""quality"":""legendary""}]",4,"[{""module"":""speed-module"",""quality"":""legendary""},{""module"":""speed-module"",""quality"":""legendary""},{""module"":""speed-module"",""quality"":""legendary""},{""module"":""speed-module"",""quality"":""legendary""}]"
57,efficiency-module-3-recycling,normal,recycler,legendary,"[{""module"":""quality-module-3"",""quality"":""legendary""},{""module"":""quality-module-3"",""quality"":""legendary""},{""module"":""quality-module-3"",""quality"":""legendary""},{""module"":""quality-module-3"",""quality"":""legendary""}]",5,"[{""module"":""speed-module"",""quality"":""legendary""}]"
57,efficiency-module-3,uncommon,electromagnetic-plant,legendary,"[{""module"":""quality-module-3"",""quality"":""legendary""},{""module"":""quality-module-3"",""quality"":""legendary""},{""module"":""quality-module-3"",""quality"":""legendary""},{""module"":""quality-module-3"",""quality"":""legendary""},{""module"":""quality-module-3"",""quality"":""legendary""}]",0,[]
57,efficiency-module-3-recycling,uncommon,recycler,legendary,"[{""module"":""quality-module-3"",""quality"":""legendary""},{""module"":""quality-module-3"",""quality"":""legendary""},{""module"":""quality-module-3"",""quality"":""legendary""},{""module"":""quality-module-3"",""quality"":""legendary""}]",0,[]
57,efficiency-module-3,rare,electromagnetic-plant,legendary,"[{""module"":""quality-module-3"",""quality"":""legendary""},{""module"":""quality-module-3"",""quality"":""legendary""},{""module"":""quality-module-3"",""quality"":""legendary""},{""module"":""quality-module-3"",""quality"":""legendary""},{""module"":""quality-module-3"",""quality"":""legendary""}]",0,[]
57,efficiency-module-3-recycling,rare,recycler,legendary,"[{""module"":""quality-module-3"",""quality"":""legendary""},{""module"":""quality-module-3"",""quality"":""legendary""},{""module"":""quality-module-3"",""quality"":""legendary""},{""module"":""quality-module-3"",""quality"":""legendary""}]",0,[]
57,efficiency-module-3,epic,electromagnetic-plant,legendary,"[{""module"":""quality-module-3"",""quality"":""legendary""},{""module"":""quality-module-3"",""quality"":""legendary""},{""module"":""quality-module-3"",""quality"":""legendary""},{""module"":""quality-module-3"",""quality"":""legendary""},{""module"":""quality-module-3"",""quality"":""legendary""}]",0,[]
57,efficiency-module-3-recycling,epic,recycler,legendary,"[{""module"":""quality-module-3"",""quality"":""legendary""},{""module"":""quality-module-3"",""quality"":""legendary""},{""module"":""quality-module-3"",""quality"":""legendary""},{""module"":""quality-module-3"",""quality"":""legendary""}]",0,[]
57,efficiency-module-3,legendary,electromagnetic-plant,legendary,"[{""module"":""speed-module-3"",""quality"":""legendary""},{""module"":""speed-module-3"",""quality"":""legendary""},{""module"":""speed-module-3"",""quality"":""legendary""},{""module"":""speed-module-3"",""quality"":""legendary""},{""module"":""speed-module-3"",""quality"":""legendary""}]",12,"[{""module"":""speed-module-3"",""quality"":""legendary""},{""module"":""speed-module-3"",""quality"":""legendary""},{""module"":""speed-module-3"",""quality"":""legendary""},{""module"":""speed-module-3"",""quality"":""legendary""},{""module"":""speed-module-3"",""quality"":""legendary""},{""module"":""speed-module-3"",""quality"":""legendary""},{""module"":""speed-module-3"",""quality"":""legendary""},{""module"":""speed-module-3"",""quality"":""legendary""},{""module"":""speed-module-3"",""quality"":""legendary""},{""module"":""speed-module-3"",""quality"":""legendary""},{""module"":""speed-module-3"",""quality"":""legendary""},{""module"":""speed-module-3"",""quality"":""legendary""},{""module"":""speed-module-3"",""quality"":""legendary""},{""module"":""speed-module-3"",""quality"":""legendary""},{""module"":""speed-module-3"",""quality"":""legendary""},{""module"":""speed-module-3"",""quality"":""legendary""},{""module"":""speed-module-3"",""quality"":""legendary""},{""module"":""speed-module-3"",""quality"":""legendary""},{""module"":""speed-module-3"",""quality"":""legendary""},{""module"":""speed-module-3"",""quality"":""legendary""},{""module"":""speed-module-3"",""quality"":""legendary""},{""module"":""speed-module-3"",""quality"":""legendary""},{""module"":""speed-module-3"",""quality"":""legendary""},{""module"":""speed-module-3"",""quality"":""legendary""}]"
57,efficiency-module-3-recycling,legendary,recycler,legendary,"[{""module"":""speed-module-3"",""quality"":""legendary""},{""module"":""speed-module-3"",""quality"":""legendary""},{""module"":""speed-module-3"",""quality"":""legendary""},{""module"":""speed-module-3"",""quality"":""legendary""}]",12,"[{""module"":""speed-module-3"",""quality"":""legendary""},{""module"":""speed-module-3"",""quality"":""legendary""},{""module"":""speed-module-3"",""quality"":""legendary""},{""module"":""speed-module-3"",""quality"":""legendary""},{""module"":""speed-module-3"",""quality"":""legendary""},{""module"":""speed-module-3"",""quality"":""legendary""},{""module"":""speed-module-3"",""quality"":""legendary""},{""module"":""speed-module-3"",""quality"":""legendary""},{""module"":""speed-module-3"",""quality"":""legendary""},{""module"":""speed-module-3"",""quality"":""legendary""},{""module"":""speed-module-3"",""quality"":""legendary""},{""module"":""speed-module-3"",""quality"":""legendary""},{""module"":""speed-module-3"",""quality"":""legendary""},{""module"":""speed-module-3"",""quality"":""legendary""},{""module"":""speed-module-3"",""quality"":""legendary""},{""module"":""speed-module-3"",""quality"":""legendary""},{""module"":""speed-module-3"",""quality"":""legendary""},{""module"":""speed-module-3"",""quality"":""legendary""},{""module"":""speed-module-3"",""quality"":""legendary""},{""module"":""speed-module-3"",""quality"":""legendary""},{""module"":""speed-module-3"",""quality"":""legendary""},{""module"":""speed-module-3"",""quality"":""legendary""},{""module"":""speed-module-3"",""quality"":""legendary""},{""module"":""speed-module-3"",""quality"":""legendary""}]"
58,electromagnetic-plant,normal,electromagnetic-plant,legendary,"[{""module"":""quality-module-3"",""quality"":""legendary""},{""module"":""quality-module-3"",""quality"":""legendary""},{""module"":""quality-module-3"",""quality"":""legendary""},{""module"":""quality-module-3"",""quality"":""legendary""},{""module"":""quality-module-3"",""quality"":""legendary""}]",0,[]
58,electromagnetic-plant-recycling,normal,recycler,legendary,"[{""module"":""quality-module-3"",""quality"":""legendary""},{""module"":""quality-module-3"",""quality"":""legendary""},{""module"":""quality-module-3"",""quality"":""legendary""},{""module"":""quality-module-3"",""quality"":""legendary""}]",0,[]
58,electromagnetic-plant,uncommon,electromagnetic-plant,legendary,"[{""module"":""quality-module-3"",""quality"":""legendary""},{""module"":""quality-module-3"",""quality"":""legendary""},{""module"":""quality-module-3"",""quality"":""legendary""},{""module"":""quality-module-3"",""quality"":""legendary""},{""module"":""quality-module-3"",""quality"":""legendary""}]",0,[]
58,electromagnetic-plant-recycling,uncommon,recycler,legendary,"[{""module"":""quality-module-3"",""quality"":""legendary""},{""module"":""quality-module-3"",""quality"":""legendary""},{""module"":""quality-module-3"",""quality"":""legendary""},{""module"":""quality-module-3"",""quality"":""legendary""}]",0,[]
58,electromagnetic-plant,rare,electromagnetic-plant,legendary,"[{""module"":""quality-module-3"",""quality"":""legendary""},{""module"":""quality-module-3"",""quality"":""legendary""},{""module"":""quality-module-3"",""quality"":""legendary""},{""module"":""quality-module-3"",""quality"":""legendary""},{""module"":""quality-module-3"",""quality"":""legendary""}]",0,[]
58,electromagnetic-plant-recycling,rare,recycler,legendary,"[{""module"":""quality-module-3"",""quality"":""legendary""},{""module"":""quality-module-3"",""quality"":""legendary""},{""module"":""quality-module-3"",""quality"":""legendary""},{""module"":""quality-module-3"",""quality"":""legendary""}]",0,[]
58,electromagnetic-plant,epic,electromagnetic-plant,legendary,"[{""module"":""quality-module-3"",""quality"":""legendary""},{""module"":""quality-module-3"",""quality"":""legendary""},{""module"":""quality-module-3"",""quality"":""legendary""},{""module"":""quality-module-3"",""quality"":""legendary""},{""module"":""quality-module-3"",""quality"":""legendary""}]",0,[]
58,electromagnetic-plant-recycling,epic,recycler,legendary,"[{""module"":""quality-module-3"",""quality"":""legendary""},{""module"":""quality-module-3"",""quality"":""legendary""},{""module"":""quality-module-3"",""quality"":""legendary""},{""module"":""quality-module-3"",""quality"":""legendary""}]",0,[]
58,electromagnetic-plant,legendary,electromagnetic-plant,legendary,"[{""module"":""speed-module-3"",""quality"":""legendary""},{""module"":""speed-module-3"",""quality"":""legendary""},{""module"":""speed-module-3"",""quality"":""legendary""},{""module"":""speed-module-3"",""quality"":""legendary""},{""module"":""speed-module-3"",""quality"":""legendary""}]",12,"[{""module"":""speed-module-3"",""quality"":""legendary""},{""module"":""speed-module-3"",""quality"":""legendary""},{""module"":""speed-module-3"",""quality"":""legendary""},{""module"":""speed-module-3"",""quality"":""legendary""},{""module"":""speed-module-3"",""quality"":""legendary""},{""module"":""speed-module-3"",""quality"":""legendary""},{""module"":""speed-module-3"",""quality"":""legendary""},{""module"":""speed-module-3"",""quality"":""legendary""},{""module"":""speed-module-3"",""quality"":""legendary""},{""module"":""speed-module-3"",""quality"":""legendary""},{""module"":""speed-module-3"",""quality"":""legendary""},{""module"":""speed-module-3"",""quality"":""legendary""},{""module"":""speed-module-3"",""quality"":""legendary""},{""module"":""speed-module-3"",""quality"":""legendary""},{""module"":""speed-module-3"",""quality"":""legendary""},{""module"":""speed-module-3"",""quality"":""legendary""},{""module"":""speed-module-3"",""quality"":""legendary""},{""module"":""speed-module-3"",""quality"":""legendary""},{""module"":""speed-module-3"",""quality"":""legendary""},{""module"":""speed-module-3"",""quality"":""legendary""},{""module"":""speed-module-3"",""quality"":""legendary""},{""module"":""speed-module-3"",""quality"":""legendary""},{""module"":""speed-module-3"",""quality"":""legendary""},{""module"":""speed-module-3"",""quality"":""legendary""}]"
58,electromagnetic-plant-recycling,legendary,recycler,legendary,"[{""module"":""speed-module-3"",""quality"":""legendary""},{""module"":""speed-module-3"",""quality"":""legendary""},{""module"":""speed-module-3"",""quality"":""legendary""},{""module"":""speed-module-3"",""quality"":""legendary""}]",12,"[{""module"":""speed-module-3"",""quality"":""legendary""},{""module"":""speed-module-3"",""quality"":""legendary""},{""module"":""speed-module-3"",""quality"":""legendary""},{""module"":""speed-module-3"",""quality"":""legendary""},{""module"":""speed-module-3"",""quality"":""legendary""},{""module"":""speed-module-3"",""quality"":""legendary""},{""module"":""speed-module-3"",""quality"":""legendary""},{""module"":""speed-module-3"",""quality"":""legendary""},{""module"":""speed-module-3"",""quality"":""legendary""},{""module"":""speed-module-3"",""quality"":""legendary""},{""module"":""speed-module-3"",""quality"":""legendary""},{""module"":""speed-module-3"",""quality"":""legendary""},{""module"":""speed-module-3"",""quality"":""legendary""},{""module"":""speed-module-3"",""quality"":""legendary""},{""module"":""speed-module-3"",""quality"":""legendary""},{""module"":""speed-module-3"",""quality"":""legendary""},{""module"":""speed-module-3"",""quality"":""legendary""},{""module"":""speed-module-3"",""quality"":""legendary""},{""module"":""speed-module-3"",""quality"":""legendary""},{""module"":""speed-module-3"",""quality"":""legendary""},{""module"":""speed-module-3"",""quality"":""legendary""},{""module"":""speed-module-3"",""quality"":""legendary""},{""module"":""speed-module-3"",""quality"":""legendary""},{""module"":""speed-module-3"",""quality"":""legendary""}]"
59,electromagnetic-plant,normal,electromagnetic-plant,legendary,"[{""module"":""quality-module-3"",""quality"":""legendary""},{""module"":""quality-module-3"",""quality"":""legendary""},{""module"":""quality-module-3"",""quality"":""legendary""},{""module"":""quality-module-3"",""quality"":""legendary""},{""module"":""quality-module-3"",""quality"":""legendary""}]",4,"[{""module"":""speed-module"",""quality"":""legendary""},{""module"":""speed-module"",""quality"":""legendary""},{""module"":""speed-module"",""quality"":""legendary""},{""module"":""speed-module"",""quality"":""legendary""}]"
59,electromagnetic-plant-recycling,normal,recycler,legendary,"[{""module"":""quality-module-3"",""quality"":""legendary""},{""module"":""quality-module-3"",""quality"":""legendary""},{""module"":""quality-module-3"",""quality"":""legendary""},{""module"":""quality-module-3"",""quality"":""legendary""}]",5,"[{""module"":""speed-module"",""quality"":""legendary""}]"
59,electromagnetic-plant,uncommon,electromagnetic-plant,legendary,"[{""module"":""quality-module-3"",""quality"":""legendary""},{""module"":""quality-module-3"",""quality"":""legendary""},{""module"":""quality-module-3"",""quality"":""legendary""},{""module"":""quality-module-3"",""quality"":""legendary""},{""module"":""quality-module-3"",""quality"":""legendary""}]",0,[]
59,electromagnetic-plant-recycling,uncommon,recycler,legendary,"[{""module"":""quality-module-3"",""quality"":""legendary""},{""module"":""quality-module-3"",""quality"":""legendary""},{""module"":""quality-module-3"",""quality"":""legendary""},{""module"":""quality-module-3"",""quality"":""legendary""}]",0,[]
59,electromagnetic-plant,rare,electromagnetic-plant,legendary,"[{""module"":""quality-module-3"",""quality"":""legendary""},{""module"":""quality-module-3"",""quality"":""legendary""},{""module"":""quality-module-3"",""quality"":""legendary""},{""module"":""quality-module-3"",""quality"":""legendary""},{""module"":""quality-module-3"",""quality"":""legendary""}]",0,[]
59,electromagnetic-plant-recycling,rare,recycler,legendary,"[{""module"":""quality-module-3"",""quality"":""legendary""},{""module"":""quality-module-3"",""quality"":""legendary""},{""module"":""quality-module-3"",""quality"":""legendary""},{""module"":""quality-module-3"",""quality"":""legendary""}]",0,[]
59,electromagnetic-plant,epic,electromagnetic-plant,legendary,"[{""module"":""quality-module-3"",""quality"":""legendary""},{""module"":""quality-module-3"",""quality"":""legendary""},{""module"":""quality-module-3"",""quality"":""legendary""},{""module"":""quality-module-3"",""quality"":""legendary""},{""module"":""quality-module-3"",""quality"":""legendary""}]",0,[]
59,electromagnetic-plant-recycling,epic,recycler,legendary,"[{""module"":""quality-module-3"",""quality"":""legendary""},{""module"":""quality-module-3"",""quality"":""legendary""},{""module"":""quality-module-3"",""quality"":""legendary""},{""module"":""quality-module-3"",""quality"":""legendary""}]",0,[]
59,electromagnetic-plant,legendary,electromagnetic-plant,legendary,"[{""module"":""speed-module-3"",""quality"":""legendary""},{""module"":""speed-module-3"",""quality"":""legendary""},{""module"":""speed-module-3"",""quality"":""legendary""},{""module"":""speed-module-3"",""quality"":""legendary""},{""module"":""speed-module-3"",""quality"":""legendary""}]",12,"[{""module"":""speed-module-3"",""quality"":""legendary""},{""module"":""speed-module-3"",""quality"":""legendary""},{""module"":""speed-module-3"",""quality"":""legendary""},{""module"":""speed-module-3"",""quality"":""legendary""},{""module"":""speed-module-3"",""quality"":""legendary""},{""module"":""speed-module-3"",""quality"":""legendary""},{""module"":""speed-module-3"",""quality"":""legendary""},{""module"":""speed-module-3"",""quality"":""legendary""},{""module"":""speed-module-3"",""quality"":""legendary""},{""module"":""speed-module-3"",""quality"":""legendary""},{""module"":""speed-module-3"",""quality"":""legendary""},{""module"":""speed-module-3"",""quality"":""legendary""},{""module"":""speed-module-3"",""quality"":""legendary""},{""module"":""speed-module-3"",""quality"":""legendary""},{""module"":""speed-module-3"",""quality"":""legendary""},{""module"":""speed-module-3"",""quality"":""legendary""},{""module"":""speed-module-3"",""quality"":""legendary""},{""module"":""speed-module-3"",""quality"":""legendary""},{""module"":""speed-module-3"",""quality"":""legendary""},{""module"":""speed-module-3"",""quality"":""legendary""},{""module"":""speed-module-3"",""quality"":""legendary""},{""module"":""speed-module-3"",""quality"":""legendary""},{""module"":""speed-module-3"",""quality"":""legendary""},{""module"":""speed-module-3"",""quality"":""legendary""}]"
59,electromagnetic-plant-recycling,legendary,recycler,legendary,"[{""module"":""speed-module-3"",""quality"":""legendary""},{""module"":""speed-module-3"",""quality"":""legendary""},{""module"":""speed-module-3"",""quality"":""legendary""},{""module"":""speed-module-3"",""quality"":""legendary""}]",12,"[{""module"":""speed-module-3"",""quality"":""legendary""},{""module"":""speed-module-3"",""quality"":""legendary""},{""module"":""speed-module-3"",""quality"":""legendary""},{""module"":""speed-module-3"",""quality"":""legendary""},{""module"":""speed-module-3"",""quality"":""legendary""},{""module"":""speed-module-3"",""quality"":""legendary""},{""module"":""speed-module-3"",""quality"":""legendary""},{""module"":""speed-module-3"",""quality"":""legendary""},{""module"":""speed-module-3"",""quality"":""legendary""},{""module"":""speed-module-3"",""quality"":""legendary""},{""module"":""speed-module-3"",""quality"":""legendary""},{""module"":""speed-module-3"",""quality"":""legendary""},{""module"":""speed-module-3"",""quality"":""legendary""},{""module"":""speed-module-3"",""quality"":""legendary""},{""module"":""speed-module-3"",""quality"":""legendary""},{""module"":""speed-module-3"",""quality"":""legendary""},{""module"":""speed-module-3"",""quality"":""legendary""},{""module"":""speed-module-3"",""quality"":""legendary""},{""module"":""speed-module-3"",""quality"":""legendary""},{""module"":""speed-module-3"",""quality"":""legendary""},{""module"":""speed-module-3"",""quality"":""legendary""},{""module"":""speed-module-3"",""quality"":""legendary""},{""module"":""speed-module-3"",""quality"":""legendary""},{""module"":""speed-module-3"",""quality"":""legendary""}]"
60,energy-shield-mk2-equipment,normal,assembling-machine-3,legendary,"[{""module"":""quality-module-3"",""quality"":""legendary""},{""module"":""quality-module-3"",""quality"":""legendary""},{""module"":""quality-module-3"",""quality"":""legendary""},{""module"":""quality-module-3"",""quality"":""legendary""}]",0,[]
60,energy-shield-mk2-equipment-recycling,normal,recycler,legendary,"[{""module"":""quality-module-3"",""quality"":""legendary""},{""module"":""quality-module-3"",""quality"":""legendary""},{""module"":""quality-module-3"",""quality"":""legendary""},{""module"":""quality-module-3"",""quality"":""legendary""}]",0,[]
60,energy-shield-mk2-equipment,uncommon,assembling-machine-3,legendary,"[{""module"":""quality-module-3"",""quality"":""legendary""},{""module"":""quality-module-3"",""quality"":""legendary""},{""module"":""quality-module-3"",""quality"":""legendary""},{""module"":""quality-module-3"",""quality"":""legendary""}]",0,[]
60,energy-shield-mk2-equipment-recycling,uncommon,recycler,legendary,"[{""module"":""quality-module-3"",""quality"":""legendary""},{""module"":""quality-module-3"",""quality"":""legendary""},{""module"":""quality-module-3"",""quality"":""legendary""},{""module"":""quality-module-3"",""quality"":""legendary""}]",0,[]
60,energy-shield-mk2-equipment,rare,assembling-machine-3,legendary,"[{""module"":""quality-module-3"",""quality"":""legendary""},{""module"":""quality-module-3"",""quality"":""legendary""},{""module"":""quality-module-3"",""quality"":""legendary""},{""module"":""quality-module-3"",""quality"":""legendary""}]",0,[]
60,energy-shield-mk2-equipment-recycling,rare,recycler,legendary,"[{""module"":""quality-module-3"",""quality"":""legendary""},{""module"":""quality-module-3"",""quality"":""legendary""},{""module"":""quality-module-3"",""quality"":""legendary""},{""module"":""quality-module-3"",""quality"":""legendary""}]",0,[]
60,energy-shield-mk2-equipment,epic,assembling-machine-3,legendary,"[{""module"":""quality-module-3"",""quality"":""legendary""},{""module"":""quality-module-3"",""quality"":""legendary""},{""module"":""quality-module-3"",""quality"":""legendary""},{""module"":""quality-module-3"",""quality"":""legendary""}]",0,[]
60,energy-shield-mk2-equipment-recycling,epic,recycler,legendary,"[{""module"":""quality-module-3"",""quality"":""legendary""},{""module"":""quality-module-3"",""quality"":""legendary""},{""module"":""quality-module-3"",""quality"":""legendary""},{""module"":""quality-module-3"",""quality"":""legendary""}]",0,[]
60,energy-shield-mk2-equipment,legendary,assembling-machine-3,legendary,"[{""module"":""speed-module-3"",""quality"":""legendary""},{""module"":""speed-module-3"",""quality"":""legendary""},{""module"":""speed-module-3"",""quality"":""legendary""},{""module"":""speed-module-3"",""quality"":""legendary""}]",12,"[{""module"":""speed-module-3"",""quality"":""legendary""},{""module"":""speed-module-3"",""quality"":""legendary""},{""module"":""speed-module-3"",""quality"":""legendary""},{""module"":""speed-module-3"",""quality"":""legendary""},{""module"":""speed-module-3"",""quality"":""legendary""},{""module"":""speed-module-3"",""quality"":""legendary""},{""module"":""speed-module-3"",""quality"":""legendary""},{""module"":""speed-module-3"",""quality"":""legendary""},{""module"":""speed-module-3"",""quality"":""legendary""},{""module"":""speed-module-3"",""quality"":""legendary""},{""module"":""speed-module-3"",""quality"":""legendary""},{""module"":""speed-module-3"",""quality"":""legendary""},{""module"":""speed-module-3"",""quality"":""legendary""},{""module"":""speed-module-3"",""quality"":""legendary""},{""module"":""speed-module-3"",""quality"":""legendary""},{""module"":""speed-module-3"",""quality"":""legendary""},{""module"":""speed-module-3"",""quality"":""legendary""},{""module"":""speed-module-3"",""quality"":""legendary""},{""module"":""speed-module-3"",""quality"":""legendary""},{""module"":""speed-module-3"",""quality"":""legendary""},{""module"":""speed-module-3"",""quality"":""legendary""},{""module"":""speed-module-3"",""quality"":""legendary""},{""module"":""speed-module-3"",""quality"":""legendary""},{""module"":""speed-module-3"",""quality"":""legendary""}]"
60,energy-shield-mk2-equipment-recycling,legendary,recycler,legendary,"[{""module"":""speed-module-3"",""quality"":""legendary""},{""module"":""speed-module-3"",""quality"":""legendary""},{""module"":""speed-module-3"",""quality"":""legendary""},{""module"":""speed-module-3"",""quality"":""legendary""}]",12,"[{""module"":""speed-module-3"",""quality"":""legendary""},{""module"":""speed-module-3"",""quality"":""legendary""},{""module"":""speed-module-3"",""quality"":""legendary""},{""module"":""speed-module-3"",""quality"":""legendary""},{""module"":""speed-module-3"",""quality"":""legendary""},{""module"":""speed-module-3"",""quality"":""legendary""},{""module"":""speed-module-3"",""quality"":""legendary""},{""module"":""speed-module-3"",""quality"":""legendary""},{""module"":""speed-module-3"",""quality"":""legendary""},{""module"":""speed-module-3"",""quality"":""legendary""},{""module"":""speed-module-3"",""quality"":""legendary""},{""module"":""speed-module-3"",""quality"":""legendary""},{""module"":""speed-module-3"",""quality"":""legendary""},{""module"":""speed-module-3"",""quality"":""legendary""},{""module"":""speed-module-3"",""quality"":""legendary""},{""module"":""speed-module-3"",""quality"":""legendary""},{""module"":""speed-module-3"",""quality"":""legendary""},{""module"":""speed-module-3"",""quality"":""legendary""},{""module"":""speed-module-3"",""quality"":""legendary""},{""module"":""speed-module-3"",""quality"":""legendary""},{""module"":""speed-module-3"",""quality"":""legendary""},{""module"":""speed-module-3"",""quality"":""legendary""},{""module"":""speed-module-3"",""quality"":""legendary""},{""module"":""speed-module-3"",""quality"":""legendary""}]"
61,energy-shield-mk2-equipment,normal,assembling-machine-3,legendary,"[{""module"":""speed-module-3"",""quality"":""legendary""},{""module"":""speed-module-3"",""quality"":""legendary""},{""module"":""speed-module-3"",""quality"":""legendary""},{""module"":""speed-module-3"",""quality"":""legendary""}]",12,"[{""module"":""speed-module-3"",""quality"":""legendary""},{""module"":""speed-module-3"",""quality"":""legendary""},{""module"":""speed-module-3"",""quality"":""legendary""},{""module"":""speed-module-3"",""quality"":""legendary""},{""module"":""speed-module-3"",""quality"":""legendary""},{""module"":""speed-module-3"",""quality"":""legendary""},{""module"":""speed-module-3"",""quality"":""legendary""},{""module"":""speed-module-3"",""quality"":""legendary""},{""module"":""speed-module-3"",""quality"":""legendary""},{""module"":""speed-module-3"",""quality"":""legendary""},{""module"":""speed-module-3"",""quality"":""legendary""},{""module"":""speed-module-3"",""quality"":""legendary""},{""module"":""speed-module-3"",""quality"":""legendary""},{""module"":""speed-module-3"",""quality"":""legendary""},{""module"":""speed-module-3"",""quality"":""legendary""},{""module"":""speed-module-3"",""quality"":""legendary""},{""module"":""speed-module-3"",""quality"":""legendary""},{""module"":""speed-module-3"",""quality"":""legendary""},{""module"":""speed-module-3"",""quality"":""legendary""},{""module"":""speed-module-3"",""quality"":""legendary""},{""module"":""speed-module-3"",""quality"":""legendary""},{""module"":""speed-module-3"",""quality"":""legendary""},{""module"":""speed-module-3"",""quality"":""legendary""},{""module"":""speed-module-3"",""quality"":""legendary""}]"
61,energy-shield-mk2-equipment-recycling,normal,recycler,legendary,"[{""module"":""quality-module-3"",""quality"":""legendary""},{""module"":""quality-module-3"",""quality"":""legendary""},{""module"":""quality-module-3"",""quality"":""legendary""},{""module"":""quality-module-3"",""quality"":""legendary""}]",10,"[{""module"":""speed-module-2"",""quality"":""legendary""}]"
61,energy-shield-mk2-equipment,uncommon,assembling-machine-3,legendary,"[{""module"":""quality-module-3"",""quality"":""legendary""},{""module"":""quality-module-3"",""quality"":""legendary""},{""module"":""quality-module-3"",""quality"":""legendary""},{""module"":""quality-module-3"",""quality"":""legendary""}]",1,"[{""module"":""speed-module"",""quality"":""legendary""}]"
61,energy-shield-mk2-equipment-recycling,uncommon,recycler,legendary,"[{""module"":""quality-module-3"",""quality"":""legendary""},{""module"":""quality-module-3"",""quality"":""legendary""},{""module"":""quality-module-3"",""quality"":""legendary""},{""module"":""quality-module-3"",""quality"":""legendary""}]",0,[]
61,energy-shield-mk2-equipment,rare,assembling-machine-3,legendary,"[{""module"":""quality-module-3"",""quality"":""legendary""},{""module"":""quality-module-3"",""quality"":""legendary""},{""module"":""quality-module-3"",""quality"":""legendary""},{""module"":""quality-module-3"",""quality"":""legendary""}]",0,[]
61,energy-shield-mk2-equipment-recycling,rare,recycler,legendary,"[{""module"":""quality-module-3"",""quality"":""legendary""},{""module"":""quality-module-3"",""quality"":""legendary""},{""module"":""quality-module-3"",""quality"":""legendary""},{""module"":""quality-module-3"",""quality"":""legendary""}]",0,[]
61,energy-shield-mk2-equipment,epic,assembling-machine-3,legendary,"[{""module"":""quality-module-3"",""quality"":""legendary""},{""module"":""quality-module-3"",""quality"":""legendary""},{""module"":""quality-module-3"",""quality"":""legendary""},{""module"":""quality-module-3"",""quality"":""legendary""}]",0,[]
61,energy-shield-mk2-equipment-recycling,epic,recycler,legendary,"[{""module"":""quality-module-3"",""quality"":""legendary""},{""module"":""quality-module-3"",""quality"":""legendary""},{""module"":""quality-module-3"",""quality"":""legendary""},{""module"":""quality-module-3"",""quality"":""legendary""}]",0,[]
61,energy-shield-mk2-equipment,legendary,assembling-machine-3,legendary,"[{""module"":""speed-module-3"",""quality"":""legendary""},{""module"":""speed-module-3"",""quality"":""legendary""},{""module"":""speed-module-3"",""quality"":""legendary""},{""module"":""speed-module-3"",""quality"":""legendary""}]",12,"[{""module"":""speed-module-3"",""quality"":""legendary""},{""module"":""speed-module-3"",""quality"":""legendary""},{""module"":""speed-module-3"",""quality"":""legendary""},{""module"":""speed-module-3"",""quality"":""legendary""},{""module"":""speed-module-3"",""quality"":""legendary""},{""module"":""speed-module-3"",""quality"":""legendary""},{""module"":""speed-module-3"",""quality"":""legendary""},{""module"":""speed-module-3"",""quality"":""legendary""},{""module"":""speed-module-3"",""quality"":""legendary""},{""module"":""speed-module-3"",""quality"":""legendary""},{""module"":""speed-module-3"",""quality"":""legendary""},{""module"":""speed-module-3"",""quality"":""legendary""},{""module"":""speed-module-3"",""quality"":""legendary""},{""module"":""speed-module-3"",""quality"":""legendary""},{""module"":""speed-module-3"",""quality"":""legendary""},{""module"":""speed-module-3"",""quality"":""legendary""},{""module"":""speed-module-3"",""quality"":""legendary""},{""module"":""speed-module-3"",""quality"":""legendary""},{""module"":""speed-module-3"",""quality"":""legendary""},{""module"":""speed-module-3"",""quality"":""legendary""},{""module"":""speed-module-3"",""quality"":""legendary""},{""module"":""speed-module-3"",""quality"":""legendary""},{""module"":""speed-module-3"",""quality"":""legendary""},{""module"":""speed-module-3"",""quality"":""legendary""}]"
61,energy-shield-mk2-equipment-recycling,legendary,recycler,legendary,"[{""module"":""speed-module-3"",""quality"":""legendary""},{""module"":""speed-module-3"",""quality"":""legendary""},{""module"":""speed-module-3"",""quality"":""legendary""},{""module"":""speed-module-3"",""quality"":""legendary""}]",12,"[{""module"":""speed-module-3"",""quality"":""legendary""},{""module"":""speed-module-3"",""quality"":""legendary""},{""module"":""speed-module-3"",""quality"":""legendary""},{""module"":""speed-module-3"",""quality"":""legendary""},{""module"":""speed-module-3"",""quality"":""legendary""},{""module"":""speed-module-3"",""quality"":""legendary""},{""module"":""speed-module-3"",""quality"":""legendary""},{""module"":""speed-module-3"",""quality"":""legendary""},{""module"":""speed-module-3"",""quality"":""legendary""},{""module"":""speed-module-3"",""quality"":""legendary""},{""module"":""speed-module-3"",""quality"":""legendary""},{""module"":""speed-module-3"",""quality"":""legendary""},{""module"":""speed-module-3"",""quality"":""legendary""},{""module"":""speed-module-3"",""quality"":""legendary""},{""module"":""speed-module-3"",""quality"":""legendary""},{""module"":""speed-module-3"",""quality"":""legendary""},{""module"":""speed-module-3"",""quality"":""legendary""},{""module"":""speed-module-3"",""quality"":""legendary""},{""module"":""speed-module-3"",""quality"":""legendary""},{""module"":""speed-module-3"",""quality"":""legendary""},{""module"":""speed-module-3"",""quality"":""legendary""},{""module"":""speed-module-3"",""quality"":""legendary""},{""module"":""speed-module-3"",""quality"":""legendary""},{""module"":""speed-module-3"",""quality"":""legendary""}]"
62,exoskeleton-equipment,normal,assembling-machine-3,legendary,"[{""module"":""quality-module-3"",""quality"":""legendary""},{""module"":""quality-module-3"",""quality"":""legendary""},{""module"":""quality-module-3"",""quality"":""legendary""},{""module"":""quality-module-3"",""quality"":""legendary""}]",0,[]
62,exoskeleton-equipment-recycling,normal,recycler,legendary,"[{""module"":""quality-module-3"",""quality"":""legendary""},{""module"":""quality-module-3"",""quality"":""legendary""},{""module"":""quality-module-3"",""quality"":""legendary""},{""module"":""quality-module-3"",""quality"":""legendary""}]",0,[]
62,exoskeleton-equipment,uncommon,assembling-machine-3,legendary,"[{""module"":""quality-module-3"",""quality"":""legendary""},{""module"":""quality-module-3"",""quality"":""legendary""},{""module"":""quality-module-3"",""quality"":""legendary""},{""module"":""quality-module-3"",""quality"":""legendary""}]",0,[]
62,exoskeleton-equipment-recycling,uncommon,recycler,legendary,"[{""module"":""quality-module-3"",""quality"":""legendary""},{""module"":""quality-module-3"",""quality"":""legendary""},{""module"":""quality-module-3"",""quality"":""legendary""},{""module"":""quality-module-3"",""quality"":""legendary""}]",0,[]
62,exoskeleton-equipment,rare,assembling-machine-3,legendary,"[{""module"":""quality-module-3"",""quality"":""legendary""},{""module"":""quality-module-3"",""quality"":""legendary""},{""module"":""quality-module-3"",""quality"":""legendary""},{""module"":""quality-module-3"",""quality"":""legendary""}]",0,[]
62,exoskeleton-equipment-recycling,rare,recycler,legendary,"[{""module"":""quality-module-3"",""quality"":""legendary""},{""module"":""quality-module-3"",""quality"":""legendary""},{""module"":""quality-module-3"",""quality"":""legendary""},{""module"":""quality-module-3"",""quality"":""legendary""}]",0,[]
62,exoskeleton-equipment,epic,assembling-machine-3,legendary,"[{""module"":""quality-module-3"",""quality"":""legendary""},{""module"":""quality-module-3"",""quality"":""legendary""},{""module"":""quality-module-3"",""quality"":""legendary""},{""module"":""quality-module-3"",""quality"":""legendary""}]",0,[]
62,exoskeleton-equipment-recycling,epic,recycler,legendary,"[{""module"":""quality-module-3"",""quality"":""legendary""},{""module"":""quality-module-3"",""quality"":""legendary""},{""module"":""quality-module-3"",""quality"":""legendary""},{""module"":""quality-module-3"",""quality"":""legendary""}]",0,[]
62,exoskeleton-equipment,legendary,assembling-machine-3,legendary,"[{""module"":""speed-module-3"",""quality"":""legendary""},{""module"":""speed-module-3"",""quality"":""legendary""},{""module"":""speed-module-3"",""quality"":""legendary""},{""module"":""speed-module-3"",""quality"":""legendary""}]",12,"[{""module"":""speed-module-3"",""quality"":""legendary""},{""module"":""speed-module-3"",""quality"":""legendary""},{""module"":""speed-module-3"",""quality"":""legendary""},{""module"":""speed-module-3"",""quality"":""legendary""},{""module"":""speed-module-3"",""quality"":""legendary""},{""module"":""speed-module-3"",""quality"":""legendary""},{""module"":""speed-module-3"",""quality"":""legendary""},{""module"":""speed-module-3"",""quality"":""legendary""},{""module"":""speed-module-3"",""quality"":""legendary""},{""module"":""speed-module-3"",""quality"":""legendary""},{""module"":""speed-module-3"",""quality"":""legendary""},{""module"":""speed-module-3"",""quality"":""legendary""},{""module"":""speed-module-3"",""quality"":""legendary""},{""module"":""speed-module-3"",""quality"":""legendary""},{""module"":""speed-module-3"",""quality"":""legendary""},{""module"":""speed-module-3"",""quality"":""legendary""},{""module"":""speed-module-3"",""quality"":""legendary""},{""module"":""speed-module-3"",""quality"":""legendary""},{""module"":""speed-module-3"",""quality"":""legendary""},{""module"":""speed-module-3"",""quality"":""legendary""},{""module"":""speed-module-3"",""quality"":""legendary""},{""module"":""speed-module-3"",""quality"":""legendary""},{""module"":""speed-module-3"",""quality"":""legendary""},{""module"":""speed-module-3"",""quality"":""legendary""}]"
62,exoskeleton-equipment-recycling,legendary,recycler,legendary,"[{""module"":""speed-module-3"",""quality"":""legendary""},{""module"":""speed-module-3"",""quality"":""legendary""},{""module"":""speed-module-3"",""quality"":""legendary""},{""module"":""speed-module-3"",""quality"":""legendary""}]",12,"[{""module"":""speed-module-3"",""quality"":""legendary""},{""module"":""speed-module-3"",""quality"":""legendary""},{""module"":""speed-module-3"",""quality"":""legendary""},{""module"":""speed-module-3"",""quality"":""legendary""},{""module"":""speed-module-3"",""quality"":""legendary""},{""module"":""speed-module-3"",""quality"":""legendary""},{""module"":""speed-module-3"",""quality"":""legendary""},{""module"":""speed-module-3"",""quality"":""legendary""},{""module"":""speed-module-3"",""quality"":""legendary""},{""module"":""speed-module-3"",""quality"":""legendary""},{""module"":""speed-module-3"",""quality"":""legendary""},{""module"":""speed-module-3"",""quality"":""legendary""},{""module"":""speed-module-3"",""quality"":""legendary""},{""module"":""speed-module-3"",""quality"":""legendary""},{""module"":""speed-module-3"",""quality"":""legendary""},{""module"":""speed-module-3"",""quality"":""legendary""},{""module"":""speed-module-3"",""quality"":""legendary""},{""module"":""speed-module-3"",""quality"":""legendary""},{""module"":""speed-module-3"",""quality"":""legendary""},{""module"":""speed-module-3"",""quality"":""legendary""},{""module"":""speed-module-3"",""quality"":""legendary""},{""module"":""speed-module-3"",""quality"":""legendary""},{""module"":""speed-module-3"",""quality"":""legendary""},{""module"":""speed-module-3"",""quality"":""legendary""}]"
63,exoskeleton-equipment,normal,assembling-machine-3,legendary,"[{""module"":""speed-module-3"",""quality"":""legendary""},{""module"":""speed-module-3"",""quality"":""legendary""},{""module"":""speed-module-3"",""quality"":""legendary""},{""module"":""speed-module-3"",""quality"":""legendary""}]",12,"[{""module"":""speed-module-3"",""quality"":""legendary""},{""module"":""speed-module-3"",""quality"":""legendary""},{""module"":""speed-module-3"",""quality"":""legendary""},{""module"":""speed-module-3"",""quality"":""legendary""},{""module"":""speed-module-3"",""quality"":""legendary""},{""module"":""speed-module-3"",""quality"":""legendary""},{""module"":""speed-module-3"",""quality"":""legendary""},{""module"":""speed-module-3"",""quality"":""legendary""},{""module"":""speed-module-3"",""quality"":""legendary""},{""module"":""speed-module-3"",""quality"":""legendary""},{""module"":""speed-module-3"",""quality"":""legendary""},{""module"":""speed-module-3"",""quality"":""legendary""},{""module"":""speed-module-3"",""quality"":""legendary""},{""module"":""speed-module-3"",""quality"":""legendary""},{""module"":""speed-module-3"",""quality"":""legendary""},{""module"":""speed-module-3"",""quality"":""legendary""},{""module"":""speed-module-3"",""quality"":""legendary""},{""module"":""speed-module-3"",""quality"":""legendary""},{""module"":""speed-module-3"",""quality"":""legendary""},{""module"":""speed-module-3"",""quality"":""legendary""},{""module"":""speed-module-3"",""quality"":""legendary""},{""module"":""speed-module-3"",""quality"":""legendary""},{""module"":""speed-module-3"",""quality"":""legendary""},{""module"":""speed-module-3"",""quality"":""legendary""}]"
63,exoskeleton-equipment-recycling,normal,recycler,legendary,"[{""module"":""quality-module-3"",""quality"":""legendary""},{""module"":""quality-module-3"",""quality"":""legendary""},{""module"":""quality-module-3"",""quality"":""legendary""},{""module"":""quality-module-3"",""quality"":""legendary""}]",10,"[{""module"":""speed-module-2"",""quality"":""legendary""}]"
63,exoskeleton-equipment,uncommon,assembling-machine-3,legendary,"[{""module"":""quality-module-3"",""quality"":""legendary""},{""module"":""quality-module-3"",""quality"":""legendary""},{""module"":""quality-module-3"",""quality"":""legendary""},{""module"":""quality-module-3"",""quality"":""legendary""}]",1,"[{""module"":""speed-module"",""quality"":""legendary""}]"
63,exoskeleton-equipment-recycling,uncommon,recycler,legendary,"[{""module"":""quality-module-3"",""quality"":""legendary""},{""module"":""quality-module-3"",""quality"":""legendary""},{""module"":""quality-module-3"",""quality"":""legendary""},{""module"":""quality-module-3"",""quality"":""legendary""}]",0,[]
63,exoskeleton-equipment,rare,assembling-machine-3,legendary,"[{""module"":""quality-module-3"",""quality"":""legendary""},{""module"":""quality-module-3"",""quality"":""legendary""},{""module"":""quality-module-3"",""quality"":""legendary""},{""module"":""quality-module-3"",""quality"":""legendary""}]",0,[]
63,exoskeleton-equipment-recycling,rare,recycler,legendary,"[{""module"":""quality-module-3"",""quality"":""legendary""},{""module"":""quality-module-3"",""quality"":""legendary""},{""module"":""quality-module-3"",""quality"":""legendary""},{""module"":""quality-module-3"",""quality"":""legendary""}]",0,[]
63,exoskeleton-equipment,epic,assembling-machine-3,legendary,"[{""module"":""quality-module-3"",""quality"":""legendary""},{""module"":""quality-module-3"",""quality"":""legendary""},{""module"":""quality-module-3"",""quality"":""legendary""},{""module"":""quality-module-3"",""quality"":""legendary""}]",0,[]
63,exoskeleton-equipment-recycling,epic,recycler,legendary,"[{""module"":""quality-module-3"",""quality"":""legendary""},{""module"":""quality-module-3"",""quality"":""legendary""},{""module"":""quality-module-3"",""quality"":""legendary""},{""module"":""quality-module-3"",""quality"":""legendary""}]",0,[]
63,exoskeleton-equipment,legendary,assembling-machine-3,legendary,"[{""module"":""speed-module-3"",""quality"":""legendary""},{""module"":""speed-module-3"",""quality"":""legendary""},{""module"":""speed-module-3"",""quality"":""legendary""},{""module"":""speed-module-3"",""quality"":""legendary""}]",12,"[{""module"":""speed-module-3"",""quality"":""legendary""},{""module"":""speed-module-3"",""quality"":""legendary""},{""module"":""speed-module-3"",""quality"":""legendary""},{""module"":""speed-module-3"",""quality"":""legendary""},{""module"":""speed-module-3"",""quality"":""legendary""},{""module"":""speed-module-3"",""quality"":""legendary""},{""module"":""speed-module-3"",""quality"":""legendary""},{""module"":""speed-module-3"",""quality"":""legendary""},{""module"":""speed-module-3"",""quality"":""legendary""},{""module"":""speed-module-3"",""quality"":""legendary""},{""module"":""speed-module-3"",""quality"":""legendary""},{""module"":""speed-module-3"",""quality"":""legendary""},{""module"":""speed-module-3"",""quality"":""legendary""},{""module"":""speed-module-3"",""quality"":""legendary""},{""module"":""speed-module-3"",""quality"":""legendary""},{""module"":""speed-module-3"",""quality"":""legendary""},{""module"":""speed-module-3"",""quality"":""legendary""},{""module"":""speed-module-3"",""quality"":""legendary""},{""module"":""speed-module-3"",""quality"":""legendary""},{""module"":""speed-module-3"",""quality"":""legendary""},{""module"":""speed-module-3"",""quality"":""legendary""},{""module"":""speed-module-3"",""quality"":""legendary""},{""module"":""speed-module-3"",""quality"":""legendary""},{""module"":""speed-module-3"",""quality"":""legendary""}]"
63,exoskeleton-equipment-recycling,legendary,recycler,legendary,"[{""module"":""speed-module-3"",""quality"":""legendary""},{""module"":""speed-module-3"",""quality"":""legendary""},{""module"":""speed-module-3"",""quality"":""legendary""},{""module"":""speed-module-3"",""quality"":""legendary""}]",12,"[{""module"":""speed-module-3"",""quality"":""legendary""},{""module"":""speed-module-3"",""quality"":""legendary""},{""module"":""speed-module-3"",""quality"":""legendary""},{""module"":""speed-module-3"",""quality"":""legendary""},{""module"":""speed-module-3"",""quality"":""legendary""},{""module"":""speed-module-3"",""quality"":""legendary""},{""module"":""speed-module-3"",""quality"":""legendary""},{""module"":""speed-module-3"",""quality"":""legendary""},{""module"":""speed-module-3"",""quality"":""legendary""},{""module"":""speed-module-3"",""quality"":""legendary""},{""module"":""speed-module-3"",""quality"":""legendary""},{""module"":""speed-module-3"",""quality"":""legendary""},{""module"":""speed-module-3"",""quality"":""legendary""},{""module"":""speed-module-3"",""quality"":""legendary""},{""module"":""speed-module-3"",""quality"":""legendary""},{""module"":""speed-module-3"",""quality"":""legendary""},{""module"":""speed-module-3"",""quality"":""legendary""},{""module"":""speed-module-3"",""quality"":""legendary""},{""module"":""speed-module-3"",""quality"":""legendary""},{""module"":""speed-module-3"",""quality"":""legendary""},{""module"":""speed-module-3"",""quality"":""legendary""},{""module"":""speed-module-3"",""quality"":""legendary""},{""module"":""speed-module-3"",""quality"":""legendary""},{""module"":""speed-module-3"",""quality"":""legendary""}]"
64,fission-reactor-equipment,normal,assembling-machine-3,legendary,"[{""module"":""quality-module-3"",""quality"":""legendary""},{""module"":""quality-module-3"",""quality"":""legendary""},{""module"":""quality-module-3"",""quality"":""legendary""},{""module"":""quality-module-3"",""quality"":""legendary""}]",0,[]
64,fission-reactor-equipment-recycling,normal,recycler,legendary,"[{""module"":""quality-module-3"",""quality"":""legendary""},{""module"":""quality-module-3"",""quality"":""legendary""},{""module"":""quality-module-3"",""quality"":""legendary""},{""module"":""quality-module-3"",""quality"":""legendary""}]",0,[]
64,fission-reactor-equipment,uncommon,assembling-machine-3,legendary,"[{""module"":""quality-module-3"",""quality"":""legendary""},{""module"":""quality-module-3"",""quality"":""legendary""},{""module"":""quality-module-3"",""quality"":""legendary""},{""module"":""quality-module-3"",""quality"":""legendary""}]",0,[]
64,fission-reactor-equipment-recycling,uncommon,recycler,legendary,"[{""module"":""quality-module-3"",""quality"":""legendary""},{""module"":""quality-module-3"",""quality"":""legendary""},{""module"":""quality-module-3"",""quality"":""legendary""},{""module"":""quality-module-3"",""quality"":""legendary""}]",0,[]
64,fission-reactor-equipment,rare,assembling-machine-3,legendary,"[{""module"":""quality-module-3"",""quality"":""legendary""},{""module"":""quality-module-3"",""quality"":""legendary""},{""module"":""quality-module-3"",""quality"":""legendary""},{""module"":""quality-module-3"",""quality"":""legendary""}]",0,[]
64,fission-reactor-equipment-recycling,rare,recycler,legendary,"[{""module"":""quality-module-3"",""quality"":""legendary""},{""module"":""quality-module-3"",""quality"":""legendary""},{""module"":""quality-module-3"",""quality"":""legendary""},{""module"":""quality-module-3"",""quality"":""legendary""}]",0,[]
64,fission-reactor-equipment,epic,assembling-machine-3,legendary,"[{""module"":""quality-module-3"",""quality"":""legendary""},{""module"":""quality-module-3"",""quality"":""legendary""},{""module"":""quality-module-3"",""quality"":""legendary""},{""module"":""quality-module-3"",""quality"":""legendary""}]",0,[]
64,fission-reactor-equipment-recycling,epic,recycler,legendary,"[{""module"":""quality-module-3"",""quality"":""legendary""},{""module"":""quality-module-3"",""quality"":""legendary""},{""module"":""quality-module-3"",""quality"":""legendary""},{""module"":""quality-module-3"",""quality"":""legendary""}]",0,[]
64,fission-reactor-equipment,legendary,assembling-machine-3,legendary,"[{""module"":""speed-module-3"",""quality"":""legendary""},{""module"":""speed-module-3"",""quality"":""legendary""},{""module"":""speed-module-3"",""quality"":""legendary""},{""module"":""speed-module-3"",""quality"":""legendary""}]",12,"[{""module"":""speed-module-3"",""quality"":""legendary""},{""module"":""speed-module-3"",""quality"":""legendary""},{""module"":""speed-module-3"",""quality"":""legendary""},{""module"":""speed-module-3"",""quality"":""legendary""},{""module"":""speed-module-3"",""quality"":""legendary""},{""module"":""speed-module-3"",""quality"":""legendary""},{""module"":""speed-module-3"",""quality"":""legendary""},{""module"":""speed-module-3"",""quality"":""legendary""},{""module"":""speed-module-3"",""quality"":""legendary""},{""module"":""speed-module-3"",""quality"":""legendary""},{""module"":""speed-module-3"",""quality"":""legendary""},{""module"":""speed-module-3"",""quality"":""legendary""},{""module"":""speed-module-3"",""quality"":""legendary""},{""module"":""speed-module-3"",""quality"":""legendary""},{""module"":""speed-module-3"",""quality"":""legendary""},{""module"":""speed-module-3"",""quality"":""legendary""},{""module"":""speed-module-3"",""quality"":""legendary""},{""module"":""speed-module-3"",""quality"":""legendary""},{""module"":""speed-module-3"",""quality"":""legendary""},{""module"":""speed-module-3"",""quality"":""legendary""},{""module"":""speed-module-3"",""quality"":""legendary""},{""module"":""speed-module-3"",""quality"":""legendary""},{""module"":""speed-module-3"",""quality"":""legendary""},{""module"":""speed-module-3"",""quality"":""legendary""}]"
64,fission-reactor-equipment-recycling,legendary,recycler,legendary,"[{""module"":""speed-module-3"",""quality"":""legendary""},{""module"":""speed-module-3"",""quality"":""legendary""},{""module"":""speed-module-3"",""quality"":""legendary""},{""module"":""speed-module-3"",""quality"":""legendary""}]",12,"[{""module"":""speed-module-3"",""quality"":""legendary""},{""module"":""speed-module-3"",""quality"":""legendary""},{""module"":""speed-module-3"",""quality"":""legendary""},{""module"":""speed-module-3"",""quality"":""legendary""},{""module"":""speed-module-3"",""quality"":""legendary""},{""module"":""speed-module-3"",""quality"":""legendary""},{""module"":""speed-module-3"",""quality"":""legendary""},{""module"":""speed-module-3"",""quality"":""legendary""},{""module"":""speed-module-3"",""quality"":""legendary""},{""module"":""speed-module-3"",""quality"":""legendary""},{""module"":""speed-module-3"",""quality"":""legendary""},{""module"":""speed-module-3"",""quality"":""legendary""},{""module"":""speed-module-3"",""quality"":""legendary""},{""module"":""speed-module-3"",""quality"":""legendary""},{""module"":""speed-module-3"",""quality"":""legendary""},{""module"":""speed-module-3"",""quality"":""legendary""},{""module"":""speed-module-3"",""quality"":""legendary""},{""module"":""speed-module-3"",""quality"":""legendary""},{""module"":""speed-module-3"",""quality"":""legendary""},{""module"":""speed-module-3"",""quality"":""legendary""},{""module"":""speed-module-3"",""quality"":""legendary""},{""module"":""speed-module-3"",""quality"":""legendary""},{""module"":""speed-module-3"",""quality"":""legendary""},{""module"":""speed-module-3"",""quality"":""legendary""}]"
65,fission-reactor-equipment,normal,assembling-machine-3,legendary,"[{""module"":""speed-module-3"",""quality"":""legendary""},{""module"":""speed-module-3"",""quality"":""legendary""},{""module"":""speed-module-3"",""quality"":""legendary""},{""module"":""speed-module-3"",""quality"":""legendary""}]",12,"[{""module"":""speed-module-3"",""quality"":""legendary""},{""module"":""speed-module-3"",""quality"":""legendary""},{""module"":""speed-module-3"",""quality"":""legendary""},{""module"":""speed-module-3"",""quality"":""legendary""},{""module"":""speed-module-3"",""quality"":""legendary""},{""module"":""speed-module-3"",""quality"":""legendary""},{""module"":""speed-module-3"",""quality"":""legendary""},{""module"":""speed-module-3"",""quality"":""legendary""},{""module"":""speed-module-3"",""quality"":""legendary""},{""module"":""speed-module-3"",""quality"":""legendary""},{""module"":""speed-module-3"",""quality"":""legendary""},{""module"":""speed-module-3"",""quality"":""legendary""},{""module"":""speed-module-3"",""quality"":""legendary""},{""module"":""speed-module-3"",""quality"":""legendary""},{""module"":""speed-module-3"",""quality"":""legendary""},{""module"":""speed-module-3"",""quality"":""legendary""},{""module"":""speed-module-3"",""quality"":""legendary""},{""module"":""speed-module-3"",""quality"":""legendary""},{""module"":""speed-module-3"",""quality"":""legendary""},{""module"":""speed-module-3"",""quality"":""legendary""},{""module"":""speed-module-3"",""quality"":""legendary""},{""module"":""speed-module-3"",""quality"":""legendary""},{""module"":""speed-module-3"",""quality"":""legendary""},{""module"":""speed-module-3"",""quality"":""legendary""}]"
65,fission-reactor-equipment-recycling,normal,recycler,legendary,"[{""module"":""quality-module-3"",""quality"":""legendary""},{""module"":""quality-module-3"",""quality"":""legendary""},{""module"":""quality-module-3"",""quality"":""legendary""},{""module"":""quality-module-3"",""quality"":""legendary""}]",10,"[{""module"":""speed-module-2"",""quality"":""legendary""}]"
65,fission-reactor-equipment,uncommon,assembling-machine-3,legendary,"[{""module"":""quality-module-3"",""quality"":""legendary""},{""module"":""quality-module-3"",""quality"":""legendary""},{""module"":""quality-module-3"",""quality"":""legendary""},{""module"":""quality-module-3"",""quality"":""legendary""}]",1,"[{""module"":""speed-module"",""quality"":""legendary""}]"
65,fission-reactor-equipment-recycling,uncommon,recycler,legendary,"[{""module"":""quality-module-3"",""quality"":""legendary""},{""module"":""quality-module-3"",""quality"":""legendary""},{""module"":""quality-module-3"",""quality"":""legendary""},{""module"":""quality-module-3"",""quality"":""legendary""}]",0,[]
65,fission-reactor-equipment,rare,assembling-machine-3,legendary,"[{""module"":""quality-module-3"",""quality"":""legendary""},{""module"":""quality-module-3"",""quality"":""legendary""},{""module"":""quality-module-3"",""quality"":""legendary""},{""module"":""quality-module-3"",""quality"":""legendary""}]",0,[]
65,fission-reactor-equipment-recycling,rare,recycler,legendary,"[{""module"":""quality-module-3"",""quality"":""legendary""},{""module"":""quality-module-3"",""quality"":""legendary""},{""module"":""quality-module-3"",""quality"":""legendary""},{""module"":""quality-module-3"",""quality"":""legendary""}]",0,[]
65,fission-reactor-equipment,epic,assembling-machine-3,legendary,"[{""module"":""quality-module-3"",""quality"":""legendary""},{""module"":""quality-module-3"",""quality"":""legendary""},{""module"":""quality-module-3"",""quality"":""legendary""},{""module"":""quality-module-3"",""quality"":""legendary""}]",0,[]
65,fission-reactor-equipment-recycling,epic,recycler,legendary,"[{""module"":""quality-module-3"",""quality"":""legendary""},{""module"":""quality-module-3"",""quality"":""legendary""},{""module"":""quality-module-3"",""quality"":""legendary""},{""module"":""quality-module-3"",""quality"":""legendary""}]",0,[]
65,fission-reactor-equipment,legendary,assembling-machine-3,legendary,"[{""module"":""speed-module-3"",""quality"":""legendary""},{""module"":""speed-module-3"",""quality"":""legendary""},{""module"":""speed-module-3"",""quality"":""legendary""},{""module"":""speed-module-3"",""quality"":""legendary""}]",12,"[{""module"":""speed-module-3"",""quality"":""legendary""},{""module"":""speed-module-3"",""quality"":""legendary""},{""module"":""speed-module-3"",""quality"":""legendary""},{""module"":""speed-module-3"",""quality"":""legendary""},{""module"":""speed-module-3"",""quality"":""legendary""},{""module"":""speed-module-3"",""quality"":""legendary""},{""module"":""speed-module-3"",""quality"":""legendary""},{""module"":""speed-module-3"",""quality"":""legendary""},{""module"":""speed-module-3"",""quality"":""legendary""},{""module"":""speed-module-3"",""quality"":""legendary""},{""module"":""speed-module-3"",""quality"":""legendary""},{""module"":""speed-module-3"",""quality"":""legendary""},{""module"":""speed-module-3"",""quality"":""legendary""},{""module"":""speed-module-3"",""quality"":""legendary""},{""module"":""speed-module-3"",""quality"":""legendary""},{""module"":""speed-module-3"",""quality"":""legendary""},{""module"":""speed-module-3"",""quality"":""legendary""},{""module"":""speed-module-3"",""quality"":""legendary""},{""module"":""speed-module-3"",""quality"":""legendary""},{""module"":""speed-module-3"",""quality"":""legendary""},{""module"":""speed-module-3"",""quality"":""legendary""},{""module"":""speed-module-3"",""quality"":""legendary""},{""module"":""speed-module-3"",""quality"":""legendary""},{""module"":""speed-module-3"",""quality"":""legendary""}]"
65,fission-reactor-equipment-recycling,legendary,recycler,legendary,"[{""module"":""speed-module-3"",""quality"":""legendary""},{""module"":""speed-module-3"",""quality"":""legendary""},{""module"":""speed-module-3"",""quality"":""legendary""},{""module"":""speed-module-3"",""quality"":""legendary""}]",12,"[{""module"":""speed-module-3"",""quality"":""legendary""},{""module"":""speed-module-3"",""quality"":""legendary""},{""module"":""speed-module-3"",""quality"":""legendary""},{""module"":""speed-module-3"",""quality"":""legendary""},{""module"":""speed-module-3"",""quality"":""legendary""},{""module"":""speed-module-3"",""quality"":""legendary""},{""module"":""speed-module-3"",""quality"":""legendary""},{""module"":""speed-module-3"",""quality"":""legendary""},{""module"":""speed-module-3"",""quality"":""legendary""},{""module"":""speed-module-3"",""quality"":""legendary""},{""module"":""speed-module-3"",""quality"":""legendary""},{""module"":""speed-module-3"",""quality"":""legendary""},{""module"":""speed-module-3"",""quality"":""legendary""},{""module"":""speed-module-3"",""quality"":""legendary""},{""module"":""speed-module-3"",""quality"":""legendary""},{""module"":""speed-module-3"",""quality"":""legendary""},{""module"":""speed-module-3"",""quality"":""legendary""},{""module"":""speed-module-3"",""quality"":""legendary""},{""module"":""speed-module-3"",""quality"":""legendary""},{""module"":""speed-module-3"",""quality"":""legendary""},{""module"":""speed-module-3"",""quality"":""legendary""},{""module"":""speed-module-3"",""quality"":""legendary""},{""module"":""speed-module-3"",""quality"":""legendary""},{""module"":""speed-module-3"",""quality"":""legendary""}]"
66,landing-pad-unloading-bay,normal,assembling-machine-3,legendary,"[{""module"":""quality-module-3"",""quality"":""legendary""},{""module"":""quality-module-3"",""quality"":""legendary""},{""module"":""quality-module-3"",""quality"":""legendary""},{""module"":""quality-module-3"",""quality"":""legendary""}]",0,[]
66,landing-pad-unloading-bay-recycling,normal,recycler,legendary,"[{""module"":""quality-module-3"",""quality"":""legendary""},{""module"":""quality-module-3"",""quality"":""legendary""},{""module"":""quality-module-3"",""quality"":""legendary""},{""module"":""quality-module-3"",""quality"":""legendary""}]",0,[]
66,landing-pad-unloading-bay,uncommon,assembling-machine-3,legendary,"[{""module"":""quality-module-3"",""quality"":""legendary""},{""module"":""quality-module-3"",""quality"":""legendary""},{""module"":""quality-module-3"",""quality"":""legendary""},{""module"":""quality-module-3"",""quality"":""legendary""}]",0,[]
66,landing-pad-unloading-bay-recycling,uncommon,recycler,legendary,"[{""module"":""quality-module-3"",""quality"":""legendary""},{""module"":""quality-module-3"",""quality"":""legendary""},{""module"":""quality-module-3"",""quality"":""legendary""},{""module"":""quality-module-3"",""quality"":""legendary""}]",0,[]
66,landing-pad-unloading-bay,rare,assembling-machine-3,legendary,"[{""module"":""quality-module-3"",""quality"":""legendary""},{""module"":""quality-module-3"",""quality"":""legendary""},{""module"":""quality-module-3"",""quality"":""legendary""},{""module"":""quality-module-3"",""quality"":""legendary""}]",0,[]
66,landing-pad-unloading-bay-recycling,rare,recycler,legendary,"[{""module"":""quality-module-3"",""quality"":""legendary""},{""module"":""quality-module-3"",""quality"":""legendary""},{""module"":""quality-module-3"",""quality"":""legendary""},{""module"":""quality-module-3"",""quality"":""legendary""}]",0,[]
66,landing-pad-unloading-bay,epic,assembling-machine-3,legendary,"[{""module"":""quality-module-3"",""quality"":""legendary""},{""module"":""quality-module-3"",""quality"":""legendary""},{""module"":""quality-module-3"",""quality"":""legendary""},{""module"":""quality-module-3"",""quality"":""legendary""}]",0,[]
66,landing-pad-unloading-bay-recycling,epic,recycler,legendary,"[{""module"":""quality-module-3"",""quality"":""legendary""},{""module"":""quality-module-3"",""quality"":""legendary""},{""module"":""quality-module-3"",""quality"":""legendary""},{""module"":""quality-module-3"",""quality"":""legendary""}]",0,[]
66,landing-pad-unloading-bay,legendary,assembling-machine-3,legendary,"[{""module"":""speed-module-3"",""quality"":""legendary""},{""module"":""speed-module-3"",""quality"":""legendary""},{""module"":""speed-module-3"",""quality"":""legendary""},{""module"":""speed-module-3"",""quality"":""legendary""}]",12,"[{""module"":""speed-module-3"",""quality"":""legendary""},{""module"":""speed-module-3"",""quality"":""legendary""},{""module"":""speed-module-3"",""quality"":""legendary""},{""module"":""speed-module-3"",""quality"":""legendary""},{""module"":""speed-module-3"",""quality"":""legendary""},{""module"":""speed-module-3"",""quality"":""legendary""},{""module"":""speed-module-3"",""quality"":""legendary""},{""module"":""speed-module-3"",""quality"":""legendary""},{""module"":""speed-module-3"",""quality"":""legendary""},{""module"":""speed-module-3"",""quality"":""legendary""},{""module"":""speed-module-3"",""quality"":""legendary""},{""module"":""speed-module-3"",""quality"":""legendary""},{""module"":""speed-module-3"",""quality"":""legendary""},{""module"":""speed-module-3"",""quality"":""legendary""},{""module"":""speed-module-3"",""quality"":""legendary""},{""module"":""speed-module-3"",""quality"":""legendary""},{""module"":""speed-module-3"",""quality"":""legendary""},{""module"":""speed-module-3"",""quality"":""legendary""},{""module"":""speed-module-3"",""quality"":""legendary""},{""module"":""speed-module-3"",""quality"":""legendary""},{""module"":""speed-module-3"",""quality"":""legendary""},{""module"":""speed-module-3"",""quality"":""legendary""},{""module"":""speed-module-3"",""quality"":""legendary""},{""module"":""speed-module-3"",""quality"":""legendary""}]"
66,landing-pad-unloading-bay-recycling,legendary,recycler,legendary,"[{""module"":""speed-module-3"",""quality"":""legendary""},{""module"":""speed-module-3"",""quality"":""legendary""},{""module"":""speed-module-3"",""quality"":""legendary""},{""module"":""speed-module-3"",""quality"":""legendary""}]",12,"[{""module"":""speed-module-3"",""quality"":""legendary""},{""module"":""speed-module-3"",""quality"":""legendary""},{""module"":""speed-module-3"",""quality"":""legendary""},{""module"":""speed-module-3"",""quality"":""legendary""},{""module"":""speed-module-3"",""quality"":""legendary""},{""module"":""speed-module-3"",""quality"":""legendary""},{""module"":""speed-module-3"",""quality"":""legendary""},{""module"":""speed-module-3"",""quality"":""legendary""},{""module"":""speed-module-3"",""quality"":""legendary""},{""module"":""speed-module-3"",""quality"":""legendary""},{""module"":""speed-module-3"",""quality"":""legendary""},{""module"":""speed-module-3"",""quality"":""legendary""},{""module"":""speed-module-3"",""quality"":""legendary""},{""module"":""speed-module-3"",""quality"":""legendary""},{""module"":""speed-module-3"",""quality"":""legendary""},{""module"":""speed-module-3"",""quality"":""legendary""},{""module"":""speed-module-3"",""quality"":""legendary""},{""module"":""speed-module-3"",""quality"":""legendary""},{""module"":""speed-module-3"",""quality"":""legendary""},{""module"":""speed-module-3"",""quality"":""legendary""},{""module"":""speed-module-3"",""quality"":""legendary""},{""module"":""speed-module-3"",""quality"":""legendary""},{""module"":""speed-module-3"",""quality"":""legendary""},{""module"":""speed-module-3"",""quality"":""legendary""}]"
67,landing-pad-unloading-bay,normal,assembling-machine-3,legendary,"[{""module"":""speed-module-3"",""quality"":""legendary""},{""module"":""speed-module-3"",""quality"":""legendary""},{""module"":""speed-module-3"",""quality"":""legendary""},{""module"":""speed-module-3"",""quality"":""legendary""}]",12,"[{""module"":""speed-module-3"",""quality"":""legendary""},{""module"":""speed-module-3"",""quality"":""legendary""},{""module"":""speed-module-3"",""quality"":""legendary""},{""module"":""speed-module-3"",""quality"":""legendary""},{""module"":""speed-module-3"",""quality"":""legendary""},{""module"":""speed-module-3"",""quality"":""legendary""},{""module"":""speed-module-3"",""quality"":""legendary""},{""module"":""speed-module-3"",""quality"":""legendary""},{""module"":""speed-module-3"",""quality"":""legendary""},{""module"":""speed-module-3"",""quality"":""legendary""},{""module"":""speed-module-3"",""quality"":""legendary""},{""module"":""speed-module-3"",""quality"":""legendary""},{""module"":""speed-module-3"",""quality"":""legendary""},{""module"":""speed-module-3"",""quality"":""legendary""},{""module"":""speed-module-3"",""quality"":""legendary""},{""module"":""speed-module-3"",""quality"":""legendary""},{""module"":""speed-module-3"",""quality"":""legendary""},{""module"":""speed-module-3"",""quality"":""legendary""},{""module"":""speed-module-3"",""quality"":""legendary""},{""module"":""speed-module-3"",""quality"":""legendary""},{""module"":""speed-module-3"",""quality"":""legendary""},{""module"":""speed-module-3"",""quality"":""legendary""},{""module"":""speed-module-3"",""quality"":""legendary""},{""module"":""speed-module-3"",""quality"":""legendary""}]"
67,landing-pad-unloading-bay-recycling,normal,recycler,legendary,"[{""module"":""quality-module-3"",""quality"":""legendary""},{""module"":""quality-module-3"",""quality"":""legendary""},{""module"":""quality-module-3"",""quality"":""legendary""},{""module"":""quality-module-3"",""quality"":""legendary""}]",10,"[{""module"":""speed-module-2"",""quality"":""legendary""}]"
67,landing-pad-unloading-bay,uncommon,assembling-machine-3,legendary,"[{""module"":""quality-module-3"",""quality"":""legendary""},{""module"":""quality-module-3"",""quality"":""legendary""},{""module"":""quality-module-3"",""quality"":""legendary""},{""module"":""quality-module-3"",""quality"":""legendary""}]",1,"[{""module"":""speed-module"",""quality"":""legendary""}]"
67,landing-pad-unloading-bay-recycling,uncommon,recycler,legendary,"[{""module"":""quality-module-3"",""quality"":""legendary""},{""module"":""quality-module-3"",""quality"":""legendary""},{""module"":""quality-module-3"",""quality"":""legendary""},{""module"":""quality-module-3"",""quality"":""legendary""}]",0,[]
67,landing-pad-unloading-bay,rare,assembling-machine-3,legendary,"[{""module"":""quality-module-3"",""quality"":""legendary""},{""module"":""quality-module-3"",""quality"":""legendary""},{""module"":""quality-module-3"",""quality"":""legendary""},{""module"":""quality-module-3"",""quality"":""legendary""}]",0,[]
67,landing-pad-unloading-bay-recycling,rare,recycler,legendary,"[{""module"":""quality-module-3"",""quality"":""legendary""},{""module"":""quality-module-3"",""quality"":""legendary""},{""module"":""quality-module-3"",""quality"":""legendary""},{""module"":""quality-module-3"",""quality"":""legendary""}]",0,[]
67,landing-pad-unloading-bay,epic,assembling-machine-3,legendary,"[{""module"":""quality-module-3"",""quality"":""legendary""},{""module"":""quality-module-3"",""quality"":""legendary""},{""module"":""quality-module-3"",""quality"":""legendary""},{""module"":""quality-module-3"",""quality"":""legendary""}]",0,[]
67,landing-pad-unloading-bay-recycling,epic,recycler,legendary,"[{""module"":""quality-module-3"",""quality"":""legendary""},{""module"":""quality-module-3"",""quality"":""legendary""},{""module"":""quality-module-3"",""quality"":""legendary""},{""module"":""quality-module-3"",""quality"":""legendary""}]",0,[]
67,landing-pad-unloading-bay,legendary,assembling-machine-3,legendary,"[{""module"":""speed-module-3"",""quality"":""legendary""},{""module"":""speed-module-3"",""quality"":""legendary""},{""module"":""speed-module-3"",""quality"":""legendary""},{""module"":""speed-module-3"",""quality"":""legendary""}]",12,"[{""module"":""speed-module-3"",""quality"":""legendary""},{""module"":""speed-module-3"",""quality"":""legendary""},{""module"":""speed-module-3"",""quality"":""legendary""},{""module"":""speed-module-3"",""quality"":""legendary""},{""module"":""speed-module-3"",""quality"":""legendary""},{""module"":""speed-module-3"",""quality"":""legendary""},{""module"":""speed-module-3"",""quality"":""legendary""},{""module"":""speed-module-3"",""quality"":""legendary""},{""module"":""speed-module-3"",""quality"":""legendary""},{""module"":""speed-module-3"",""quality"":""legendary""},{""module"":""speed-module-3"",""quality"":""legendary""},{""module"":""speed-module-3"",""quality"":""legendary""},{""module"":""speed-module-3"",""quality"":""legendary""},{""module"":""speed-module-3"",""quality"":""legendary""},{""module"":""speed-module-3"",""quality"":""legendary""},{""module"":""speed-module-3"",""quality"":""legendary""},{""module"":""speed-module-3"",""quality"":""legendary""},{""module"":""speed-module-3"",""quality"":""legendary""},{""module"":""speed-module-3"",""quality"":""legendary""},{""module"":""speed-module-3"",""quality"":""legendary""},{""module"":""speed-module-3"",""quality"":""legendary""},{""module"":""speed-module-3"",""quality"":""legendary""},{""module"":""speed-module-3"",""quality"":""legendary""},{""module"":""speed-module-3"",""quality"":""legendary""}]"
67,landing-pad-unloading-bay-recycling,legendary,recycler,legendary,"[{""module"":""speed-module-3"",""quality"":""legendary""},{""module"":""speed-module-3"",""quality"":""legendary""},{""module"":""speed-module-3"",""quality"":""legendary""},{""module"":""speed-module-3"",""quality"":""legendary""}]",12,"[{""module"":""speed-module-3"",""quality"":""legendary""},{""module"":""speed-module-3"",""quality"":""legendary""},{""module"":""speed-module-3"",""quality"":""legendary""},{""module"":""speed-module-3"",""quality"":""legendary""},{""module"":""speed-module-3"",""quality"":""legendary""},{""module"":""speed-module-3"",""quality"":""legendary""},{""module"":""speed-module-3"",""quality"":""legendary""},{""module"":""speed-module-3"",""quality"":""legendary""},{""module"":""speed-module-3"",""quality"":""legendary""},{""module"":""speed-module-3"",""quality"":""legendary""},{""module"":""speed-module-3"",""quality"":""legendary""},{""module"":""speed-module-3"",""quality"":""legendary""},{""module"":""speed-module-3"",""quality"":""legendary""},{""module"":""speed-module-3"",""quality"":""legendary""},{""module"":""speed-module-3"",""quality"":""legendary""},{""module"":""speed-module-3"",""quality"":""legendary""},{""module"":""speed-module-3"",""quality"":""legendary""},{""module"":""speed-module-3"",""quality"":""legendary""},{""module"":""speed-module-3"",""quality"":""legendary""},{""module"":""speed-module-3"",""quality"":""legendary""},{""module"":""speed-module-3"",""quality"":""legendary""},{""module"":""speed-module-3"",""quality"":""legendary""},{""module"":""speed-module-3"",""quality"":""legendary""},{""module"":""speed-module-3"",""quality"":""legendary""}]"
68,mech-armor,normal,assembling-machine-3,legendary,"[{""module"":""quality-module-3"",""quality"":""legendary""},{""module"":""quality-module-3"",""quality"":""legendary""},{""module"":""quality-module-3"",""quality"":""legendary""},{""module"":""quality-module-3"",""quality"":""legendary""}]",0,[]
68,mech-armor-recycling,normal,recycler,legendary,"[{""module"":""quality-module-3"",""quality"":""legendary""},{""module"":""quality-module-3"",""quality"":""legendary""},{""module"":""quality-module-3"",""quality"":""legendary""},{""module"":""quality-module-3"",""quality"":""legendary""}]",0,[]
68,mech-armor,uncommon,assembling-machine-3,legendary,"[{""module"":""quality-module-3"",""quality"":""legendary""},{""module"":""quality-module-3"",""quality"":""legendary""},{""module"":""quality-module-3"",""quality"":""legendary""},{""module"":""quality-module-3"",""quality"":""legendary""}]",0,[]
68,mech-armor-recycling,uncommon,recycler,legendary,"[{""module"":""quality-module-3"",""quality"":""legendary""},{""module"":""quality-module-3"",""quality"":""legendary""},{""module"":""quality-module-3"",""quality"":""legendary""},{""module"":""quality-module-3"",""quality"":""legendary""}]",0,[]
68,mech-armor,rare,assembling-machine-3,legendary,"[{""module"":""quality-module-3"",""quality"":""legendary""},{""module"":""quality-module-3"",""quality"":""legendary""},{""module"":""quality-module-3"",""quality"":""legendary""},{""module"":""quality-module-3"",""quality"":""legendary""}]",0,[]
68,mech-armor-recycling,rare,recycler,legendary,"[{""module"":""quality-module-3"",""quality"":""legendary""},{""module"":""quality-module-3"",""quality"":""legendary""},{""module"":""quality-module-3"",""quality"":""legendary""},{""module"":""quality-module-3"",""quality"":""legendary""}]",0,[]
68,mech-armor,epic,assembling-machine-3,legendary,"[{""module"":""quality-module-3"",""quality"":""legendary""},{""module"":""quality-module-3"",""quality"":""legendary""},{""module"":""quality-module-3"",""quality"":""legendary""},{""module"":""quality-module-3"",""quality"":""legendary""}]",0,[]
68,mech-armor-recycling,epic,recycler,legendary,"[{""module"":""quality-module-3"",""quality"":""legendary""},{""module"":""quality-module-3"",""quality"":""legendary""},{""module"":""quality-module-3"",""quality"":""legendary""},{""module"":""quality-module-3"",""quality"":""legendary""}]",0,[]
68,mech-armor,legendary,assembling-machine-3,legendary,"[{""module"":""speed-module-3"",""quality"":""legendary""},{""module"":""speed-module-3"",""quality"":""legendary""},{""module"":""speed-module-3"",""quality"":""legendary""},{""module"":""speed-module-3"",""quality"":""legendary""}]",12,"[{""module"":""speed-module-3"",""quality"":""legendary""},{""module"":""speed-module-3"",""quality"":""legendary""},{""module"":""speed-module-3"",""quality"":""legendary""},{""module"":""speed-module-3"",""quality"":""legendary""},{""module"":""speed-module-3"",""quality"":""legendary""},{""module"":""speed-module-3"",""quality"":""legendary""},{""module"":""speed-module-3"",""quality"":""legendary""},{""module"":""speed-module-3"",""quality"":""legendary""},{""module"":""speed-module-3"",""quality"":""legendary""},{""module"":""speed-module-3"",""quality"":""legendary""},{""module"":""speed-module-3"",""quality"":""legendary""},{""module"":""speed-module-3"",""quality"":""legendary""},{""module"":""speed-module-3"",""quality"":""legendary""},{""module"":""speed-module-3"",""quality"":""legendary""},{""module"":""speed-module-3"",""quality"":""legendary""},{""module"":""speed-module-3"",""quality"":""legendary""},{""module"":""speed-module-3"",""quality"":""legendary""},{""module"":""speed-module-3"",""quality"":""legendary""},{""module"":""speed-module-3"",""quality"":""legendary""},{""module"":""speed-module-3"",""quality"":""legendary""},{""module"":""speed-module-3"",""quality"":""legendary""},{""module"":""speed-module-3"",""quality"":""legendary""},{""module"":""speed-module-3"",""quality"":""legendary""},{""module"":""speed-module-3"",""quality"":""legendary""}]"
68,mech-armor-recycling,legendary,recycler,legendary,"[{""module"":""speed-module-3"",""quality"":""legendary""},{""module"":""speed-module-3"",""quality"":""legendary""},{""module"":""speed-module-3"",""quality"":""legendary""},{""module"":""speed-module-3"",""quality"":""legendary""}]",12,"[{""module"":""speed-module-3"",""quality"":""legendary""},{""module"":""speed-module-3"",""quality"":""legendary""},{""module"":""speed-module-3"",""quality"":""legendary""},{""module"":""speed-module-3"",""quality"":""legendary""},{""module"":""speed-module-3"",""quality"":""legendary""},{""module"":""speed-module-3"",""quality"":""legendary""},{""module"":""speed-module-3"",""quality"":""legendary""},{""module"":""speed-module-3"",""quality"":""legendary""},{""module"":""speed-module-3"",""quality"":""legendary""},{""module"":""speed-module-3"",""quality"":""legendary""},{""module"":""speed-module-3"",""quality"":""legendary""},{""module"":""speed-module-3"",""quality"":""legendary""},{""module"":""speed-module-3"",""quality"":""legendary""},{""module"":""speed-module-3"",""quality"":""legendary""},{""module"":""speed-module-3"",""quality"":""legendary""},{""module"":""speed-module-3"",""quality"":""legendary""},{""module"":""speed-module-3"",""quality"":""legendary""},{""module"":""speed-module-3"",""quality"":""legendary""},{""module"":""speed-module-3"",""quality"":""legendary""},{""module"":""speed-module-3"",""quality"":""legendary""},{""module"":""speed-module-3"",""quality"":""legendary""},{""module"":""speed-module-3"",""quality"":""legendary""},{""module"":""speed-module-3"",""quality"":""legendary""},{""module"":""speed-module-3"",""quality"":""legendary""}]"
69,mech-armor,normal,assembling-machine-3,legendary,"[{""module"":""speed-module-3"",""quality"":""legendary""},{""module"":""speed-module-3"",""quality"":""legendary""},{""module"":""speed-module-3"",""quality"":""legendary""},{""module"":""speed-module-3"",""quality"":""legendary""}]",12,"[{""module"":""speed-module-3"",""quality"":""legendary""},{""module"":""speed-module-3"",""quality"":""legendary""},{""module"":""speed-module-3"",""quality"":""legendary""},{""module"":""speed-module-3"",""quality"":""legendary""},{""module"":""speed-module-3"",""quality"":""legendary""},{""module"":""speed-module-3"",""quality"":""legendary""},{""module"":""speed-module-3"",""quality"":""legendary""},{""module"":""speed-module-3"",""quality"":""legendary""},{""module"":""speed-module-3"",""quality"":""legendary""},{""module"":""speed-module-3"",""quality"":""legendary""},{""module"":""speed-module-3"",""quality"":""legendary""},{""module"":""speed-module-3"",""quality"":""legendary""},{""module"":""speed-module-3"",""quality"":""legendary""},{""module"":""speed-module-3"",""quality"":""legendary""},{""module"":""speed-module-3"",""quality"":""legendary""},{""module"":""speed-module-3"",""quality"":""legendary""},{""module"":""speed-module-3"",""quality"":""legendary""},{""module"":""speed-module-3"",""quality"":""legendary""},{""module"":""speed-module-3"",""quality"":""legendary""},{""module"":""speed-module-3"",""quality"":""legendary""},{""module"":""speed-module-3"",""quality"":""legendary""},{""module"":""speed-module-3"",""quality"":""legendary""},{""module"":""speed-module-3"",""quality"":""legendary""},{""module"":""speed-module-3"",""quality"":""legendary""}]"
69,mech-armor-recycling,normal,recycler,legendary,"[{""module"":""quality-module-3"",""quality"":""legendary""},{""module"":""quality-module-3"",""quality"":""legendary""},{""module"":""quality-module-3"",""quality"":""legendary""},{""module"":""quality-module-3"",""quality"":""legendary""}]",10,"[{""module"":""speed-module-2"",""quality"":""legendary""}]"
69,mech-armor,uncommon,assembling-machine-3,legendary,"[{""module"":""quality-module-3"",""quality"":""legendary""},{""module"":""quality-module-3"",""quality"":""legendary""},{""module"":""quality-module-3"",""quality"":""legendary""},{""module"":""quality-module-3"",""quality"":""legendary""}]",1,"[{""module"":""speed-module"",""quality"":""legendary""}]"
69,mech-armor-recycling,uncommon,recycler,legendary,"[{""module"":""quality-module-3"",""quality"":""legendary""},{""module"":""quality-module-3"",""quality"":""legendary""},{""module"":""quality-module-3"",""quality"":""legendary""},{""module"":""quality-module-3"",""quality"":""legendary""}]",0,[]
69,mech-armor,rare,assembling-machine-3,legendary,"[{""module"":""quality-module-3"",""quality"":""legendary""},{""module"":""quality-module-3"",""quality"":""legendary""},{""module"":""quality-module-3"",""quality"":""legendary""},{""module"":""quality-module-3"",""quality"":""legendary""}]",0,[]
69,mech-armor-recycling,rare,recycler,legendary,"[{""module"":""quality-module-3"",""quality"":""legendary""},{""module"":""quality-module-3"",""quality"":""legendary""},{""module"":""quality-module-3"",""quality"":""legendary""},{""module"":""quality-module-3"",""quality"":""legendary""}]",0,[]
69,mech-armor,epic,assembling-machine-3,legendary,"[{""module"":""quality-module-3"",""quality"":""legendary""},{""module"":""quality-module-3"",""quality"":""legendary""},{""module"":""quality-module-3"",""quality"":""legendary""},{""module"":""quality-module-3"",""quality"":""legendary""}]",0,[]
69,mech-armor-recycling,epic,recycler,legendary,"[{""module"":""quality-module-3"",""quality"":""legendary""},{""module"":""quality-module-3"",""quality"":""legendary""},{""module"":""quality-module-3"",""quality"":""legendary""},{""module"":""quality-module-3"",""quality"":""legendary""}]",0,[]
69,mech-armor,legendary,assembling-machine-3,legendary,"[{""module"":""speed-module-3"",""quality"":""legendary""},{""module"":""speed-module-3"",""quality"":""legendary""},{""module"":""speed-module-3"",""quality"":""legendary""},{""module"":""speed-module-3"",""quality"":""legendary""}]",12,"[{""module"":""speed-module-3"",""quality"":""legendary""},{""module"":""speed-module-3"",""quality"":""legendary""},{""module"":""speed-module-3"",""quality"":""legendary""},{""module"":""speed-module-3"",""quality"":""legendary""},{""module"":""speed-module-3"",""quality"":""legendary""},{""module"":""speed-module-3"",""quality"":""legendary""},{""module"":""speed-module-3"",""quality"":""legendary""},{""module"":""speed-module-3"",""quality"":""legendary""},{""module"":""speed-module-3"",""quality"":""legendary""},{""module"":""speed-module-3"",""quality"":""legendary""},{""module"":""speed-module-3"",""quality"":""legendary""},{""module"":""speed-module-3"",""quality"":""legendary""},{""module"":""speed-module-3"",""quality"":""legendary""},{""module"":""speed-module-3"",""quality"":""legendary""},{""module"":""speed-module-3"",""quality"":""legendary""},{""module"":""speed-module-3"",""quality"":""legendary""},{""module"":""speed-module-3"",""quality"":""legendary""},{""module"":""speed-module-3"",""quality"":""legendary""},{""module"":""speed-module-3"",""quality"":""legendary""},{""module"":""speed-module-3"",""quality"":""legendary""},{""module"":""speed-module-3"",""quality"":""legendary""},{""module"":""speed-module-3"",""quality"":""legendary""},{""module"":""speed-module-3"",""quality"":""legendary""},{""module"":""speed-module-3"",""quality"":""legendary""}]"
69,mech-armor-recycling,legendary,recycler,legendary,"[{""module"":""speed-module-3"",""quality"":""legendary""},{""module"":""speed-module-3"",""quality"":""legendary""},{""module"":""speed-module-3"",""quality"":""legendary""},{""module"":""speed-module-3"",""quality"":""legendary""}]",12,"[{""module"":""speed-module-3"",""quality"":""legendary""},{""module"":""speed-module-3"",""quality"":""legendary""},{""module"":""speed-module-3"",""quality"":""legendary""},{""module"":""speed-module-3"",""quality"":""legendary""},{""module"":""speed-module-3"",""quality"":""legendary""},{""module"":""speed-module-3"",""quality"":""legendary""},{""module"":""speed-module-3"",""quality"":""legendary""},{""module"":""speed-module-3"",""quality"":""legendary""},{""module"":""speed-module-3"",""quality"":""legendary""},{""module"":""speed-module-3"",""quality"":""legendary""},{""module"":""speed-module-3"",""quality"":""legendary""},{""module"":""speed-module-3"",""quality"":""legendary""},{""module"":""speed-module-3"",""quality"":""legendary""},{""module"":""speed-module-3"",""quality"":""legendary""},{""module"":""speed-module-3"",""quality"":""legendary""},{""module"":""speed-module-3"",""quality"":""legendary""},{""module"":""speed-module-3"",""quality"":""legendary""},{""module"":""speed-module-3"",""quality"":""legendary""},{""module"":""speed-module-3"",""quality"":""legendary""},{""module"":""speed-module-3"",""quality"":""legendary""},{""module"":""speed-module-3"",""quality"":""legendary""},{""module"":""speed-module-3"",""quality"":""legendary""},{""module"":""speed-module-3"",""quality"":""legendary""},{""module"":""speed-module-3"",""quality"":""legendary""}]"
70,personal-laser-defense-equipment,normal,assembling-machine-3,legendary,"[{""module"":""quality-module-3"",""quality"":""legendary""},{""module"":""quality-module-3"",""quality"":""legendary""},{""module"":""quality-module-3"",""quality"":""legendary""},{""module"":""quality-module-3"",""quality"":""legendary""}]",0,[]
70,personal-laser-defense-equipment-recycling,normal,recycler,legendary,"[{""module"":""quality-module-3"",""quality"":""legendary""},{""module"":""quality-module-3"",""quality"":""legendary""},{""module"":""quality-module-3"",""quality"":""legendary""},{""module"":""quality-module-3"",""quality"":""legendary""}]",0,[]
70,personal-laser-defense-equipment,uncommon,assembling-machine-3,legendary,"[{""module"":""quality-module-3"",""quality"":""legendary""},{""module"":""quality-module-3"",""quality"":""legendary""},{""module"":""quality-module-3"",""quality"":""legendary""},{""module"":""quality-module-3"",""quality"":""legendary""}]",0,[]
70,personal-laser-defense-equipment-recycling,uncommon,recycler,legendary,"[{""module"":""quality-module-3"",""quality"":""legendary""},{""module"":""quality-module-3"",""quality"":""legendary""},{""module"":""quality-module-3"",""quality"":""legendary""},{""module"":""quality-module-3"",""quality"":""legendary""}]",0,[]
70,personal-laser-defense-equipment,rare,assembling-machine-3,legendary,"[{""module"":""quality-module-3"",""quality"":""legendary""},{""module"":""quality-module-3"",""quality"":""legendary""},{""module"":""quality-module-3"",""quality"":""legendary""},{""module"":""quality-module-3"",""quality"":""legendary""}]",0,[]
70,personal-laser-defense-equipment-recycling,rare,recycler,legendary,"[{""module"":""quality-module-3"",""quality"":""legendary""},{""module"":""quality-module-3"",""quality"":""legendary""},{""module"":""quality-module-3"",""quality"":""legendary""},{""module"":""quality-module-3"",""quality"":""legendary""}]",0,[]
70,personal-laser-defense-equipment,epic,assembling-machine-3,legendary,"[{""module"":""quality-module-3"",""quality"":""legendary""},{""module"":""quality-module-3"",""quality"":""legendary""},{""module"":""quality-module-3"",""quality"":""legendary""},{""module"":""quality-module-3"",""quality"":""legendary""}]",0,[]
70,personal-laser-defense-equipment-recycling,epic,recycler,legendary,"[{""module"":""quality-module-3"",""quality"":""legendary""},{""module"":""quality-module-3"",""quality"":""legendary""},{""module"":""quality-module-3"",""quality"":""legendary""},{""module"":""quality-module-3"",""quality"":""legendary""}]",0,[]
70,personal-laser-defense-equipment,legendary,assembling-machine-3,legendary,"[{""module"":""speed-module-3"",""quality"":""legendary""},{""module"":""speed-module-3"",""quality"":""legendary""},{""module"":""speed-module-3"",""quality"":""legendary""},{""module"":""speed-module-3"",""quality"":""legendary""}]",12,"[{""module"":""speed-module-3"",""quality"":""legendary""},{""module"":""speed-module-3"",""quality"":""legendary""},{""module"":""speed-module-3"",""quality"":""legendary""},{""module"":""speed-module-3"",""quality"":""legendary""},{""module"":""speed-module-3"",""quality"":""legendary""},{""module"":""speed-module-3"",""quality"":""legendary""},{""module"":""speed-module-3"",""quality"":""legendary""},{""module"":""speed-module-3"",""quality"":""legendary""},{""module"":""speed-module-3"",""quality"":""legendary""},{""module"":""speed-module-3"",""quality"":""legendary""},{""module"":""speed-module-3"",""quality"":""legendary""},{""module"":""speed-module-3"",""quality"":""legendary""},{""module"":""speed-module-3"",""quality"":""legendary""},{""module"":""speed-module-3"",""quality"":""legendary""},{""module"":""speed-module-3"",""quality"":""legendary""},{""module"":""speed-module-3"",""quality"":""legendary""},{""module"":""speed-module-3"",""quality"":""legendary""},{""module"":""speed-module-3"",""quality"":""legendary""},{""module"":""speed-module-3"",""quality"":""legendary""},{""module"":""speed-module-3"",""quality"":""legendary""},{""module"":""speed-module-3"",""quality"":""legendary""},{""module"":""speed-module-3"",""quality"":""legendary""},{""module"":""speed-module-3"",""quality"":""legendary""},{""module"":""speed-module-3"",""quality"":""legendary""}]"
70,personal-laser-defense-equipment-recycling,legendary,recycler,legendary,"[{""module"":""speed-module-3"",""quality"":""legendary""},{""module"":""speed-module-3"",""quality"":""legendary""},{""module"":""speed-module-3"",""quality"":""legendary""},{""module"":""speed-module-3"",""quality"":""legendary""}]",12,"[{""module"":""speed-module-3"",""quality"":""legendary""},{""module"":""speed-module-3"",""quality"":""legendary""},{""module"":""speed-module-3"",""quality"":""legendary""},{""module"":""speed-module-3"",""quality"":""legendary""},{""module"":""speed-module-3"",""quality"":""legendary""},{""module"":""speed-module-3"",""quality"":""legendary""},{""module"":""speed-module-3"",""quality"":""legendary""},{""module"":""speed-module-3"",""quality"":""legendary""},{""module"":""speed-module-3"",""quality"":""legendary""},{""module"":""speed-module-3"",""quality"":""legendary""},{""module"":""speed-module-3"",""quality"":""legendary""},{""module"":""speed-module-3"",""quality"":""legendary""},{""module"":""speed-module-3"",""quality"":""legendary""},{""module"":""speed-module-3"",""quality"":""legendary""},{""module"":""speed-module-3"",""quality"":""legendary""},{""module"":""speed-module-3"",""quality"":""legendary""},{""module"":""speed-module-3"",""quality"":""legendary""},{""module"":""speed-module-3"",""quality"":""legendary""},{""module"":""speed-module-3"",""quality"":""legendary""},{""module"":""speed-module-3"",""quality"":""legendary""},{""module"":""speed-module-3"",""quality"":""legendary""},{""module"":""speed-module-3"",""quality"":""legendary""},{""module"":""speed-module-3"",""quality"":""legendary""},{""module"":""speed-module-3"",""quality"":""legendary""}]"
71,personal-laser-defense-equipment,normal,assembling-machine-3,legendary,"[{""module"":""speed-module-3"",""quality"":""legendary""},{""module"":""speed-module-3"",""quality"":""legendary""},{""module"":""speed-module-3"",""quality"":""legendary""},{""module"":""speed-module-3"",""quality"":""legendary""}]",12,"[{""module"":""speed-module-3"",""quality"":""legendary""},{""module"":""speed-module-3"",""quality"":""legendary""},{""module"":""speed-module-3"",""quality"":""legendary""},{""module"":""speed-module-3"",""quality"":""legendary""},{""module"":""speed-module-3"",""quality"":""legendary""},{""module"":""speed-module-3"",""quality"":""legendary""},{""module"":""speed-module-3"",""quality"":""legendary""},{""module"":""speed-module-3"",""quality"":""legendary""},{""module"":""speed-module-3"",""quality"":""legendary""},{""module"":""speed-module-3"",""quality"":""legendary""},{""module"":""speed-module-3"",""quality"":""legendary""},{""module"":""speed-module-3"",""quality"":""legendary""},{""module"":""speed-module-3"",""quality"":""legendary""},{""module"":""speed-module-3"",""quality"":""legendary""},{""module"":""speed-module-3"",""quality"":""legendary""},{""module"":""speed-module-3"",""quality"":""legendary""},{""module"":""speed-module-3"",""quality"":""legendary""},{""module"":""speed-module-3"",""quality"":""legendary""},{""module"":""speed-module-3"",""quality"":""legendary""},{""module"":""speed-module-3"",""quality"":""legendary""},{""module"":""speed-module-3"",""quality"":""legendary""},{""module"":""speed-module-3"",""quality"":""legendary""},{""module"":""speed-module-3"",""quality"":""legendary""},{""module"":""speed-module-3"",""quality"":""legendary""}]"
71,personal-laser-defense-equipment-recycling,normal,recycler,legendary,"[{""module"":""quality-module-3"",""quality"":""legendary""},{""module"":""quality-module-3"",""quality"":""legendary""},{""module"":""quality-module-3"",""quality"":""legendary""},{""module"":""quality-module-3"",""quality"":""legendary""}]",10,"[{""module"":""speed-module-2"",""quality"":""legendary""}]"
71,personal-laser-defense-equipment,uncommon,assembling-machine-3,legendary,"[{""module"":""quality-module-3"",""quality"":""legendary""},{""module"":""quality-module-3"",""quality"":""legendary""},{""module"":""quality-module-3"",""quality"":""legendary""},{""module"":""quality-module-3"",""quality"":""legendary""}]",1,"[{""module"":""speed-module"",""quality"":""legendary""}]"
71,personal-laser-defense-equipment-recycling,uncommon,recycler,legendary,"[{""module"":""quality-module-3"",""quality"":""legendary""},{""module"":""quality-module-3"",""quality"":""legendary""},{""module"":""quality-module-3"",""quality"":""legendary""},{""module"":""quality-module-3"",""quality"":""legendary""}]",0,[]
71,personal-laser-defense-equipment,rare,assembling-machine-3,legendary,"[{""module"":""quality-module-3"",""quality"":""legendary""},{""module"":""quality-module-3"",""quality"":""legendary""},{""module"":""quality-module-3"",""quality"":""legendary""},{""module"":""quality-module-3"",""quality"":""legendary""}]",0,[]
71,personal-laser-defense-equipment-recycling,rare,recycler,legendary,"[{""module"":""quality-module-3"",""quality"":""legendary""},{""module"":""quality-module-3"",""quality"":""legendary""},{""module"":""quality-module-3"",""quality"":""legendary""},{""module"":""quality-module-3"",""quality"":""legendary""}]",0,[]
71,personal-laser-defense-equipment,epic,assembling-machine-3,legendary,"[{""module"":""quality-module-3"",""quality"":""legendary""},{""module"":""quality-module-3"",""quality"":""legendary""},{""module"":""quality-module-3"",""quality"":""legendary""},{""module"":""quality-module-3"",""quality"":""legendary""}]",0,[]
71,personal-laser-defense-equipment-recycling,epic,recycler,legendary,"[{""module"":""quality-module-3"",""quality"":""legendary""},{""module"":""quality-module-3"",""quality"":""legendary""},{""module"":""quality-module-3"",""quality"":""legendary""},{""module"":""quality-module-3"",""quality"":""legendary""}]",0,[]
71,personal-laser-defense-equipment,legendary,assembling-machine-3,legendary,"[{""module"":""speed-module-3"",""quality"":""legendary""},{""module"":""speed-module-3"",""quality"":""legendary""},{""module"":""speed-module-3"",""quality"":""legendary""},{""module"":""speed-module-3"",""quality"":""legendary""}]",12,"[{""module"":""speed-module-3"",""quality"":""legendary""},{""module"":""speed-module-3"",""quality"":""legendary""},{""module"":""speed-module-3"",""quality"":""legendary""},{""module"":""speed-module-3"",""quality"":""legendary""},{""module"":""speed-module-3"",""quality"":""legendary""},{""module"":""speed-module-3"",""quality"":""legendary""},{""module"":""speed-module-3"",""quality"":""legendary""},{""module"":""speed-module-3"",""quality"":""legendary""},{""module"":""speed-module-3"",""quality"":""legendary""},{""module"":""speed-module-3"",""quality"":""legendary""},{""module"":""speed-module-3"",""quality"":""legendary""},{""module"":""speed-module-3"",""quality"":""legendary""},{""module"":""speed-module-3"",""quality"":""legendary""},{""module"":""speed-module-3"",""quality"":""legendary""},{""module"":""speed-module-3"",""quality"":""legendary""},{""module"":""speed-module-3"",""quality"":""legendary""},{""module"":""speed-module-3"",""quality"":""legendary""},{""module"":""speed-module-3"",""quality"":""legendary""},{""module"":""speed-module-3"",""quality"":""legendary""},{""module"":""speed-module-3"",""quality"":""legendary""},{""module"":""speed-module-3"",""quality"":""legendary""},{""module"":""speed-module-3"",""quality"":""legendary""},{""module"":""speed-module-3"",""quality"":""legendary""},{""module"":""speed-module-3"",""quality"":""legendary""}]"
71,personal-laser-defense-equipment-recycling,legendary,recycler,legendary,"[{""module"":""speed-module-3"",""quality"":""legendary""},{""module"":""speed-module-3"",""quality"":""legendary""},{""module"":""speed-module-3"",""quality"":""legendary""},{""module"":""speed-module-3"",""quality"":""legendary""}]",12,"[{""module"":""speed-module-3"",""quality"":""legendary""},{""module"":""speed-module-3"",""quality"":""legendary""},{""module"":""speed-module-3"",""quality"":""legendary""},{""module"":""speed-module-3"",""quality"":""legendary""},{""module"":""speed-module-3"",""quality"":""legendary""},{""module"":""speed-module-3"",""quality"":""legendary""},{""module"":""speed-module-3"",""quality"":""legendary""},{""module"":""speed-module-3"",""quality"":""legendary""},{""module"":""speed-module-3"",""quality"":""legendary""},{""module"":""speed-module-3"",""quality"":""legendary""},{""module"":""speed-module-3"",""quality"":""legendary""},{""module"":""speed-module-3"",""quality"":""legendary""},{""module"":""speed-module-3"",""quality"":""legendary""},{""module"":""speed-module-3"",""quality"":""legendary""},{""module"":""speed-module-3"",""quality"":""legendary""},{""module"":""speed-module-3"",""quality"":""legendary""},{""module"":""speed-module-3"",""quality"":""legendary""},{""module"":""speed-module-3"",""quality"":""legendary""},{""module"":""speed-module-3"",""quality"":""legendary""},{""module"":""speed-module-3"",""quality"":""legendary""},{""module"":""speed-module-3"",""quality"":""legendary""},{""module"":""speed-module-3"",""quality"":""legendary""},{""module"":""speed-module-3"",""quality"":""legendary""},{""module"":""speed-module-3"",""quality"":""legendary""}]"
72,personal-roboport-mk2-equipment,normal,assembling-machine-3,legendary,"[{""module"":""quality-module-3"",""quality"":""legendary""},{""module"":""quality-module-3"",""quality"":""legendary""},{""module"":""quality-module-3"",""quality"":""legendary""},{""module"":""quality-module-3"",""quality"":""legendary""}]",0,[]
72,personal-roboport-mk2-equipment-recycling,normal,recycler,legendary,"[{""module"":""quality-module-3"",""quality"":""legendary""},{""module"":""quality-module-3"",""quality"":""legendary""},{""module"":""quality-module-3"",""quality"":""legendary""},{""module"":""quality-module-3"",""quality"":""legendary""}]",0,[]
72,personal-roboport-mk2-equipment,uncommon,assembling-machine-3,legendary,"[{""module"":""quality-module-3"",""quality"":""legendary""},{""module"":""quality-module-3"",""quality"":""legendary""},{""module"":""quality-module-3"",""quality"":""legendary""},{""module"":""quality-module-3"",""quality"":""legendary""}]",0,[]
72,personal-roboport-mk2-equipment-recycling,uncommon,recycler,legendary,"[{""module"":""quality-module-3"",""quality"":""legendary""},{""module"":""quality-module-3"",""quality"":""legendary""},{""module"":""quality-module-3"",""quality"":""legendary""},{""module"":""quality-module-3"",""quality"":""legendary""}]",0,[]
72,personal-roboport-mk2-equipment,rare,assembling-machine-3,legendary,"[{""module"":""quality-module-3"",""quality"":""legendary""},{""module"":""quality-module-3"",""quality"":""legendary""},{""module"":""quality-module-3"",""quality"":""legendary""},{""module"":""quality-module-3"",""quality"":""legendary""}]",0,[]
72,personal-roboport-mk2-equipment-recycling,rare,recycler,legendary,"[{""module"":""quality-module-3"",""quality"":""legendary""},{""module"":""quality-module-3"",""quality"":""legendary""},{""module"":""quality-module-3"",""quality"":""legendary""},{""module"":""quality-module-3"",""quality"":""legendary""}]",0,[]
72,personal-roboport-mk2-equipment,epic,assembling-machine-3,legendary,"[{""module"":""quality-module-3"",""quality"":""legendary""},{""module"":""quality-module-3"",""quality"":""legendary""},{""module"":""quality-module-3"",""quality"":""legendary""},{""module"":""quality-module-3"",""quality"":""legendary""}]",0,[]
72,personal-roboport-mk2-equipment-recycling,epic,recycler,legendary,"[{""module"":""quality-module-3"",""quality"":""legendary""},{""module"":""quality-module-3"",""quality"":""legendary""},{""module"":""quality-module-3"",""quality"":""legendary""},{""module"":""quality-module-3"",""quality"":""legendary""}]",0,[]
72,personal-roboport-mk2-equipment,legendary,assembling-machine-3,legendary,"[{""module"":""speed-module-3"",""quality"":""legendary""},{""module"":""speed-module-3"",""quality"":""legendary""},{""module"":""speed-module-3"",""quality"":""legendary""},{""module"":""speed-module-3"",""quality"":""legendary""}]",12,"[{""module"":""speed-module-3"",""quality"":""legendary""},{""module"":""speed-module-3"",""quality"":""legendary""},{""module"":""speed-module-3"",""quality"":""legendary""},{""module"":""speed-module-3"",""quality"":""legendary""},{""module"":""speed-module-3"",""quality"":""legendary""},{""module"":""speed-module-3"",""quality"":""legendary""},{""module"":""speed-module-3"",""quality"":""legendary""},{""module"":""speed-module-3"",""quality"":""legendary""},{""module"":""speed-module-3"",""quality"":""legendary""},{""module"":""speed-module-3"",""quality"":""legendary""},{""module"":""speed-module-3"",""quality"":""legendary""},{""module"":""speed-module-3"",""quality"":""legendary""},{""module"":""speed-module-3"",""quality"":""legendary""},{""module"":""speed-module-3"",""quality"":""legendary""},{""module"":""speed-module-3"",""quality"":""legendary""},{""module"":""speed-module-3"",""quality"":""legendary""},{""module"":""speed-module-3"",""quality"":""legendary""},{""module"":""speed-module-3"",""quality"":""legendary""},{""module"":""speed-module-3"",""quality"":""legendary""},{""module"":""speed-module-3"",""quality"":""legendary""},{""module"":""speed-module-3"",""quality"":""legendary""},{""module"":""speed-module-3"",""quality"":""legendary""},{""module"":""speed-module-3"",""quality"":""legendary""},{""module"":""speed-module-3"",""quality"":""legendary""}]"
72,personal-roboport-mk2-equipment-recycling,legendary,recycler,legendary,"[{""module"":""speed-module-3"",""quality"":""legendary""},{""module"":""speed-module-3"",""quality"":""legendary""},{""module"":""speed-module-3"",""quality"":""legendary""},{""module"":""speed-module-3"",""quality"":""legendary""}]",12,"[{""module"":""speed-module-3"",""quality"":""legendary""},{""module"":""speed-module-3"",""quality"":""legendary""},{""module"":""speed-module-3"",""quality"":""legendary""},{""module"":""speed-module-3"",""quality"":""legendary""},{""module"":""speed-module-3"",""quality"":""legendary""},{""module"":""speed-module-3"",""quality"":""legendary""},{""module"":""speed-module-3"",""quality"":""legendary""},{""module"":""speed-module-3"",""quality"":""legendary""},{""module"":""speed-module-3"",""quality"":""legendary""},{""module"":""speed-module-3"",""quality"":""legendary""},{""module"":""speed-module-3"",""quality"":""legendary""},{""module"":""speed-module-3"",""quality"":""legendary""},{""module"":""speed-module-3"",""quality"":""legendary""},{""module"":""speed-module-3"",""quality"":""legendary""},{""module"":""speed-module-3"",""quality"":""legendary""},{""module"":""speed-module-3"",""quality"":""legendary""},{""module"":""speed-module-3"",""quality"":""legendary""},{""module"":""speed-module-3"",""quality"":""legendary""},{""module"":""speed-module-3"",""quality"":""legendary""},{""module"":""speed-module-3"",""quality"":""legendary""},{""module"":""speed-module-3"",""quality"":""legendary""},{""module"":""speed-module-3"",""quality"":""legendary""},{""module"":""speed-module-3"",""quality"":""legendary""},{""module"":""speed-module-3"",""quality"":""legendary""}]"
73,personal-roboport-mk2-equipment,normal,assembling-machine-3,legendary,"[{""module"":""speed-module-3"",""quality"":""legendary""},{""module"":""speed-module-3"",""quality"":""legendary""},{""module"":""speed-module-3"",""quality"":""legendary""},{""module"":""speed-module-3"",""quality"":""legendary""}]",12,"[{""module"":""speed-module-3"",""quality"":""legendary""},{""module"":""speed-module-3"",""quality"":""legendary""},{""module"":""speed-module-3"",""quality"":""legendary""},{""module"":""speed-module-3"",""quality"":""legendary""},{""module"":""speed-module-3"",""quality"":""legendary""},{""module"":""speed-module-3"",""quality"":""legendary""},{""module"":""speed-module-3"",""quality"":""legendary""},{""module"":""speed-module-3"",""quality"":""legendary""},{""module"":""speed-module-3"",""quality"":""legendary""},{""module"":""speed-module-3"",""quality"":""legendary""},{""module"":""speed-module-3"",""quality"":""legendary""},{""module"":""speed-module-3"",""quality"":""legendary""},{""module"":""speed-module-3"",""quality"":""legendary""},{""module"":""speed-module-3"",""quality"":""legendary""},{""module"":""speed-module-3"",""quality"":""legendary""},{""module"":""speed-module-3"",""quality"":""legendary""},{""module"":""speed-module-3"",""quality"":""legendary""},{""module"":""speed-module-3"",""quality"":""legendary""},{""module"":""speed-module-3"",""quality"":""legendary""},{""module"":""speed-module-3"",""quality"":""legendary""},{""module"":""speed-module-3"",""quality"":""legendary""},{""module"":""speed-module-3"",""quality"":""legendary""},{""module"":""speed-module-3"",""quality"":""legendary""},{""module"":""speed-module-3"",""quality"":""legendary""}]"
73,personal-roboport-mk2-equipment-recycling,normal,recycler,legendary,"[{""module"":""quality-module-3"",""quality"":""legendary""},{""module"":""quality-module-3"",""quality"":""legendary""},{""module"":""quality-module-3"",""quality"":""legendary""},{""module"":""quality-module-3"",""quality"":""legendary""}]",10,"[{""module"":""speed-module-2"",""quality"":""legendary""}]"
73,personal-roboport-mk2-equipment,uncommon,assembling-machine-3,legendary,"[{""module"":""quality-module-3"",""quality"":""legendary""},{""module"":""quality-module-3"",""quality"":""legendary""},{""module"":""quality-module-3"",""quality"":""legendary""},{""module"":""quality-module-3"",""quality"":""legendary""}]",1,"[{""module"":""speed-module"",""quality"":""legendary""}]"
73,personal-roboport-mk2-equipment-recycling,uncommon,recycler,legendary,"[{""module"":""quality-module-3"",""quality"":""legendary""},{""module"":""quality-module-3"",""quality"":""legendary""},{""module"":""quality-module-3"",""quality"":""legendary""},{""module"":""quality-module-3"",""quality"":""legendary""}]",0,[]
73,personal-roboport-mk2-equipment,rare,assembling-machine-3,legendary,"[{""module"":""quality-module-3"",""quality"":""legendary""},{""module"":""quality-module-3"",""quality"":""legendary""},{""module"":""quality-module-3"",""quality"":""legendary""},{""module"":""quality-module-3"",""quality"":""legendary""}]",0,[]
73,personal-roboport-mk2-equipment-recycling,rare,recycler,legendary,"[{""module"":""quality-module-3"",""quality"":""legendary""},{""module"":""quality-module-3"",""quality"":""legendary""},{""module"":""quality-module-3"",""quality"":""legendary""},{""module"":""quality-module-3"",""quality"":""legendary""}]",0,[]
73,personal-roboport-mk2-equipment,epic,assembling-machine-3,legendary,"[{""module"":""quality-module-3"",""quality"":""legendary""},{""module"":""quality-module-3"",""quality"":""legendary""},{""module"":""quality-module-3"",""quality"":""legendary""},{""module"":""quality-module-3"",""quality"":""legendary""}]",0,[]
73,personal-roboport-mk2-equipment-recycling,epic,recycler,legendary,"[{""module"":""quality-module-3"",""quality"":""legendary""},{""module"":""quality-module-3"",""quality"":""legendary""},{""module"":""quality-module-3"",""quality"":""legendary""},{""module"":""quality-module-3"",""quality"":""legendary""}]",0,[]
73,personal-roboport-mk2-equipment,legendary,assembling-machine-3,legendary,"[{""module"":""speed-module-3"",""quality"":""legendary""},{""module"":""speed-module-3"",""quality"":""legendary""},{""module"":""speed-module-3"",""quality"":""legendary""},{""module"":""speed-module-3"",""quality"":""legendary""}]",12,"[{""module"":""speed-module-3"",""quality"":""legendary""},{""module"":""speed-module-3"",""quality"":""legendary""},{""module"":""speed-module-3"",""quality"":""legendary""},{""module"":""speed-module-3"",""quality"":""legendary""},{""module"":""speed-module-3"",""quality"":""legendary""},{""module"":""speed-module-3"",""quality"":""legendary""},{""module"":""speed-module-3"",""quality"":""legendary""},{""module"":""speed-module-3"",""quality"":""legendary""},{""module"":""speed-module-3"",""quality"":""legendary""},{""module"":""speed-module-3"",""quality"":""legendary""},{""module"":""speed-module-3"",""quality"":""legendary""},{""module"":""speed-module-3"",""quality"":""legendary""},{""module"":""speed-module-3"",""quality"":""legendary""},{""module"":""speed-module-3"",""quality"":""legendary""},{""module"":""speed-module-3"",""quality"":""legendary""},{""module"":""speed-module-3"",""quality"":""legendary""},{""module"":""speed-module-3"",""quality"":""legendary""},{""module"":""speed-module-3"",""quality"":""legendary""},{""module"":""speed-module-3"",""quality"":""legendary""},{""module"":""speed-module-3"",""quality"":""legendary""},{""module"":""speed-module-3"",""quality"":""legendary""},{""module"":""speed-module-3"",""quality"":""legendary""},{""module"":""speed-module-3"",""quality"":""legendary""},{""module"":""speed-module-3"",""quality"":""legendary""}]"
73,personal-roboport-mk2-equipment-recycling,legendary,recycler,legendary,"[{""module"":""speed-module-3"",""quality"":""legendary""},{""module"":""speed-module-3"",""quality"":""legendary""},{""module"":""speed-module-3"",""quality"":""legendary""},{""module"":""speed-module-3"",""quality"":""legendary""}]",12,"[{""module"":""speed-module-3"",""quality"":""legendary""},{""module"":""speed-module-3"",""quality"":""legendary""},{""module"":""speed-module-3"",""quality"":""legendary""},{""module"":""speed-module-3"",""quality"":""legendary""},{""module"":""speed-module-3"",""quality"":""legendary""},{""module"":""speed-module-3"",""quality"":""legendary""},{""module"":""speed-module-3"",""quality"":""legendary""},{""module"":""speed-module-3"",""quality"":""legendary""},{""module"":""speed-module-3"",""quality"":""legendary""},{""module"":""speed-module-3"",""quality"":""legendary""},{""module"":""speed-module-3"",""quality"":""legendary""},{""module"":""speed-module-3"",""quality"":""legendary""},{""module"":""speed-module-3"",""quality"":""legendary""},{""module"":""speed-module-3"",""quality"":""legendary""},{""module"":""speed-module-3"",""quality"":""legendary""},{""module"":""speed-module-3"",""quality"":""legendary""},{""module"":""speed-module-3"",""quality"":""legendary""},{""module"":""speed-module-3"",""quality"":""legendary""},{""module"":""speed-module-3"",""quality"":""legendary""},{""module"":""speed-module-3"",""quality"":""legendary""},{""module"":""speed-module-3"",""quality"":""legendary""},{""module"":""speed-module-3"",""quality"":""legendary""},{""module"":""speed-module-3"",""quality"":""legendary""},{""module"":""speed-module-3"",""quality"":""legendary""}]"
74,power-armor,normal,assembling-machine-3,legendary,"[{""module"":""quality-module-3"",""quality"":""legendary""},{""module"":""quality-module-3"",""quality"":""legendary""},{""module"":""quality-module-3"",""quality"":""legendary""},{""module"":""quality-module-3"",""quality"":""legendary""}]",0,[]
74,power-armor-recycling,normal,recycler,legendary,"[{""module"":""quality-module-3"",""quality"":""legendary""},{""module"":""quality-module-3"",""quality"":""legendary""},{""module"":""quality-module-3"",""quality"":""legendary""},{""module"":""quality-module-3"",""quality"":""legendary""}]",0,[]
74,power-armor,uncommon,assembling-machine-3,legendary,"[{""module"":""quality-module-3"",""quality"":""legendary""},{""module"":""quality-module-3"",""quality"":""legendary""},{""module"":""quality-module-3"",""quality"":""legendary""},{""module"":""quality-module-3"",""quality"":""legendary""}]",0,[]
74,power-armor-recycling,uncommon,recycler,legendary,"[{""module"":""quality-module-3"",""quality"":""legendary""},{""module"":""quality-module-3"",""quality"":""legendary""},{""module"":""quality-module-3"",""quality"":""legendary""},{""module"":""quality-module-3"",""quality"":""legendary""}]",0,[]
74,power-armor,rare,assembling-machine-3,legendary,"[{""module"":""quality-module-3"",""quality"":""legendary""},{""module"":""quality-module-3"",""quality"":""legendary""},{""module"":""quality-module-3"",""quality"":""legendary""},{""module"":""quality-module-3"",""quality"":""legendary""}]",0,[]
74,power-armor-recycling,rare,recycler,legendary,"[{""module"":""quality-module-3"",""quality"":""legendary""},{""module"":""quality-module-3"",""quality"":""legendary""},{""module"":""quality-module-3"",""quality"":""legendary""},{""module"":""quality-module-3"",""quality"":""legendary""}]",0,[]
74,power-armor,epic,assembling-machine-3,legendary,"[{""module"":""quality-module-3"",""quality"":""legendary""},{""module"":""quality-module-3"",""quality"":""legendary""},{""module"":""quality-module-3"",""quality"":""legendary""},{""module"":""quality-module-3"",""quality"":""legendary""}]",0,[]
74,power-armor-recycling,epic,recycler,legendary,"[{""module"":""quality-module-3"",""quality"":""legendary""},{""module"":""quality-module-3"",""quality"":""legendary""},{""module"":""quality-module-3"",""quality"":""legendary""},{""module"":""quality-module-3"",""quality"":""legendary""}]",0,[]
74,power-armor,legendary,assembling-machine-3,legendary,"[{""module"":""speed-module-3"",""quality"":""legendary""},{""module"":""speed-module-3"",""quality"":""legendary""},{""module"":""speed-module-3"",""quality"":""legendary""},{""module"":""speed-module-3"",""quality"":""legendary""}]",12,"[{""module"":""speed-module-3"",""quality"":""legendary""},{""module"":""speed-module-3"",""quality"":""legendary""},{""module"":""speed-module-3"",""quality"":""legendary""},{""module"":""speed-module-3"",""quality"":""legendary""},{""module"":""speed-module-3"",""quality"":""legendary""},{""module"":""speed-module-3"",""quality"":""legendary""},{""module"":""speed-module-3"",""quality"":""legendary""},{""module"":""speed-module-3"",""quality"":""legendary""},{""module"":""speed-module-3"",""quality"":""legendary""},{""module"":""speed-module-3"",""quality"":""legendary""},{""module"":""speed-module-3"",""quality"":""legendary""},{""module"":""speed-module-3"",""quality"":""legendary""},{""module"":""speed-module-3"",""quality"":""legendary""},{""module"":""speed-module-3"",""quality"":""legendary""},{""module"":""speed-module-3"",""quality"":""legendary""},{""module"":""speed-module-3"",""quality"":""legendary""},{""module"":""speed-module-3"",""quality"":""legendary""},{""module"":""speed-module-3"",""quality"":""legendary""},{""module"":""speed-module-3"",""quality"":""legendary""},{""module"":""speed-module-3"",""quality"":""legendary""},{""module"":""speed-module-3"",""quality"":""legendary""},{""module"":""speed-module-3"",""quality"":""legendary""},{""module"":""speed-module-3"",""quality"":""legendary""},{""module"":""speed-module-3"",""quality"":""legendary""}]"
74,power-armor-recycling,legendary,recycler,legendary,"[{""module"":""speed-module-3"",""quality"":""legendary""},{""module"":""speed-module-3"",""quality"":""legendary""},{""module"":""speed-module-3"",""quality"":""legendary""},{""module"":""speed-module-3"",""quality"":""legendary""}]",12,"[{""module"":""speed-module-3"",""quality"":""legendary""},{""module"":""speed-module-3"",""quality"":""legendary""},{""module"":""speed-module-3"",""quality"":""legendary""},{""module"":""speed-module-3"",""quality"":""legendary""},{""module"":""speed-module-3"",""quality"":""legendary""},{""module"":""speed-module-3"",""quality"":""legendary""},{""module"":""speed-module-3"",""quality"":""legendary""},{""module"":""speed-module-3"",""quality"":""legendary""},{""module"":""speed-module-3"",""quality"":""legendary""},{""module"":""speed-module-3"",""quality"":""legendary""},{""module"":""speed-module-3"",""quality"":""legendary""},{""module"":""speed-module-3"",""quality"":""legendary""},{""module"":""speed-module-3"",""quality"":""legendary""},{""module"":""speed-module-3"",""quality"":""legendary""},{""module"":""speed-module-3"",""quality"":""legendary""},{""module"":""speed-module-3"",""quality"":""legendary""},{""module"":""speed-module-3"",""quality"":""legendary""},{""module"":""speed-module-3"",""quality"":""legendary""},{""module"":""speed-module-3"",""quality"":""legendary""},{""module"":""speed-module-3"",""quality"":""legendary""},{""module"":""speed-module-3"",""quality"":""legendary""},{""module"":""speed-module-3"",""quality"":""legendary""},{""module"":""speed-module-3"",""quality"":""legendary""},{""module"":""speed-module-3"",""quality"":""legendary""}]"
75,power-armor,normal,assembling-machine-3,legendary,"[{""module"":""speed-module-3"",""quality"":""legendary""},{""module"":""speed-module-3"",""quality"":""legendary""},{""module"":""speed-module-3"",""quality"":""legendary""},{""module"":""speed-module-3"",""quality"":""legendary""}]",12,"[{""module"":""speed-module-3"",""quality"":""legendary""},{""module"":""speed-module-3"",""quality"":""legendary""},{""module"":""speed-module-3"",""quality"":""legendary""},{""module"":""speed-module-3"",""quality"":""legendary""},{""module"":""speed-module-3"",""quality"":""legendary""},{""module"":""speed-module-3"",""quality"":""legendary""},{""module"":""speed-module-3"",""quality"":""legendary""},{""module"":""speed-module-3"",""quality"":""legendary""},{""module"":""speed-module-3"",""quality"":""legendary""},{""module"":""speed-module-3"",""quality"":""legendary""},{""module"":""speed-module-3"",""quality"":""legendary""},{""module"":""speed-module-3"",""quality"":""legendary""},{""module"":""speed-module-3"",""quality"":""legendary""},{""module"":""speed-module-3"",""quality"":""legendary""},{""module"":""speed-module-3"",""quality"":""legendary""},{""module"":""speed-module-3"",""quality"":""legendary""},{""module"":""speed-module-3"",""quality"":""legendary""},{""module"":""speed-module-3"",""quality"":""legendary""},{""module"":""speed-module-3"",""quality"":""legendary""},{""module"":""speed-module-3"",""quality"":""legendary""},{""module"":""speed-module-3"",""quality"":""legendary""},{""module"":""speed-module-3"",""quality"":""legendary""},{""module"":""speed-module-3"",""quality"":""legendary""},{""module"":""speed-module-3"",""quality"":""legendary""}]"
75,power-armor-recycling,normal,recycler,legendary,"[{""module"":""quality-module-3"",""quality"":""legendary""},{""module"":""quality-module-3"",""quality"":""legendary""},{""module"":""quality-module-3"",""quality"":""legendary""},{""module"":""quality-module-3"",""quality"":""legendary""}]",10,"[{""module"":""speed-module-2"",""quality"":""legendary""}]"
75,power-armor,uncommon,assembling-machine-3,legendary,"[{""module"":""quality-module-3"",""quality"":""legendary""},{""module"":""quality-module-3"",""quality"":""legendary""},{""module"":""quality-module-3"",""quality"":""legendary""},{""module"":""quality-module-3"",""quality"":""legendary""}]",1,"[{""module"":""speed-module"",""quality"":""legendary""}]"
75,power-armor-recycling,uncommon,recycler,legendary,"[{""module"":""quality-module-3"",""quality"":""legendary""},{""module"":""quality-module-3"",""quality"":""legendary""},{""module"":""quality-module-3"",""quality"":""legendary""},{""module"":""quality-module-3"",""quality"":""legendary""}]",0,[]
75,power-armor,rare,assembling-machine-3,legendary,"[{""module"":""quality-module-3"",""quality"":""legendary""},{""module"":""quality-module-3"",""quality"":""legendary""},{""module"":""quality-module-3"",""quality"":""legendary""},{""module"":""quality-module-3"",""quality"":""legendary""}]",0,[]
75,power-armor-recycling,rare,recycler,legendary,"[{""module"":""quality-module-3"",""quality"":""legendary""},{""module"":""quality-module-3"",""quality"":""legendary""},{""module"":""quality-module-3"",""quality"":""legendary""},{""module"":""quality-module-3"",""quality"":""legendary""}]",0,[]
75,power-armor,epic,assembling-machine-3,legendary,"[{""module"":""quality-module-3"",""quality"":""legendary""},{""module"":""quality-module-3"",""quality"":""legendary""},{""module"":""quality-module-3"",""quality"":""legendary""},{""module"":""quality-module-3"",""quality"":""legendary""}]",0,[]
75,power-armor-recycling,epic,recycler,legendary,"[{""module"":""quality-module-3"",""quality"":""legendary""},{""module"":""quality-module-3"",""quality"":""legendary""},{""module"":""quality-module-3"",""quality"":""legendary""},{""module"":""quality-module-3"",""quality"":""legendary""}]",0,[]
75,power-armor,legendary,assembling-machine-3,legendary,"[{""module"":""speed-module-3"",""quality"":""legendary""},{""module"":""speed-module-3"",""quality"":""legendary""},{""module"":""speed-module-3"",""quality"":""legendary""},{""module"":""speed-module-3"",""quality"":""legendary""}]",12,"[{""module"":""speed-module-3"",""quality"":""legendary""},{""module"":""speed-module-3"",""quality"":""legendary""},{""module"":""speed-module-3"",""quality"":""legendary""},{""module"":""speed-module-3"",""quality"":""legendary""},{""module"":""speed-module-3"",""quality"":""legendary""},{""module"":""speed-module-3"",""quality"":""legendary""},{""module"":""speed-module-3"",""quality"":""legendary""},{""module"":""speed-module-3"",""quality"":""legendary""},{""module"":""speed-module-3"",""quality"":""legendary""},{""module"":""speed-module-3"",""quality"":""legendary""},{""module"":""speed-module-3"",""quality"":""legendary""},{""module"":""speed-module-3"",""quality"":""legendary""},{""module"":""speed-module-3"",""quality"":""legendary""},{""module"":""speed-module-3"",""quality"":""legendary""},{""module"":""speed-module-3"",""quality"":""legendary""},{""module"":""speed-module-3"",""quality"":""legendary""},{""module"":""speed-module-3"",""quality"":""legendary""},{""module"":""speed-module-3"",""quality"":""legendary""},{""module"":""speed-module-3"",""quality"":""legendary""},{""module"":""speed-module-3"",""quality"":""legendary""},{""module"":""speed-module-3"",""quality"":""legendary""},{""module"":""speed-module-3"",""quality"":""legendary""},{""module"":""speed-module-3"",""quality"":""legendary""},{""module"":""speed-module-3"",""quality"":""legendary""}]"
75,power-armor-recycling,legendary,recycler,legendary,"[{""module"":""speed-module-3"",""quality"":""legendary""},{""module"":""speed-module-3"",""quality"":""legendary""},{""module"":""speed-module-3"",""quality"":""legendary""},{""module"":""speed-module-3"",""quality"":""legendary""}]",12,"[{""module"":""speed-module-3"",""quality"":""legendary""},{""module"":""speed-module-3"",""quality"":""legendary""},{""module"":""speed-module-3"",""quality"":""legendary""},{""module"":""speed-module-3"",""quality"":""legendary""},{""module"":""speed-module-3"",""quality"":""legendary""},{""module"":""speed-module-3"",""quality"":""legendary""},{""module"":""speed-module-3"",""quality"":""legendary""},{""module"":""speed-module-3"",""quality"":""legendary""},{""module"":""speed-module-3"",""quality"":""legendary""},{""module"":""speed-module-3"",""quality"":""legendary""},{""module"":""speed-module-3"",""quality"":""legendary""},{""module"":""speed-module-3"",""quality"":""legendary""},{""module"":""speed-module-3"",""quality"":""legendary""},{""module"":""speed-module-3"",""quality"":""legendary""},{""module"":""speed-module-3"",""quality"":""legendary""},{""module"":""speed-module-3"",""quality"":""legendary""},{""module"":""speed-module-3"",""quality"":""legendary""},{""module"":""speed-module-3"",""quality"":""legendary""},{""module"":""speed-module-3"",""quality"":""legendary""},{""module"":""speed-module-3"",""quality"":""legendary""},{""module"":""speed-module-3"",""quality"":""legendary""},{""module"":""speed-module-3"",""quality"":""legendary""},{""module"":""speed-module-3"",""quality"":""legendary""},{""module"":""speed-module-3"",""quality"":""legendary""}]"
76,power-armor-mk2,normal,assembling-machine-3,legendary,"[{""module"":""quality-module-3"",""quality"":""legendary""},{""module"":""quality-module-3"",""quality"":""legendary""},{""module"":""quality-module-3"",""quality"":""legendary""},{""module"":""quality-module-3"",""quality"":""legendary""}]",0,[]
76,power-armor-mk2-recycling,normal,recycler,legendary,"[{""module"":""quality-module-3"",""quality"":""legendary""},{""module"":""quality-module-3"",""quality"":""legendary""},{""module"":""quality-module-3"",""quality"":""legendary""},{""module"":""quality-module-3"",""quality"":""legendary""}]",0,[]
76,power-armor-mk2,uncommon,assembling-machine-3,legendary,"[{""module"":""quality-module-3"",""quality"":""legendary""},{""module"":""quality-module-3"",""quality"":""legendary""},{""module"":""quality-module-3"",""quality"":""legendary""},{""module"":""quality-module-3"",""quality"":""legendary""}]",0,[]
76,power-armor-mk2-recycling,uncommon,recycler,legendary,"[{""module"":""quality-module-3"",""quality"":""legendary""},{""module"":""quality-module-3"",""quality"":""legendary""},{""module"":""quality-module-3"",""quality"":""legendary""},{""module"":""quality-module-3"",""quality"":""legendary""}]",0,[]
76,power-armor-mk2,rare,assembling-machine-3,legendary,"[{""module"":""quality-module-3"",""quality"":""legendary""},{""module"":""quality-module-3"",""quality"":""legendary""},{""module"":""quality-module-3"",""quality"":""legendary""},{""module"":""quality-module-3"",""quality"":""legendary""}]",0,[]
76,power-armor-mk2-recycling,rare,recycler,legendary,"[{""module"":""quality-module-3"",""quality"":""legendary""},{""module"":""quality-module-3"",""quality"":""legendary""},{""module"":""quality-module-3"",""quality"":""legendary""},{""module"":""quality-module-3"",""quality"":""legendary""}]",0,[]
76,power-armor-mk2,epic,assembling-machine-3,legendary,"[{""module"":""quality-module-3"",""quality"":""legendary""},{""module"":""quality-module-3"",""quality"":""legendary""},{""module"":""quality-module-3"",""quality"":""legendary""},{""module"":""quality-module-3"",""quality"":""legendary""}]",0,[]
76,power-armor-mk2-recycling,epic,recycler,legendary,"[{""module"":""quality-module-3"",""quality"":""legendary""},{""module"":""quality-module-3"",""quality"":""legendary""},{""module"":""quality-module-3"",""quality"":""legendary""},{""module"":""quality-module-3"",""quality"":""legendary""}]",0,[]
76,power-armor-mk2,legendary,assembling-machine-3,legendary,"[{""module"":""speed-module-3"",""quality"":""legendary""},{""module"":""speed-module-3"",""quality"":""legendary""},{""module"":""speed-module-3"",""quality"":""legendary""},{""module"":""speed-module-3"",""quality"":""legendary""}]",12,"[{""module"":""speed-module-3"",""quality"":""legendary""},{""module"":""speed-module-3"",""quality"":""legendary""},{""module"":""speed-module-3"",""quality"":""legendary""},{""module"":""speed-module-3"",""quality"":""legendary""},{""module"":""speed-module-3"",""quality"":""legendary""},{""module"":""speed-module-3"",""quality"":""legendary""},{""module"":""speed-module-3"",""quality"":""legendary""},{""module"":""speed-module-3"",""quality"":""legendary""},{""module"":""speed-module-3"",""quality"":""legendary""},{""module"":""speed-module-3"",""quality"":""legendary""},{""module"":""speed-module-3"",""quality"":""legendary""},{""module"":""speed-module-3"",""quality"":""legendary""},{""module"":""speed-module-3"",""quality"":""legendary""},{""module"":""speed-module-3"",""quality"":""legendary""},{""module"":""speed-module-3"",""quality"":""legendary""},{""module"":""speed-module-3"",""quality"":""legendary""},{""module"":""speed-module-3"",""quality"":""legendary""},{""module"":""speed-module-3"",""quality"":""legendary""},{""module"":""speed-module-3"",""quality"":""legendary""},{""module"":""speed-module-3"",""quality"":""legendary""},{""module"":""speed-module-3"",""quality"":""legendary""},{""module"":""speed-module-3"",""quality"":""legendary""},{""module"":""speed-module-3"",""quality"":""legendary""},{""module"":""speed-module-3"",""quality"":""legendary""}]"
76,power-armor-mk2-recycling,legendary,recycler,legendary,"[{""module"":""speed-module-3"",""quality"":""legendary""},{""module"":""speed-module-3"",""quality"":""legendary""},{""module"":""speed-module-3"",""quality"":""legendary""},{""module"":""speed-module-3"",""quality"":""legendary""}]",12,"[{""module"":""speed-module-3"",""quality"":""legendary""},{""module"":""speed-module-3"",""quality"":""legendary""},{""module"":""speed-module-3"",""quality"":""legendary""},{""module"":""speed-module-3"",""quality"":""legendary""},{""module"":""speed-module-3"",""quality"":""legendary""},{""module"":""speed-module-3"",""quality"":""legendary""},{""module"":""speed-module-3"",""quality"":""legendary""},{""module"":""speed-module-3"",""quality"":""legendary""},{""module"":""speed-module-3"",""quality"":""legendary""},{""module"":""speed-module-3"",""quality"":""legendary""},{""module"":""speed-module-3"",""quality"":""legendary""},{""module"":""speed-module-3"",""quality"":""legendary""},{""module"":""speed-module-3"",""quality"":""legendary""},{""module"":""speed-module-3"",""quality"":""legendary""},{""module"":""speed-module-3"",""quality"":""legendary""},{""module"":""speed-module-3"",""quality"":""legendary""},{""module"":""speed-module-3"",""quality"":""legendary""},{""module"":""speed-module-3"",""quality"":""legendary""},{""module"":""speed-module-3"",""quality"":""legendary""},{""module"":""speed-module-3"",""quality"":""legendary""},{""module"":""speed-module-3"",""quality"":""legendary""},{""module"":""speed-module-3"",""quality"":""legendary""},{""module"":""speed-module-3"",""quality"":""legendary""},{""module"":""speed-module-3"",""quality"":""legendary""}]"
77,power-armor-mk2,normal,assembling-machine-3,legendary,"[{""module"":""speed-module-3"",""quality"":""legendary""},{""module"":""speed-module-3"",""quality"":""legendary""},{""module"":""speed-module-3"",""quality"":""legendary""},{""module"":""speed-module-3"",""quality"":""legendary""}]",12,"[{""module"":""speed-module-3"",""quality"":""legendary""},{""module"":""speed-module-3"",""quality"":""legendary""},{""module"":""speed-module-3"",""quality"":""legendary""},{""module"":""speed-module-3"",""quality"":""legendary""},{""module"":""speed-module-3"",""quality"":""legendary""},{""module"":""speed-module-3"",""quality"":""legendary""},{""module"":""speed-module-3"",""quality"":""legendary""},{""module"":""speed-module-3"",""quality"":""legendary""},{""module"":""speed-module-3"",""quality"":""legendary""},{""module"":""speed-module-3"",""quality"":""legendary""},{""module"":""speed-module-3"",""quality"":""legendary""},{""module"":""speed-module-3"",""quality"":""legendary""},{""module"":""speed-module-3"",""quality"":""legendary""},{""module"":""speed-module-3"",""quality"":""legendary""},{""module"":""speed-module-3"",""quality"":""legendary""},{""module"":""speed-module-3"",""quality"":""legendary""},{""module"":""speed-module-3"",""quality"":""legendary""},{""module"":""speed-module-3"",""quality"":""legendary""},{""module"":""speed-module-3"",""quality"":""legendary""},{""module"":""speed-module-3"",""quality"":""legendary""},{""module"":""speed-module-3"",""quality"":""legendary""},{""module"":""speed-module-3"",""quality"":""legendary""},{""module"":""speed-module-3"",""quality"":""legendary""},{""module"":""speed-module-3"",""quality"":""legendary""}]"
77,power-armor-mk2-recycling,normal,recycler,legendary,"[{""module"":""quality-module-3"",""quality"":""legendary""},{""module"":""quality-module-3"",""quality"":""legendary""},{""module"":""quality-module-3"",""quality"":""legendary""},{""module"":""quality-module-3"",""quality"":""legendary""}]",10,"[{""module"":""speed-module-2"",""quality"":""legendary""}]"
77,power-armor-mk2,uncommon,assembling-machine-3,legendary,"[{""module"":""quality-module-3"",""quality"":""legendary""},{""module"":""quality-module-3"",""quality"":""legendary""},{""module"":""quality-module-3"",""quality"":""legendary""},{""module"":""quality-module-3"",""quality"":""legendary""}]",1,"[{""module"":""speed-module"",""quality"":""legendary""}]"
77,power-armor-mk2-recycling,uncommon,recycler,legendary,"[{""module"":""quality-module-3"",""quality"":""legendary""},{""module"":""quality-module-3"",""quality"":""legendary""},{""module"":""quality-module-3"",""quality"":""legendary""},{""module"":""quality-module-3"",""quality"":""legendary""}]",0,[]
77,power-armor-mk2,rare,assembling-machine-3,legendary,"[{""module"":""quality-module-3"",""quality"":""legendary""},{""module"":""quality-module-3"",""quality"":""legendary""},{""module"":""quality-module-3"",""quality"":""legendary""},{""module"":""quality-module-3"",""quality"":""legendary""}]",0,[]
77,power-armor-mk2-recycling,rare,recycler,legendary,"[{""module"":""quality-module-3"",""quality"":""legendary""},{""module"":""quality-module-3"",""quality"":""legendary""},{""module"":""quality-module-3"",""quality"":""legendary""},{""module"":""quality-module-3"",""quality"":""legendary""}]",0,[]
77,power-armor-mk2,epic,assembling-machine-3,legendary,"[{""module"":""quality-module-3"",""quality"":""legendary""},{""module"":""quality-module-3"",""quality"":""legendary""},{""module"":""quality-module-3"",""quality"":""legendary""},{""module"":""quality-module-3"",""quality"":""legendary""}]",0,[]
77,power-armor-mk2-recycling,epic,recycler,legendary,"[{""module"":""quality-module-3"",""quality"":""legendary""},{""module"":""quality-module-3"",""quality"":""legendary""},{""module"":""quality-module-3"",""quality"":""legendary""},{""module"":""quality-module-3"",""quality"":""legendary""}]",0,[]
77,power-armor-mk2,legendary,assembling-machine-3,legendary,"[{""module"":""speed-module-3"",""quality"":""legendary""},{""module"":""speed-module-3"",""quality"":""legendary""},{""module"":""speed-module-3"",""quality"":""legendary""},{""module"":""speed-module-3"",""quality"":""legendary""}]",12,"[{""module"":""speed-module-3"",""quality"":""legendary""},{""module"":""speed-module-3"",""quality"":""legendary""},{""module"":""speed-module-3"",""quality"":""legendary""},{""module"":""speed-module-3"",""quality"":""legendary""},{""module"":""speed-module-3"",""quality"":""legendary""},{""module"":""speed-module-3"",""quality"":""legendary""},{""module"":""speed-module-3"",""quality"":""legendary""},{""module"":""speed-module-3"",""quality"":""legendary""},{""module"":""speed-module-3"",""quality"":""legendary""},{""module"":""speed-module-3"",""quality"":""legendary""},{""module"":""speed-module-3"",""quality"":""legendary""},{""module"":""speed-module-3"",""quality"":""legendary""},{""module"":""speed-module-3"",""quality"":""legendary""},{""module"":""speed-module-3"",""quality"":""legendary""},{""module"":""speed-module-3"",""quality"":""legendary""},{""module"":""speed-module-3"",""quality"":""legendary""},{""module"":""speed-module-3"",""quality"":""legendary""},{""module"":""speed-module-3"",""quality"":""legendary""},{""module"":""speed-module-3"",""quality"":""legendary""},{""module"":""speed-module-3"",""quality"":""legendary""},{""module"":""speed-module-3"",""quality"":""legendary""},{""module"":""speed-module-3"",""quality"":""legendary""},{""module"":""speed-module-3"",""quality"":""legendary""},{""module"":""speed-module-3"",""quality"":""legendary""}]"
77,power-armor-mk2-recycling,legendary,recycler,legendary,"[{""module"":""speed-module-3"",""quality"":""legendary""},{""module"":""speed-module-3"",""quality"":""legendary""},{""module"":""speed-module-3"",""quality"":""legendary""},{""module"":""speed-module-3"",""quality"":""legendary""}]",12,"[{""module"":""speed-module-3"",""quality"":""legendary""},{""module"":""speed-module-3"",""quality"":""legendary""},{""module"":""speed-module-3"",""quality"":""legendary""},{""module"":""speed-module-3"",""quality"":""legendary""},{""module"":""speed-module-3"",""quality"":""legendary""},{""module"":""speed-module-3"",""quality"":""legendary""},{""module"":""speed-module-3"",""quality"":""legendary""},{""module"":""speed-module-3"",""quality"":""legendary""},{""module"":""speed-module-3"",""quality"":""legendary""},{""module"":""speed-module-3"",""quality"":""legendary""},{""module"":""speed-module-3"",""quality"":""legendary""},{""module"":""speed-module-3"",""quality"":""legendary""},{""module"":""speed-module-3"",""quality"":""legendary""},{""module"":""speed-module-3"",""quality"":""legendary""},{""module"":""speed-module-3"",""quality"":""legendary""},{""module"":""speed-module-3"",""quality"":""legendary""},{""module"":""speed-module-3"",""quality"":""legendary""},{""module"":""speed-module-3"",""quality"":""legendary""},{""module"":""speed-module-3"",""quality"":""legendary""},{""module"":""speed-module-3"",""quality"":""legendary""},{""module"":""speed-module-3"",""quality"":""legendary""},{""module"":""speed-module-3"",""quality"":""legendary""},{""module"":""speed-module-3"",""quality"":""legendary""},{""module"":""speed-module-3"",""quality"":""legendary""}]"
78,productivity-module-2,normal,electromagnetic-plant,legendary,"[{""module"":""quality-module-3"",""quality"":""legendary""},{""module"":""quality-module-3"",""quality"":""legendary""},{""module"":""quality-module-3"",""quality"":""legendary""},{""module"":""quality-module-3"",""quality"":""legendary""},{""module"":""quality-module-3"",""quality"":""legendary""}]",0,[]
78,productivity-module-2-recycling,normal,recycler,legendary,"[{""module"":""quality-module-3"",""quality"":""legendary""},{""module"":""quality-module-3"",""quality"":""legendary""},{""module"":""quality-module-3"",""quality"":""legendary""},{""module"":""quality-module-3"",""quality"":""legendary""}]",0,[]
78,productivity-module-2,uncommon,electromagnetic-plant,legendary,"[{""module"":""quality-module-3"",""quality"":""legendary""},{""module"":""quality-module-3"",""quality"":""legendary""},{""module"":""quality-module-3"",""quality"":""legendary""},{""module"":""quality-module-3"",""quality"":""legendary""},{""module"":""quality-module-3"",""quality"":""legendary""}]",0,[]
78,productivity-module-2-recycling,uncommon,recycler,legendary,"[{""module"":""quality-module-3"",""quality"":""legendary""},{""module"":""quality-module-3"",""quality"":""legendary""},{""module"":""quality-module-3"",""quality"":""legendary""},{""module"":""quality-module-3"",""quality"":""legendary""}]",0,[]
78,productivity-module-2,rare,electromagnetic-plant,legendary,"[{""module"":""quality-module-3"",""quality"":""legendary""},{""module"":""quality-module-3"",""quality"":""legendary""},{""module"":""quality-module-3"",""quality"":""legendary""},{""module"":""quality-module-3"",""quality"":""legendary""},{""module"":""quality-module-3"",""quality"":""legendary""}]",0,[]
78,productivity-module-2-recycling,rare,recycler,legendary,"[{""module"":""quality-module-3"",""quality"":""legendary""},{""module"":""quality-module-3"",""quality"":""legendary""},{""module"":""quality-module-3"",""quality"":""legendary""},{""module"":""quality-module-3"",""quality"":""legendary""}]",0,[]
78,productivity-module-2,epic,electromagnetic-plant,legendary,"[{""module"":""quality-module-3"",""quality"":""legendary""},{""module"":""quality-module-3"",""quality"":""legendary""},{""module"":""quality-module-3"",""quality"":""legendary""},{""module"":""quality-module-3"",""quality"":""legendary""},{""module"":""quality-module-3"",""quality"":""legendary""}]",0,[]
78,productivity-module-2-recycling,epic,recycler,legendary,"[{""module"":""quality-module-3"",""quality"":""legendary""},{""module"":""quality-module-3"",""quality"":""legendary""},{""module"":""quality-module-3"",""quality"":""legendary""},{""module"":""quality-module-3"",""quality"":""legendary""}]",0,[]
78,productivity-module-2,legendary,electromagnetic-plant,legendary,"[{""module"":""speed-module-3"",""quality"":""legendary""},{""module"":""speed-module-3"",""quality"":""legendary""},{""module"":""speed-module-3"",""quality"":""legendary""},{""module"":""speed-module-3"",""quality"":""legendary""},{""module"":""speed-module-3"",""quality"":""legendary""}]",12,"[{""module"":""speed-module-3"",""quality"":""legendary""},{""module"":""speed-module-3"",""quality"":""legendary""},{""module"":""speed-module-3"",""quality"":""legendary""},{""module"":""speed-module-3"",""quality"":""legendary""},{""module"":""speed-module-3"",""quality"":""legendary""},{""module"":""speed-module-3"",""quality"":""legendary""},{""module"":""speed-module-3"",""quality"":""legendary""},{""module"":""speed-module-3"",""quality"":""legendary""},{""module"":""speed-module-3"",""quality"":""legendary""},{""module"":""speed-module-3"",""quality"":""legendary""},{""module"":""speed-module-3"",""quality"":""legendary""},{""module"":""speed-module-3"",""quality"":""legendary""},{""module"":""speed-module-3"",""quality"":""legendary""},{""module"":""speed-module-3"",""quality"":""legendary""},{""module"":""speed-module-3"",""quality"":""legendary""},{""module"":""speed-module-3"",""quality"":""legendary""},{""module"":""speed-module-3"",""quality"":""legendary""},{""module"":""speed-module-3"",""quality"":""legendary""},{""module"":""speed-module-3"",""quality"":""legendary""},{""module"":""speed-module-3"",""quality"":""legendary""},{""module"":""speed-module-3"",""quality"":""legendary""},{""module"":""speed-module-3"",""quality"":""legendary""},{""module"":""speed-module-3"",""quality"":""legendary""},{""module"":""speed-module-3"",""quality"":""legendary""}]"
78,productivity-module-2-recycling,legendary,recycler,legendary,"[{""module"":""speed-module-3"",""quality"":""legendary""},{""module"":""speed-module-3"",""quality"":""legendary""},{""module"":""speed-module-3"",""quality"":""legendary""},{""module"":""speed-module-3"",""quality"":""legendary""}]",12,"[{""module"":""speed-module-3"",""quality"":""legendary""},{""module"":""speed-module-3"",""quality"":""legendary""},{""module"":""speed-module-3"",""quality"":""legendary""},{""module"":""speed-module-3"",""quality"":""legendary""},{""module"":""speed-module-3"",""quality"":""legendary""},{""module"":""speed-module-3"",""quality"":""legendary""},{""module"":""speed-module-3"",""quality"":""legendary""},{""module"":""speed-module-3"",""quality"":""legendary""},{""module"":""speed-module-3"",""quality"":""legendary""},{""module"":""speed-module-3"",""quality"":""legendary""},{""module"":""speed-module-3"",""quality"":""legendary""},{""module"":""speed-module-3"",""quality"":""legendary""},{""module"":""speed-module-3"",""quality"":""legendary""},{""module"":""speed-module-3"",""quality"":""legendary""},{""module"":""speed-module-3"",""quality"":""legendary""},{""module"":""speed-module-3"",""quality"":""legendary""},{""module"":""speed-module-3"",""quality"":""legendary""},{""module"":""speed-module-3"",""quality"":""legendary""},{""module"":""speed-module-3"",""quality"":""legendary""},{""module"":""speed-module-3"",""quality"":""legendary""},{""module"":""speed-module-3"",""quality"":""legendary""},{""module"":""speed-module-3"",""quality"":""legendary""},{""module"":""speed-module-3"",""quality"":""legendary""},{""module"":""speed-module-3"",""quality"":""legendary""}]"
79,productivity-module-2,normal,electromagnetic-plant,legendary,"[{""module"":""quality-module-3"",""quality"":""legendary""},{""module"":""quality-module-3"",""quality"":""legendary""},{""module"":""quality-module-3"",""quality"":""legendary""},{""module"":""quality-module-3"",""quality"":""legendary""},{""module"":""quality-module-3"",""quality"":""legendary""}]",4,"[{""module"":""speed-module"",""quality"":""legendary""},{""module"":""speed-module"",""quality"":""legendary""},{""module"":""speed-module"",""quality"":""legendary""},{""module"":""speed-module"",""quality"":""legendary""}]"
79,productivity-module-2-recycling,normal,recycler,legendary,"[{""module"":""quality-module-3"",""quality"":""legendary""},{""module"":""quality-module-3"",""quality"":""legendary""},{""module"":""quality-module-3"",""quality"":""legendary""},{""module"":""quality-module-3"",""quality"":""legendary""}]",5,"[{""module"":""speed-module"",""quality"":""legendary""}]"
79,productivity-module-2,uncommon,electromagnetic-plant,legendary,"[{""module"":""quality-module-3"",""quality"":""legendary""},{""module"":""quality-module-3"",""quality"":""legendary""},{""module"":""quality-module-3"",""quality"":""legendary""},{""module"":""quality-module-3"",""quality"":""legendary""},{""module"":""quality-module-3"",""quality"":""legendary""}]",0,[]
79,productivity-module-2-recycling,uncommon,recycler,legendary,"[{""module"":""quality-module-3"",""quality"":""legendary""},{""module"":""quality-module-3"",""quality"":""legendary""},{""module"":""quality-module-3"",""quality"":""legendary""},{""module"":""quality-module-3"",""quality"":""legendary""}]",0,[]
79,productivity-module-2,rare,electromagnetic-plant,legendary,"[{""module"":""quality-module-3"",""quality"":""legendary""},{""module"":""quality-module-3"",""quality"":""legendary""},{""module"":""quality-module-3"",""quality"":""legendary""},{""module"":""quality-module-3"",""quality"":""legendary""},{""module"":""quality-module-3"",""quality"":""legendary""}]",0,[]
79,productivity-module-2-recycling,rare,recycler,legendary,"[{""module"":""quality-module-3"",""quality"":""legendary""},{""module"":""quality-module-3"",""quality"":""legendary""},{""module"":""quality-module-3"",""quality"":""legendary""},{""module"":""quality-module-3"",""quality"":""legendary""}]",0,[]
79,productivity-module-2,epic,electromagnetic-plant,legendary,"[{""module"":""quality-module-3"",""quality"":""legendary""},{""module"":""quality-module-3"",""quality"":""legendary""},{""module"":""quality-module-3"",""quality"":""legendary""},{""module"":""quality-module-3"",""quality"":""legendary""},{""module"":""quality-module-3"",""quality"":""legendary""}]",0,[]
79,productivity-module-2-recycling,epic,recycler,legendary,"[{""module"":""quality-module-3"",""quality"":""legendary""},{""module"":""quality-module-3"",""quality"":""legendary""},{""module"":""quality-module-3"",""quality"":""legendary""},{""module"":""quality-module-3"",""quality"":""legendary""}]",0,[]
79,productivity-module-2,legendary,electromagnetic-plant,legendary,"[{""module"":""speed-module-3"",""quality"":""legendary""},{""module"":""speed-module-3"",""quality"":""legendary""},{""module"":""speed-module-3"",""quality"":""legendary""},{""module"":""speed-module-3"",""quality"":""legendary""},{""module"":""speed-module-3"",""quality"":""legendary""}]",12,"[{""module"":""speed-module-3"",""quality"":""legendary""},{""module"":""speed-module-3"",""quality"":""legendary""},{""module"":""speed-module-3"",""quality"":""legendary""},{""module"":""speed-module-3"",""quality"":""legendary""},{""module"":""speed-module-3"",""quality"":""legendary""},{""module"":""speed-module-3"",""quality"":""legendary""},{""module"":""speed-module-3"",""quality"":""legendary""},{""module"":""speed-module-3"",""quality"":""legendary""},{""module"":""speed-module-3"",""quality"":""legendary""},{""module"":""speed-module-3"",""quality"":""legendary""},{""module"":""speed-module-3"",""quality"":""legendary""},{""module"":""speed-module-3"",""quality"":""legendary""},{""module"":""speed-module-3"",""quality"":""legendary""},{""module"":""speed-module-3"",""quality"":""legendary""},{""module"":""speed-module-3"",""quality"":""legendary""},{""module"":""speed-module-3"",""quality"":""legendary""},{""module"":""speed-module-3"",""quality"":""legendary""},{""module"":""speed-module-3"",""quality"":""legendary""},{""module"":""speed-module-3"",""quality"":""legendary""},{""module"":""speed-module-3"",""quality"":""legendary""},{""module"":""speed-module-3"",""quality"":""legendary""},{""module"":""speed-module-3"",""quality"":""legendary""},{""module"":""speed-module-3"",""quality"":""legendary""},{""module"":""speed-module-3"",""quality"":""legendary""}]"
79,productivity-module-2-recycling,legendary,recycler,legendary,"[{""module"":""speed-module-3"",""quality"":""legendary""},{""module"":""speed-module-3"",""quality"":""legendary""},{""module"":""speed-module-3"",""quality"":""legendary""},{""module"":""speed-module-3"",""quality"":""legendary""}]",12,"[{""module"":""speed-module-3"",""quality"":""legendary""},{""module"":""speed-module-3"",""quality"":""legendary""},{""module"":""speed-module-3"",""quality"":""legendary""},{""module"":""speed-module-3"",""quality"":""legendary""},{""module"":""speed-module-3"",""quality"":""legendary""},{""module"":""speed-module-3"",""quality"":""legendary""},{""module"":""speed-module-3"",""quality"":""legendary""},{""module"":""speed-module-3"",""quality"":""legendary""},{""module"":""speed-module-3"",""quality"":""legendary""},{""module"":""speed-module-3"",""quality"":""legendary""},{""module"":""speed-module-3"",""quality"":""legendary""},{""module"":""speed-module-3"",""quality"":""legendary""},{""module"":""speed-module-3"",""quality"":""legendary""},{""module"":""speed-module-3"",""quality"":""legendary""},{""module"":""speed-module-3"",""quality"":""legendary""},{""module"":""speed-module-3"",""quality"":""legendary""},{""module"":""speed-module-3"",""quality"":""legendary""},{""module"":""speed-module-3"",""quality"":""legendary""},{""module"":""speed-module-3"",""quality"":""legendary""},{""module"":""speed-module-3"",""quality"":""legendary""},{""module"":""speed-module-3"",""quality"":""legendary""},{""module"":""speed-module-3"",""quality"":""legendary""},{""module"":""speed-module-3"",""quality"":""legendary""},{""module"":""speed-module-3"",""quality"":""legendary""}]"
80,productivity-module-3,normal,electromagnetic-plant,legendary,"[{""module"":""quality-module-3"",""quality"":""legendary""},{""module"":""quality-module-3"",""quality"":""legendary""},{""module"":""quality-module-3"",""quality"":""legendary""},{""module"":""quality-module-3"",""quality"":""legendary""},{""module"":""quality-module-3"",""quality"":""legendary""}]",0,[]
80,productivity-module-3-recycling,normal,recycler,legendary,"[{""module"":""quality-module-3"",""quality"":""legendary""},{""module"":""quality-module-3"",""quality"":""legendary""},{""module"":""quality-module-3"",""quality"":""legendary""},{""module"":""quality-module-3"",""quality"":""legendary""}]",0,[]
80,productivity-module-3,uncommon,electromagnetic-plant,legendary,"[{""module"":""quality-module-3"",""quality"":""legendary""},{""module"":""quality-module-3"",""quality"":""legendary""},{""module"":""quality-module-3"",""quality"":""legendary""},{""module"":""quality-module-3"",""quality"":""legendary""},{""module"":""quality-module-3"",""quality"":""legendary""}]",0,[]
80,productivity-module-3-recycling,uncommon,recycler,legendary,"[{""module"":""quality-module-3"",""quality"":""legendary""},{""module"":""quality-module-3"",""quality"":""legendary""},{""module"":""quality-module-3"",""quality"":""legendary""},{""module"":""quality-module-3"",""quality"":""legendary""}]",0,[]
80,productivity-module-3,rare,electromagnetic-plant,legendary,"[{""module"":""quality-module-3"",""quality"":""legendary""},{""module"":""quality-module-3"",""quality"":""legendary""},{""module"":""quality-module-3"",""quality"":""legendary""},{""module"":""quality-module-3"",""quality"":""legendary""},{""module"":""quality-module-3"",""quality"":""legendary""}]",0,[]
80,productivity-module-3-recycling,rare,recycler,legendary,"[{""module"":""quality-module-3"",""quality"":""legendary""},{""module"":""quality-module-3"",""quality"":""legendary""},{""module"":""quality-module-3"",""quality"":""legendary""},{""module"":""quality-module-3"",""quality"":""legendary""}]",0,[]
80,productivity-module-3,epic,electromagnetic-plant,legendary,"[{""module"":""quality-module-3"",""quality"":""legendary""},{""module"":""quality-module-3"",""quality"":""legendary""},{""module"":""quality-module-3"",""quality"":""legendary""},{""module"":""quality-module-3"",""quality"":""legendary""},{""module"":""quality-module-3"",""quality"":""legendary""}]",0,[]
80,productivity-module-3-recycling,epic,recycler,legendary,"[{""module"":""quality-module-3"",""quality"":""legendary""},{""module"":""quality-module-3"",""quality"":""legendary""},{""module"":""quality-module-3"",""quality"":""legendary""},{""module"":""quality-module-3"",""quality"":""legendary""}]",0,[]
80,productivity-module-3,legendary,electromagnetic-plant,legendary,"[{""module"":""speed-module-3"",""quality"":""legendary""},{""module"":""speed-module-3"",""quality"":""legendary""},{""module"":""speed-module-3"",""quality"":""legendary""},{""module"":""speed-module-3"",""quality"":""legendary""},{""module"":""speed-module-3"",""quality"":""legendary""}]",12,"[{""module"":""speed-module-3"",""quality"":""legendary""},{""module"":""speed-module-3"",""quality"":""legendary""},{""module"":""speed-module-3"",""quality"":""legendary""},{""module"":""speed-module-3"",""quality"":""legendary""},{""module"":""speed-module-3"",""quality"":""legendary""},{""module"":""speed-module-3"",""quality"":""legendary""},{""module"":""speed-module-3"",""quality"":""legendary""},{""module"":""speed-module-3"",""quality"":""legendary""},{""module"":""speed-module-3"",""quality"":""legendary""},{""module"":""speed-module-3"",""quality"":""legendary""},{""module"":""speed-module-3"",""quality"":""legendary""},{""module"":""speed-module-3"",""quality"":""legendary""},{""module"":""speed-module-3"",""quality"":""legendary""},{""module"":""speed-module-3"",""quality"":""legendary""},{""module"":""speed-module-3"",""quality"":""legendary""},{""module"":""speed-module-3"",""quality"":""legendary""},{""module"":""speed-module-3"",""quality"":""legendary""},{""module"":""speed-module-3"",""quality"":""legendary""},{""module"":""speed-module-3"",""quality"":""legendary""},{""module"":""speed-module-3"",""quality"":""legendary""},{""module"":""speed-module-3"",""quality"":""legendary""},{""module"":""speed-module-3"",""quality"":""legendary""},{""module"":""speed-module-3"",""quality"":""legendary""},{""module"":""speed-module-3"",""quality"":""legendary""}]"
80,productivity-module-3-recycling,legendary,recycler,legendary,"[{""module"":""speed-module-3"",""quality"":""legendary""},{""module"":""speed-module-3"",""quality"":""legendary""},{""module"":""speed-module-3"",""quality"":""legendary""},{""module"":""speed-module-3"",""quality"":""legendary""}]",12,"[{""module"":""speed-module-3"",""quality"":""legendary""},{""module"":""speed-module-3"",""quality"":""legendary""},{""module"":""speed-module-3"",""quality"":""legendary""},{""module"":""speed-module-3"",""quality"":""legendary""},{""module"":""speed-module-3"",""quality"":""legendary""},{""module"":""speed-module-3"",""quality"":""legendary""},{""module"":""speed-module-3"",""quality"":""legendary""},{""module"":""speed-module-3"",""quality"":""legendary""},{""module"":""speed-module-3"",""quality"":""legendary""},{""module"":""speed-module-3"",""quality"":""legendary""},{""module"":""speed-module-3"",""quality"":""legendary""},{""module"":""speed-module-3"",""quality"":""legendary""},{""module"":""speed-module-3"",""quality"":""legendary""},{""module"":""speed-module-3"",""quality"":""legendary""},{""module"":""speed-module-3"",""quality"":""legendary""},{""module"":""speed-module-3"",""quality"":""legendary""},{""module"":""speed-module-3"",""quality"":""legendary""},{""module"":""speed-module-3"",""quality"":""legendary""},{""module"":""speed-module-3"",""quality"":""legendary""},{""module"":""speed-module-3"",""quality"":""legendary""},{""module"":""speed-module-3"",""quality"":""legendary""},{""module"":""speed-module-3"",""quality"":""legendary""},{""module"":""speed-module-3"",""quality"":""legendary""},{""module"":""speed-module-3"",""quality"":""legendary""}]"
81,productivity-module-3,normal,electromagnetic-plant,legendary,"[{""module"":""quality-module-3"",""quality"":""legendary""},{""module"":""quality-module-3"",""quality"":""legendary""},{""module"":""quality-module-3"",""quality"":""legendary""},{""module"":""quality-module-3"",""quality"":""legendary""},{""module"":""quality-module-3"",""quality"":""legendary""}]",4,"[{""module"":""speed-module"",""quality"":""legendary""},{""module"":""speed-module"",""quality"":""legendary""},{""module"":""speed-module"",""quality"":""legendary""},{""module"":""speed-module"",""quality"":""legendary""}]"
81,productivity-module-3-recycling,normal,recycler,legendary,"[{""module"":""quality-module-3"",""quality"":""legendary""},{""module"":""quality-module-3"",""quality"":""legendary""},{""module"":""quality-module-3"",""quality"":""legendary""},{""module"":""quality-module-3"",""quality"":""legendary""}]",5,"[{""module"":""speed-module"",""quality"":""legendary""}]"
81,productivity-module-3,uncommon,electromagnetic-plant,legendary,"[{""module"":""quality-module-3"",""quality"":""legendary""},{""module"":""quality-module-3"",""quality"":""legendary""},{""module"":""quality-module-3"",""quality"":""legendary""},{""module"":""quality-module-3"",""quality"":""legendary""},{""module"":""quality-module-3"",""quality"":""legendary""}]",0,[]
81,productivity-module-3-recycling,uncommon,recycler,legendary,"[{""module"":""quality-module-3"",""quality"":""legendary""},{""module"":""quality-module-3"",""quality"":""legendary""},{""module"":""quality-module-3"",""quality"":""legendary""},{""module"":""quality-module-3"",""quality"":""legendary""}]",0,[]
81,productivity-module-3,rare,electromagnetic-plant,legendary,"[{""module"":""quality-module-3"",""quality"":""legendary""},{""module"":""quality-module-3"",""quality"":""legendary""},{""module"":""quality-module-3"",""quality"":""legendary""},{""module"":""quality-module-3"",""quality"":""legendary""},{""module"":""quality-module-3"",""quality"":""legendary""}]",0,[]
81,productivity-module-3-recycling,rare,recycler,legendary,"[{""module"":""quality-module-3"",""quality"":""legendary""},{""module"":""quality-module-3"",""quality"":""legendary""},{""module"":""quality-module-3"",""quality"":""legendary""},{""module"":""quality-module-3"",""quality"":""legendary""}]",0,[]
81,productivity-module-3,epic,electromagnetic-plant,legendary,"[{""module"":""quality-module-3"",""quality"":""legendary""},{""module"":""quality-module-3"",""quality"":""legendary""},{""module"":""quality-module-3"",""quality"":""legendary""},{""module"":""quality-module-3"",""quality"":""legendary""},{""module"":""quality-module-3"",""quality"":""legendary""}]",0,[]
81,productivity-module-3-recycling,epic,recycler,legendary,"[{""module"":""quality-module-3"",""quality"":""legendary""},{""module"":""quality-module-3"",""quality"":""legendary""},{""module"":""quality-module-3"",""quality"":""legendary""},{""module"":""quality-module-3"",""quality"":""legendary""}]",0,[]
81,productivity-module-3,legendary,electromagnetic-plant,legendary,"[{""module"":""speed-module-3"",""quality"":""legendary""},{""module"":""speed-module-3"",""quality"":""legendary""},{""module"":""speed-module-3"",""quality"":""legendary""},{""module"":""speed-module-3"",""quality"":""legendary""},{""module"":""speed-module-3"",""quality"":""legendary""}]",12,"[{""module"":""speed-module-3"",""quality"":""legendary""},{""module"":""speed-module-3"",""quality"":""legendary""},{""module"":""speed-module-3"",""quality"":""legendary""},{""module"":""speed-module-3"",""quality"":""legendary""},{""module"":""speed-module-3"",""quality"":""legendary""},{""module"":""speed-module-3"",""quality"":""legendary""},{""module"":""speed-module-3"",""quality"":""legendary""},{""module"":""speed-module-3"",""quality"":""legendary""},{""module"":""speed-module-3"",""quality"":""legendary""},{""module"":""speed-module-3"",""quality"":""legendary""},{""module"":""speed-module-3"",""quality"":""legendary""},{""module"":""speed-module-3"",""quality"":""legendary""},{""module"":""speed-module-3"",""quality"":""legendary""},{""module"":""speed-module-3"",""quality"":""legendary""},{""module"":""speed-module-3"",""quality"":""legendary""},{""module"":""speed-module-3"",""quality"":""legendary""},{""module"":""speed-module-3"",""quality"":""legendary""},{""module"":""speed-module-3"",""quality"":""legendary""},{""module"":""speed-module-3"",""quality"":""legendary""},{""module"":""speed-module-3"",""quality"":""legendary""},{""module"":""speed-module-3"",""quality"":""legendary""},{""module"":""speed-module-3"",""quality"":""legendary""},{""module"":""speed-module-3"",""quality"":""legendary""},{""module"":""speed-module-3"",""quality"":""legendary""}]"
81,productivity-module-3-recycling,legendary,recycler,legendary,"[{""module"":""speed-module-3"",""quality"":""legendary""},{""module"":""speed-module-3"",""quality"":""legendary""},{""module"":""speed-module-3"",""quality"":""legendary""},{""module"":""speed-module-3"",""quality"":""legendary""}]",12,"[{""module"":""speed-module-3"",""quality"":""legendary""},{""module"":""speed-module-3"",""quality"":""legendary""},{""module"":""speed-module-3"",""quality"":""legendary""},{""module"":""speed-module-3"",""quality"":""legendary""},{""module"":""speed-module-3"",""quality"":""legendary""},{""module"":""speed-module-3"",""quality"":""legendary""},{""module"":""speed-module-3"",""quality"":""legendary""},{""module"":""speed-module-3"",""quality"":""legendary""},{""module"":""speed-module-3"",""quality"":""legendary""},{""module"":""speed-module-3"",""quality"":""legendary""},{""module"":""speed-module-3"",""quality"":""legendary""},{""module"":""speed-module-3"",""quality"":""legendary""},{""module"":""speed-module-3"",""quality"":""legendary""},{""module"":""speed-module-3"",""quality"":""legendary""},{""module"":""speed-module-3"",""quality"":""legendary""},{""module"":""speed-module-3"",""quality"":""legendary""},{""module"":""speed-module-3"",""quality"":""legendary""},{""module"":""speed-module-3"",""quality"":""legendary""},{""module"":""speed-module-3"",""quality"":""legendary""},{""module"":""speed-module-3"",""quality"":""legendary""},{""module"":""speed-module-3"",""quality"":""legendary""},{""module"":""speed-module-3"",""quality"":""legendary""},{""module"":""speed-module-3"",""quality"":""legendary""},{""module"":""speed-module-3"",""quality"":""legendary""}]"
82,quality-module-2,normal,electromagnetic-plant,legendary,"[{""module"":""quality-module-3"",""quality"":""legendary""},{""module"":""quality-module-3"",""quality"":""legendary""},{""module"":""quality-module-3"",""quality"":""legendary""},{""module"":""quality-module-3"",""quality"":""legendary""},{""module"":""quality-module-3"",""quality"":""legendary""}]",0,[]
82,quality-module-2-recycling,normal,recycler,legendary,"[{""module"":""quality-module-3"",""quality"":""legendary""},{""module"":""quality-module-3"",""quality"":""legendary""},{""module"":""quality-module-3"",""quality"":""legendary""},{""module"":""quality-module-3"",""quality"":""legendary""}]",0,[]
82,quality-module-2,uncommon,electromagnetic-plant,legendary,"[{""module"":""quality-module-3"",""quality"":""legendary""},{""module"":""quality-module-3"",""quality"":""legendary""},{""module"":""quality-module-3"",""quality"":""legendary""},{""module"":""quality-module-3"",""quality"":""legendary""},{""module"":""quality-module-3"",""quality"":""legendary""}]",0,[]
82,quality-module-2-recycling,uncommon,recycler,legendary,"[{""module"":""quality-module-3"",""quality"":""legendary""},{""module"":""quality-module-3"",""quality"":""legendary""},{""module"":""quality-module-3"",""quality"":""legendary""},{""module"":""quality-module-3"",""quality"":""legendary""}]",0,[]
82,quality-module-2,rare,electromagnetic-plant,legendary,"[{""module"":""quality-module-3"",""quality"":""legendary""},{""module"":""quality-module-3"",""quality"":""legendary""},{""module"":""quality-module-3"",""quality"":""legendary""},{""module"":""quality-module-3"",""quality"":""legendary""},{""module"":""quality-module-3"",""quality"":""legendary""}]",0,[]
82,quality-module-2-recycling,rare,recycler,legendary,"[{""module"":""quality-module-3"",""quality"":""legendary""},{""module"":""quality-module-3"",""quality"":""legendary""},{""module"":""quality-module-3"",""quality"":""legendary""},{""module"":""quality-module-3"",""quality"":""legendary""}]",0,[]
82,quality-module-2,epic,electromagnetic-plant,legendary,"[{""module"":""quality-module-3"",""quality"":""legendary""},{""module"":""quality-module-3"",""quality"":""legendary""},{""module"":""quality-module-3"",""quality"":""legendary""},{""module"":""quality-module-3"",""quality"":""legendary""},{""module"":""quality-module-3"",""quality"":""legendary""}]",0,[]
82,quality-module-2-recycling,epic,recycler,legendary,"[{""module"":""quality-module-3"",""quality"":""legendary""},{""module"":""quality-module-3"",""quality"":""legendary""},{""module"":""quality-module-3"",""quality"":""legendary""},{""module"":""quality-module-3"",""quality"":""legendary""}]",0,[]
82,quality-module-2,legendary,electromagnetic-plant,legendary,"[{""module"":""speed-module-3"",""quality"":""legendary""},{""module"":""speed-module-3"",""quality"":""legendary""},{""module"":""speed-module-3"",""quality"":""legendary""},{""module"":""speed-module-3"",""quality"":""legendary""},{""module"":""speed-module-3"",""quality"":""legendary""}]",12,"[{""module"":""speed-module-3"",""quality"":""legendary""},{""module"":""speed-module-3"",""quality"":""legendary""},{""module"":""speed-module-3"",""quality"":""legendary""},{""module"":""speed-module-3"",""quality"":""legendary""},{""module"":""speed-module-3"",""quality"":""legendary""},{""module"":""speed-module-3"",""quality"":""legendary""},{""module"":""speed-module-3"",""quality"":""legendary""},{""module"":""speed-module-3"",""quality"":""legendary""},{""module"":""speed-module-3"",""quality"":""legendary""},{""module"":""speed-module-3"",""quality"":""legendary""},{""module"":""speed-module-3"",""quality"":""legendary""},{""module"":""speed-module-3"",""quality"":""legendary""},{""module"":""speed-module-3"",""quality"":""legendary""},{""module"":""speed-module-3"",""quality"":""legendary""},{""module"":""speed-module-3"",""quality"":""legendary""},{""module"":""speed-module-3"",""quality"":""legendary""},{""module"":""speed-module-3"",""quality"":""legendary""},{""module"":""speed-module-3"",""quality"":""legendary""},{""module"":""speed-module-3"",""quality"":""legendary""},{""module"":""speed-module-3"",""quality"":""legendary""},{""module"":""speed-module-3"",""quality"":""legendary""},{""module"":""speed-module-3"",""quality"":""legendary""},{""module"":""speed-module-3"",""quality"":""legendary""},{""module"":""speed-module-3"",""quality"":""legendary""}]"
82,quality-module-2-recycling,legendary,recycler,legendary,"[{""module"":""speed-module-3"",""quality"":""legendary""},{""module"":""speed-module-3"",""quality"":""legendary""},{""module"":""speed-module-3"",""quality"":""legendary""},{""module"":""speed-module-3"",""quality"":""legendary""}]",12,"[{""module"":""speed-module-3"",""quality"":""legendary""},{""module"":""speed-module-3"",""quality"":""legendary""},{""module"":""speed-module-3"",""quality"":""legendary""},{""module"":""speed-module-3"",""quality"":""legendary""},{""module"":""speed-module-3"",""quality"":""legendary""},{""module"":""speed-module-3"",""quality"":""legendary""},{""module"":""speed-module-3"",""quality"":""legendary""},{""module"":""speed-module-3"",""quality"":""legendary""},{""module"":""speed-module-3"",""quality"":""legendary""},{""module"":""speed-module-3"",""quality"":""legendary""},{""module"":""speed-module-3"",""quality"":""legendary""},{""module"":""speed-module-3"",""quality"":""legendary""},{""module"":""speed-module-3"",""quality"":""legendary""},{""module"":""speed-module-3"",""quality"":""legendary""},{""module"":""speed-module-3"",""quality"":""legendary""},{""module"":""speed-module-3"",""quality"":""legendary""},{""module"":""speed-module-3"",""quality"":""legendary""},{""module"":""speed-module-3"",""quality"":""legendary""},{""module"":""speed-module-3"",""quality"":""legendary""},{""module"":""speed-module-3"",""quality"":""legendary""},{""module"":""speed-module-3"",""quality"":""legendary""},{""module"":""speed-module-3"",""quality"":""legendary""},{""module"":""speed-module-3"",""quality"":""legendary""},{""module"":""speed-module-3"",""quality"":""legendary""}]"
83,quality-module-2,normal,electromagnetic-plant,legendary,"[{""module"":""quality-module-3"",""quality"":""legendary""},{""module"":""quality-module-3"",""quality"":""legendary""},{""module"":""quality-module-3"",""quality"":""legendary""},{""module"":""quality-module-3"",""quality"":""legendary""},{""module"":""quality-module-3"",""quality"":""legendary""}]",4,"[{""module"":""speed-module"",""quality"":""legendary""},{""module"":""speed-module"",""quality"":""legendary""},{""module"":""speed-module"",""quality"":""legendary""},{""module"":""speed-module"",""quality"":""legendary""}]"
83,quality-module-2-recycling,normal,recycler,legendary,"[{""module"":""quality-module-3"",""quality"":""legendary""},{""module"":""quality-module-3"",""quality"":""legendary""},{""module"":""quality-module-3"",""quality"":""legendary""},{""module"":""quality-module-3"",""quality"":""legendary""}]",5,"[{""module"":""speed-module"",""quality"":""legendary""}]"
83,quality-module-2,uncommon,electromagnetic-plant,legendary,"[{""module"":""quality-module-3"",""quality"":""legendary""},{""module"":""quality-module-3"",""quality"":""legendary""},{""module"":""quality-module-3"",""quality"":""legendary""},{""module"":""quality-module-3"",""quality"":""legendary""},{""module"":""quality-module-3"",""quality"":""legendary""}]",0,[]
83,quality-module-2-recycling,uncommon,recycler,legendary,"[{""module"":""quality-module-3"",""quality"":""legendary""},{""module"":""quality-module-3"",""quality"":""legendary""},{""module"":""quality-module-3"",""quality"":""legendary""},{""module"":""quality-module-3"",""quality"":""legendary""}]",0,[]
83,quality-module-2,rare,electromagnetic-plant,legendary,"[{""module"":""quality-module-3"",""quality"":""legendary""},{""module"":""quality-module-3"",""quality"":""legendary""},{""module"":""quality-module-3"",""quality"":""legendary""},{""module"":""quality-module-3"",""quality"":""legendary""},{""module"":""quality-module-3"",""quality"":""legendary""}]",0,[]
83,quality-module-2-recycling,rare,recycler,legendary,"[{""module"":""quality-module-3"",""quality"":""legendary""},{""module"":""quality-module-3"",""quality"":""legendary""},{""module"":""quality-module-3"",""quality"":""legendary""},{""module"":""quality-module-3"",""quality"":""legendary""}]",0,[]
83,quality-module-2,epic,electromagnetic-plant,legendary,"[{""module"":""quality-module-3"",""quality"":""legendary""},{""module"":""quality-module-3"",""quality"":""legendary""},{""module"":""quality-module-3"",""quality"":""legendary""},{""module"":""quality-module-3"",""quality"":""legendary""},{""module"":""quality-module-3"",""quality"":""legendary""}]",0,[]
83,quality-module-2-recycling,epic,recycler,legendary,"[{""module"":""quality-module-3"",""quality"":""legendary""},{""module"":""quality-module-3"",""quality"":""legendary""},{""module"":""quality-module-3"",""quality"":""legendary""},{""module"":""quality-module-3"",""quality"":""legendary""}]",0,[]
83,quality-module-2,legendary,electromagnetic-plant,legendary,"[{""module"":""speed-module-3"",""quality"":""legendary""},{""module"":""speed-module-3"",""quality"":""legendary""},{""module"":""speed-module-3"",""quality"":""legendary""},{""module"":""speed-module-3"",""quality"":""legendary""},{""module"":""speed-module-3"",""quality"":""legendary""}]",12,"[{""module"":""speed-module-3"",""quality"":""legendary""},{""module"":""speed-module-3"",""quality"":""legendary""},{""module"":""speed-module-3"",""quality"":""legendary""},{""module"":""speed-module-3"",""quality"":""legendary""},{""module"":""speed-module-3"",""quality"":""legendary""},{""module"":""speed-module-3"",""quality"":""legendary""},{""module"":""speed-module-3"",""quality"":""legendary""},{""module"":""speed-module-3"",""quality"":""legendary""},{""module"":""speed-module-3"",""quality"":""legendary""},{""module"":""speed-module-3"",""quality"":""legendary""},{""module"":""speed-module-3"",""quality"":""legendary""},{""module"":""speed-module-3"",""quality"":""legendary""},{""module"":""speed-module-3"",""quality"":""legendary""},{""module"":""speed-module-3"",""quality"":""legendary""},{""module"":""speed-module-3"",""quality"":""legendary""},{""module"":""speed-module-3"",""quality"":""legendary""},{""module"":""speed-module-3"",""quality"":""legendary""},{""module"":""speed-module-3"",""quality"":""legendary""},{""module"":""speed-module-3"",""quality"":""legendary""},{""module"":""speed-module-3"",""quality"":""legendary""},{""module"":""speed-module-3"",""quality"":""legendary""},{""module"":""speed-module-3"",""quality"":""legendary""},{""module"":""speed-module-3"",""quality"":""legendary""},{""module"":""speed-module-3"",""quality"":""legendary""}]"
83,quality-module-2-recycling,legendary,recycler,legendary,"[{""module"":""speed-module-3"",""quality"":""legendary""},{""module"":""speed-module-3"",""quality"":""legendary""},{""module"":""speed-module-3"",""quality"":""legendary""},{""module"":""speed-module-3"",""quality"":""legendary""}]",12,"[{""module"":""speed-module-3"",""quality"":""legendary""},{""module"":""speed-module-3"",""quality"":""legendary""},{""module"":""speed-module-3"",""quality"":""legendary""},{""module"":""speed-module-3"",""quality"":""legendary""},{""module"":""speed-module-3"",""quality"":""legendary""},{""module"":""speed-module-3"",""quality"":""legendary""},{""module"":""speed-module-3"",""quality"":""legendary""},{""module"":""speed-module-3"",""quality"":""legendary""},{""module"":""speed-module-3"",""quality"":""legendary""},{""module"":""speed-module-3"",""quality"":""legendary""},{""module"":""speed-module-3"",""quality"":""legendary""},{""module"":""speed-module-3"",""quality"":""legendary""},{""module"":""speed-module-3"",""quality"":""legendary""},{""module"":""speed-module-3"",""quality"":""legendary""},{""module"":""speed-module-3"",""quality"":""legendary""},{""module"":""speed-module-3"",""quality"":""legendary""},{""module"":""speed-module-3"",""quality"":""legendary""},{""module"":""speed-module-3"",""quality"":""legendary""},{""module"":""speed-module-3"",""quality"":""legendary""},{""module"":""speed-module-3"",""quality"":""legendary""},{""module"":""speed-module-3"",""quality"":""legendary""},{""module"":""speed-module-3"",""quality"":""legendary""},{""module"":""speed-module-3"",""quality"":""legendary""},{""module"":""speed-module-3"",""quality"":""legendary""}]"
84,quality-module-3,normal,electromagnetic-plant,legendary,"[{""module"":""quality-module-3"",""quality"":""legendary""},{""module"":""quality-module-3"",""quality"":""legendary""},{""module"":""quality-module-3"",""quality"":""legendary""},{""module"":""quality-module-3"",""quality"":""legendary""},{""module"":""quality-module-3"",""quality"":""legendary""}]",0,[]
84,quality-module-3-recycling,normal,recycler,legendary,"[{""module"":""quality-module-3"",""quality"":""legendary""},{""module"":""quality-module-3"",""quality"":""legendary""},{""module"":""quality-module-3"",""quality"":""legendary""},{""module"":""quality-module-3"",""quality"":""legendary""}]",0,[]
84,quality-module-3,uncommon,electromagnetic-plant,legendary,"[{""module"":""quality-module-3"",""quality"":""legendary""},{""module"":""quality-module-3"",""quality"":""legendary""},{""module"":""quality-module-3"",""quality"":""legendary""},{""module"":""quality-module-3"",""quality"":""legendary""},{""module"":""quality-module-3"",""quality"":""legendary""}]",0,[]
84,quality-module-3-recycling,uncommon,recycler,legendary,"[{""module"":""quality-module-3"",""quality"":""legendary""},{""module"":""quality-module-3"",""quality"":""legendary""},{""module"":""quality-module-3"",""quality"":""legendary""},{""module"":""quality-module-3"",""quality"":""legendary""}]",0,[]
84,quality-module-3,rare,electromagnetic-plant,legendary,"[{""module"":""quality-module-3"",""quality"":""legendary""},{""module"":""quality-module-3"",""quality"":""legendary""},{""module"":""quality-module-3"",""quality"":""legendary""},{""module"":""quality-module-3"",""quality"":""legendary""},{""module"":""quality-module-3"",""quality"":""legendary""}]",0,[]
84,quality-module-3-recycling,rare,recycler,legendary,"[{""module"":""quality-module-3"",""quality"":""legendary""},{""module"":""quality-module-3"",""quality"":""legendary""},{""module"":""quality-module-3"",""quality"":""legendary""},{""module"":""quality-module-3"",""quality"":""legendary""}]",0,[]
84,quality-module-3,epic,electromagnetic-plant,legendary,"[{""module"":""quality-module-3"",""quality"":""legendary""},{""module"":""quality-module-3"",""quality"":""legendary""},{""module"":""quality-module-3"",""quality"":""legendary""},{""module"":""quality-module-3"",""quality"":""legendary""},{""module"":""quality-module-3"",""quality"":""legendary""}]",0,[]
84,quality-module-3-recycling,epic,recycler,legendary,"[{""module"":""quality-module-3"",""quality"":""legendary""},{""module"":""quality-module-3"",""quality"":""legendary""},{""module"":""quality-module-3"",""quality"":""legendary""},{""module"":""quality-module-3"",""quality"":""legendary""}]",0,[]
84,quality-module-3,legendary,electromagnetic-plant,legendary,"[{""module"":""speed-module-3"",""quality"":""legendary""},{""module"":""speed-module-3"",""quality"":""legendary""},{""module"":""speed-module-3"",""quality"":""legendary""},{""module"":""speed-module-3"",""quality"":""legendary""},{""module"":""speed-module-3"",""quality"":""legendary""}]",12,"[{""module"":""speed-module-3"",""quality"":""legendary""},{""module"":""speed-module-3"",""quality"":""legendary""},{""module"":""speed-module-3"",""quality"":""legendary""},{""module"":""speed-module-3"",""quality"":""legendary""},{""module"":""speed-module-3"",""quality"":""legendary""},{""module"":""speed-module-3"",""quality"":""legendary""},{""module"":""speed-module-3"",""quality"":""legendary""},{""module"":""speed-module-3"",""quality"":""legendary""},{""module"":""speed-module-3"",""quality"":""legendary""},{""module"":""speed-module-3"",""quality"":""legendary""},{""module"":""speed-module-3"",""quality"":""legendary""},{""module"":""speed-module-3"",""quality"":""legendary""},{""module"":""speed-module-3"",""quality"":""legendary""},{""module"":""speed-module-3"",""quality"":""legendary""},{""module"":""speed-module-3"",""quality"":""legendary""},{""module"":""speed-module-3"",""quality"":""legendary""},{""module"":""speed-module-3"",""quality"":""legendary""},{""module"":""speed-module-3"",""quality"":""legendary""},{""module"":""speed-module-3"",""quality"":""legendary""},{""module"":""speed-module-3"",""quality"":""legendary""},{""module"":""speed-module-3"",""quality"":""legendary""},{""module"":""speed-module-3"",""quality"":""legendary""},{""module"":""speed-module-3"",""quality"":""legendary""},{""module"":""speed-module-3"",""quality"":""legendary""}]"
84,quality-module-3-recycling,legendary,recycler,legendary,"[{""module"":""speed-module-3"",""quality"":""legendary""},{""module"":""speed-module-3"",""quality"":""legendary""},{""module"":""speed-module-3"",""quality"":""legendary""},{""module"":""speed-module-3"",""quality"":""legendary""}]",12,"[{""module"":""speed-module-3"",""quality"":""legendary""},{""module"":""speed-module-3"",""quality"":""legendary""},{""module"":""speed-module-3"",""quality"":""legendary""},{""module"":""speed-module-3"",""quality"":""legendary""},{""module"":""speed-module-3"",""quality"":""legendary""},{""module"":""speed-module-3"",""quality"":""legendary""},{""module"":""speed-module-3"",""quality"":""legendary""},{""module"":""speed-module-3"",""quality"":""legendary""},{""module"":""speed-module-3"",""quality"":""legendary""},{""module"":""speed-module-3"",""quality"":""legendary""},{""module"":""speed-module-3"",""quality"":""legendary""},{""module"":""speed-module-3"",""quality"":""legendary""},{""module"":""speed-module-3"",""quality"":""legendary""},{""module"":""speed-module-3"",""quality"":""legendary""},{""module"":""speed-module-3"",""quality"":""legendary""},{""module"":""speed-module-3"",""quality"":""legendary""},{""module"":""speed-module-3"",""quality"":""legendary""},{""module"":""speed-module-3"",""quality"":""legendary""},{""module"":""speed-module-3"",""quality"":""legendary""},{""module"":""speed-module-3"",""quality"":""legendary""},{""module"":""speed-module-3"",""quality"":""legendary""},{""module"":""speed-module-3"",""quality"":""legendary""},{""module"":""speed-module-3"",""quality"":""legendary""},{""module"":""speed-module-3"",""quality"":""legendary""}]"
85,quality-module-3,normal,electromagnetic-plant,legendary,"[{""module"":""quality-module-3"",""quality"":""legendary""},{""module"":""quality-module-3"",""quality"":""legendary""},{""module"":""quality-module-3"",""quality"":""legendary""},{""module"":""quality-module-3"",""quality"":""legendary""},{""module"":""quality-module-3"",""quality"":""legendary""}]",4,"[{""module"":""speed-module"",""quality"":""legendary""},{""module"":""speed-module"",""quality"":""legendary""},{""module"":""speed-module"",""quality"":""legendary""},{""module"":""speed-module"",""quality"":""legendary""}]"
85,quality-module-3-recycling,normal,recycler,legendary,"[{""module"":""quality-module-3"",""quality"":""legendary""},{""module"":""quality-module-3"",""quality"":""legendary""},{""module"":""quality-module-3"",""quality"":""legendary""},{""module"":""quality-module-3"",""quality"":""legendary""}]",5,"[{""module"":""speed-module"",""quality"":""legendary""}]"
85,quality-module-3,uncommon,electromagnetic-plant,legendary,"[{""module"":""quality-module-3"",""quality"":""legendary""},{""module"":""quality-module-3"",""quality"":""legendary""},{""module"":""quality-module-3"",""quality"":""legendary""},{""module"":""quality-module-3"",""quality"":""legendary""},{""module"":""quality-module-3"",""quality"":""legendary""}]",0,[]
85,quality-module-3-recycling,uncommon,recycler,legendary,"[{""module"":""quality-module-3"",""quality"":""legendary""},{""module"":""quality-module-3"",""quality"":""legendary""},{""module"":""quality-module-3"",""quality"":""legendary""},{""module"":""quality-module-3"",""quality"":""legendary""}]",0,[]
85,quality-module-3,rare,electromagnetic-plant,legendary,"[{""module"":""quality-module-3"",""quality"":""legendary""},{""module"":""quality-module-3"",""quality"":""legendary""},{""module"":""quality-module-3"",""quality"":""legendary""},{""module"":""quality-module-3"",""quality"":""legendary""},{""module"":""quality-module-3"",""quality"":""legendary""}]",0,[]
85,quality-module-3-recycling,rare,recycler,legendary,"[{""module"":""quality-module-3"",""quality"":""legendary""},{""module"":""quality-module-3"",""quality"":""legendary""},{""module"":""quality-module-3"",""quality"":""legendary""},{""module"":""quality-module-3"",""quality"":""legendary""}]",0,[]
85,quality-module-3,epic,electromagnetic-plant,legendary,"[{""module"":""quality-module-3"",""quality"":""legendary""},{""module"":""quality-module-3"",""quality"":""legendary""},{""module"":""quality-module-3"",""quality"":""legendary""},{""module"":""quality-module-3"",""quality"":""legendary""},{""module"":""quality-module-3"",""quality"":""legendary""}]",0,[]
85,quality-module-3-recycling,epic,recycler,legendary,"[{""module"":""quality-module-3"",""quality"":""legendary""},{""module"":""quality-module-3"",""quality"":""legendary""},{""module"":""quality-module-3"",""quality"":""legendary""},{""module"":""quality-module-3"",""quality"":""legendary""}]",0,[]
85,quality-module-3,legendary,electromagnetic-plant,legendary,"[{""module"":""speed-module-3"",""quality"":""legendary""},{""module"":""speed-module-3"",""quality"":""legendary""},{""module"":""speed-module-3"",""quality"":""legendary""},{""module"":""speed-module-3"",""quality"":""legendary""},{""module"":""speed-module-3"",""quality"":""legendary""}]",12,"[{""module"":""speed-module-3"",""quality"":""legendary""},{""module"":""speed-module-3"",""quality"":""legendary""},{""module"":""speed-module-3"",""quality"":""legendary""},{""module"":""speed-module-3"",""quality"":""legendary""},{""module"":""speed-module-3"",""quality"":""legendary""},{""module"":""speed-module-3"",""quality"":""legendary""},{""module"":""speed-module-3"",""quality"":""legendary""},{""module"":""speed-module-3"",""quality"":""legendary""},{""module"":""speed-module-3"",""quality"":""legendary""},{""module"":""speed-module-3"",""quality"":""legendary""},{""module"":""speed-module-3"",""quality"":""legendary""},{""module"":""speed-module-3"",""quality"":""legendary""},{""module"":""speed-module-3"",""quality"":""legendary""},{""module"":""speed-module-3"",""quality"":""legendary""},{""module"":""speed-module-3"",""quality"":""legendary""},{""module"":""speed-module-3"",""quality"":""legendary""},{""module"":""speed-module-3"",""quality"":""legendary""},{""module"":""speed-module-3"",""quality"":""legendary""},{""module"":""speed-module-3"",""quality"":""legendary""},{""module"":""speed-module-3"",""quality"":""legendary""},{""module"":""speed-module-3"",""quality"":""legendary""},{""module"":""speed-module-3"",""quality"":""legendary""},{""module"":""speed-module-3"",""quality"":""legendary""},{""module"":""speed-module-3"",""quality"":""legendary""}]"
85,quality-module-3-recycling,legendary,recycler,legendary,"[{""module"":""speed-module-3"",""quality"":""legendary""},{""module"":""speed-module-3"",""quality"":""legendary""},{""module"":""speed-module-3"",""quality"":""legendary""},{""module"":""speed-module-3"",""quality"":""legendary""}]",12,"[{""module"":""speed-module-3"",""quality"":""legendary""},{""module"":""speed-module-3"",""quality"":""legendary""},{""module"":""speed-module-3"",""quality"":""legendary""},{""module"":""speed-module-3"",""quality"":""legendary""},{""module"":""speed-module-3"",""quality"":""legendary""},{""module"":""speed-module-3"",""quality"":""legendary""},{""module"":""speed-module-3"",""quality"":""legendary""},{""module"":""speed-module-3"",""quality"":""legendary""},{""module"":""speed-module-3"",""quality"":""legendary""},{""module"":""speed-module-3"",""quality"":""legendary""},{""module"":""speed-module-3"",""quality"":""legendary""},{""module"":""speed-module-3"",""quality"":""legendary""},{""module"":""speed-module-3"",""quality"":""legendary""},{""module"":""speed-module-3"",""quality"":""legendary""},{""module"":""speed-module-3"",""quality"":""legendary""},{""module"":""speed-module-3"",""quality"":""legendary""},{""module"":""speed-module-3"",""quality"":""legendary""},{""module"":""speed-module-3"",""quality"":""legendary""},{""module"":""speed-module-3"",""quality"":""legendary""},{""module"":""speed-module-3"",""quality"":""legendary""},{""module"":""speed-module-3"",""quality"":""legendary""},{""module"":""speed-module-3"",""quality"":""legendary""},{""module"":""speed-module-3"",""quality"":""legendary""},{""module"":""speed-module-3"",""quality"":""legendary""}]"
86,quantum-processor,normal,electromagnetic-plant,legendary,"[{""module"":""productivity-module-3"",""quality"":""legendary""},{""module"":""productivity-module-3"",""quality"":""legendary""},{""module"":""quality-module-3"",""quality"":""legendary""},{""module"":""quality-module-3"",""quality"":""legendary""},{""module"":""quality-module-3"",""quality"":""legendary""}]",0,[]
86,quantum-processor-recycling,normal,recycler,legendary,"[{""module"":""quality-module-3"",""quality"":""legendary""},{""module"":""quality-module-3"",""quality"":""legendary""},{""module"":""quality-module-3"",""quality"":""legendary""},{""module"":""quality-module-3"",""quality"":""legendary""}]",0,[]
86,quantum-processor,uncommon,electromagnetic-plant,legendary,"[{""module"":""productivity-module-3"",""quality"":""legendary""},{""module"":""productivity-module-3"",""quality"":""legendary""},{""module"":""quality-module-3"",""quality"":""legendary""},{""module"":""quality-module-3"",""quality"":""legendary""},{""module"":""quality-module-3"",""quality"":""legendary""}]",0,[]
86,quantum-processor-recycling,uncommon,recycler,legendary,"[{""module"":""quality-module-3"",""quality"":""legendary""},{""module"":""quality-module-3"",""quality"":""legendary""},{""module"":""quality-module-3"",""quality"":""legendary""},{""module"":""quality-module-3"",""quality"":""legendary""}]",0,[]
86,quantum-processor,rare,electromagnetic-plant,legendary,"[{""module"":""productivity-module-3"",""quality"":""legendary""},{""module"":""productivity-module-3"",""quality"":""legendary""},{""module"":""quality-module-3"",""quality"":""legendary""},{""module"":""quality-module-3"",""quality"":""legendary""},{""module"":""quality-module-3"",""quality"":""legendary""}]",0,[]
86,quantum-processor-recycling,rare,recycler,legendary,"[{""module"":""quality-module-3"",""quality"":""legendary""},{""module"":""quality-module-3"",""quality"":""legendary""},{""module"":""quality-module-3"",""quality"":""legendary""},{""module"":""quality-module-3"",""quality"":""legendary""}]",0,[]
86,quantum-processor,epic,electromagnetic-plant,legendary,"[{""module"":""productivity-module-3"",""quality"":""legendary""},{""module"":""quality-module-3"",""quality"":""legendary""},{""module"":""quality-module-3"",""quality"":""legendary""},{""module"":""quality-module-3"",""quality"":""legendary""},{""module"":""quality-module-3"",""quality"":""legendary""}]",0,[]
86,quantum-processor-recycling,epic,recycler,legendary,"[{""module"":""quality-module-3"",""quality"":""legendary""},{""module"":""quality-module-3"",""quality"":""legendary""},{""module"":""quality-module-3"",""quality"":""legendary""},{""module"":""quality-module-3"",""quality"":""legendary""}]",0,[]
86,quantum-processor,legendary,electromagnetic-plant,legendary,"[{""module"":""productivity-module-3"",""quality"":""legendary""},{""module"":""productivity-module-3"",""quality"":""legendary""},{""module"":""productivity-module-3"",""quality"":""legendary""},{""module"":""productivity-module-3"",""quality"":""legendary""},{""module"":""productivity-module-3"",""quality"":""legendary""}]",12,"[{""module"":""speed-module-3"",""quality"":""legendary""},{""module"":""speed-module-3"",""quality"":""legendary""},{""module"":""speed-module-3"",""quality"":""legendary""},{""module"":""speed-module-3"",""quality"":""legendary""},{""module"":""speed-module-3"",""quality"":""legendary""},{""module"":""speed-module-3"",""quality"":""legendary""},{""module"":""speed-module-3"",""quality"":""legendary""},{""module"":""speed-module-3"",""quality"":""legendary""},{""module"":""speed-module-3"",""quality"":""legendary""},{""module"":""speed-module-3"",""quality"":""legendary""},{""module"":""speed-module-3"",""quality"":""legendary""},{""module"":""speed-module-3"",""quality"":""legendary""},{""module"":""speed-module-3"",""quality"":""legendary""},{""module"":""speed-module-3"",""quality"":""legendary""},{""module"":""speed-module-3"",""quality"":""legendary""},{""module"":""speed-module-3"",""quality"":""legendary""},{""module"":""speed-module-3"",""quality"":""legendary""},{""module"":""speed-module-3"",""quality"":""legendary""},{""module"":""speed-module-3"",""quality"":""legendary""},{""module"":""speed-module-3"",""quality"":""legendary""},{""module"":""speed-module-3"",""quality"":""legendary""},{""module"":""speed-module-3"",""quality"":""legendary""},{""module"":""speed-module-3"",""quality"":""legendary""},{""module"":""speed-module-3"",""quality"":""legendary""}]"
86,quantum-processor-recycling,legendary,recycler,legendary,"[{""module"":""speed-module-3"",""quality"":""legendary""},{""module"":""speed-module-3"",""quality"":""legendary""},{""module"":""speed-module-3"",""quality"":""legendary""},{""module"":""speed-module-3"",""quality"":""legendary""}]",12,"[{""module"":""speed-module-3"",""quality"":""legendary""},{""module"":""speed-module-3"",""quality"":""legendary""},{""module"":""speed-module-3"",""quality"":""legendary""},{""module"":""speed-module-3"",""quality"":""legendary""},{""module"":""speed-module-3"",""quality"":""legendary""},{""module"":""speed-module-3"",""quality"":""legendary""},{""module"":""speed-module-3"",""quality"":""legendary""},{""module"":""speed-module-3"",""quality"":""legendary""},{""module"":""speed-module-3"",""quality"":""legendary""},{""module"":""speed-module-3"",""quality"":""legendary""},{""module"":""speed-module-3"",""quality"":""legendary""},{""module"":""speed-module-3"",""quality"":""legendary""},{""module"":""speed-module-3"",""quality"":""legendary""},{""module"":""speed-module-3"",""quality"":""legendary""},{""module"":""speed-module-3"",""quality"":""legendary""},{""module"":""speed-module-3"",""quality"":""legendary""},{""module"":""speed-module-3"",""quality"":""legendary""},{""module"":""speed-module-3"",""quality"":""legendary""},{""module"":""speed-module-3"",""quality"":""legendary""},{""module"":""speed-module-3"",""quality"":""legendary""},{""module"":""speed-module-3"",""quality"":""legendary""},{""module"":""speed-module-3"",""quality"":""legendary""},{""module"":""speed-module-3"",""quality"":""legendary""},{""module"":""speed-module-3"",""quality"":""legendary""}]"
87,quantum-processor,normal,electromagnetic-plant,legendary,"[{""module"":""quality-module-3"",""quality"":""legendary""},{""module"":""quality-module-3"",""quality"":""legendary""},{""module"":""quality-module-3"",""quality"":""legendary""},{""module"":""quality-module-3"",""quality"":""legendary""},{""module"":""quality-module-3"",""quality"":""legendary""}]",4,"[{""module"":""speed-module"",""quality"":""legendary""},{""module"":""speed-module"",""quality"":""legendary""},{""module"":""speed-module"",""quality"":""legendary""},{""module"":""speed-module"",""quality"":""legendary""}]"
87,quantum-processor-recycling,normal,recycler,legendary,"[{""module"":""quality-module-3"",""quality"":""legendary""},{""module"":""quality-module-3"",""quality"":""legendary""},{""module"":""quality-module-3"",""quality"":""legendary""},{""module"":""quality-module-3"",""quality"":""legendary""}]",5,"[{""module"":""speed-module"",""quality"":""legendary""}]"
87,quantum-processor,uncommon,electromagnetic-plant,legendary,"[{""module"":""productivity-module-3"",""quality"":""legendary""},{""module"":""quality-module-3"",""quality"":""legendary""},{""module"":""quality-module-3"",""quality"":""legendary""},{""module"":""quality-module-3"",""quality"":""legendary""},{""module"":""quality-module-3"",""quality"":""legendary""}]",0,[]
87,quantum-processor-recycling,uncommon,recycler,legendary,"[{""module"":""quality-module-3"",""quality"":""legendary""},{""module"":""quality-module-3"",""quality"":""legendary""},{""module"":""quality-module-3"",""quality"":""legendary""},{""module"":""quality-module-3"",""quality"":""legendary""}]",0,[]
87,quantum-processor,rare,electromagnetic-plant,legendary,"[{""module"":""productivity-module-3"",""quality"":""legendary""},{""module"":""productivity-module-3"",""quality"":""legendary""},{""module"":""quality-module-3"",""quality"":""legendary""},{""module"":""quality-module-3"",""quality"":""legendary""},{""module"":""quality-module-3"",""quality"":""legendary""}]",0,[]
87,quantum-processor-recycling,rare,recycler,legendary,"[{""module"":""quality-module-3"",""quality"":""legendary""},{""module"":""quality-module-3"",""quality"":""legendary""},{""module"":""quality-module-3"",""quality"":""legendary""},{""module"":""quality-module-3"",""quality"":""legendary""}]",0,[]
87,quantum-processor,epic,electromagnetic-plant,legendary,"[{""module"":""productivity-module-3"",""quality"":""legendary""},{""module"":""quality-module-3"",""quality"":""legendary""},{""module"":""quality-module-3"",""quality"":""legendary""},{""module"":""quality-module-3"",""quality"":""legendary""},{""module"":""quality-module-3"",""quality"":""legendary""}]",0,[]
87,quantum-processor-recycling,epic,recycler,legendary,"[{""module"":""quality-module-3"",""quality"":""legendary""},{""module"":""quality-module-3"",""quality"":""legendary""},{""module"":""quality-module-3"",""quality"":""legendary""},{""module"":""quality-module-3"",""quality"":""legendary""}]",0,[]
87,quantum-processor,legendary,electromagnetic-plant,legendary,"[{""module"":""productivity-module-3"",""quality"":""legendary""},{""module"":""productivity-module-3"",""quality"":""legendary""},{""module"":""productivity-module-3"",""quality"":""legendary""},{""module"":""productivity-module-3"",""quality"":""legendary""},{""module"":""productivity-module-3"",""quality"":""legendary""}]",12,"[{""module"":""speed-module-3"",""quality"":""legendary""},{""module"":""speed-module-3"",""quality"":""legendary""},{""module"":""speed-module-3"",""quality"":""legendary""},{""module"":""speed-module-3"",""quality"":""legendary""},{""module"":""speed-module-3"",""quality"":""legendary""},{""module"":""speed-module-3"",""quality"":""legendary""},{""module"":""speed-module-3"",""quality"":""legendary""},{""module"":""speed-module-3"",""quality"":""legendary""},{""module"":""speed-module-3"",""quality"":""legendary""},{""module"":""speed-module-3"",""quality"":""legendary""},{""module"":""speed-module-3"",""quality"":""legendary""},{""module"":""speed-module-3"",""quality"":""legendary""},{""module"":""speed-module-3"",""quality"":""legendary""},{""module"":""speed-module-3"",""quality"":""legendary""},{""module"":""speed-module-3"",""quality"":""legendary""},{""module"":""speed-module-3"",""quality"":""legendary""},{""module"":""speed-module-3"",""quality"":""legendary""},{""module"":""speed-module-3"",""quality"":""legendary""},{""module"":""speed-module-3"",""quality"":""legendary""},{""module"":""speed-module-3"",""quality"":""legendary""},{""module"":""speed-module-3"",""quality"":""legendary""},{""module"":""speed-module-3"",""quality"":""legendary""},{""module"":""speed-module-3"",""quality"":""legendary""},{""module"":""speed-module-3"",""quality"":""legendary""}]"
87,quantum-processor-recycling,legendary,recycler,legendary,"[{""module"":""speed-module-3"",""quality"":""legendary""},{""module"":""speed-module-3"",""quality"":""legendary""},{""module"":""speed-module-3"",""quality"":""legendary""},{""module"":""speed-module-3"",""quality"":""legendary""}]",12,"[{""module"":""speed-module-3"",""quality"":""legendary""},{""module"":""speed-module-3"",""quality"":""legendary""},{""module"":""speed-module-3"",""quality"":""legendary""},{""module"":""speed-module-3"",""quality"":""legendary""},{""module"":""speed-module-3"",""quality"":""legendary""},{""module"":""speed-module-3"",""quality"":""legendary""},{""module"":""speed-module-3"",""quality"":""legendary""},{""module"":""speed-module-3"",""quality"":""legendary""},{""module"":""speed-module-3"",""quality"":""legendary""},{""module"":""speed-module-3"",""quality"":""legendary""},{""module"":""speed-module-3"",""quality"":""legendary""},{""module"":""speed-module-3"",""quality"":""legendary""},{""module"":""speed-module-3"",""quality"":""legendary""},{""module"":""speed-module-3"",""quality"":""legendary""},{""module"":""speed-module-3"",""quality"":""legendary""},{""module"":""speed-module-3"",""quality"":""legendary""},{""module"":""speed-module-3"",""quality"":""legendary""},{""module"":""speed-module-3"",""quality"":""legendary""},{""module"":""speed-module-3"",""quality"":""legendary""},{""module"":""speed-module-3"",""quality"":""legendary""},{""module"":""speed-module-3"",""quality"":""legendary""},{""module"":""speed-module-3"",""quality"":""legendary""},{""module"":""speed-module-3"",""quality"":""legendary""},{""module"":""speed-module-3"",""quality"":""legendary""}]"
88,recycler,normal,assembling-machine-3,legendary,"[{""module"":""quality-module-3"",""quality"":""legendary""},{""module"":""quality-module-3"",""quality"":""legendary""},{""module"":""quality-module-3"",""quality"":""legendary""},{""module"":""quality-module-3"",""quality"":""legendary""}]",0,[]
88,recycler-recycling,normal,recycler,legendary,"[{""module"":""quality-module-3"",""quality"":""legendary""},{""module"":""quality-module-3"",""quality"":""legendary""},{""module"":""quality-module-3"",""quality"":""legendary""},{""module"":""quality-module-3"",""quality"":""legendary""}]",0,[]
88,recycler,uncommon,assembling-machine-3,legendary,"[{""module"":""quality-module-3"",""quality"":""legendary""},{""module"":""quality-module-3"",""quality"":""legendary""},{""module"":""quality-module-3"",""quality"":""legendary""},{""module"":""quality-module-3"",""quality"":""legendary""}]",0,[]
88,recycler-recycling,uncommon,recycler,legendary,"[{""module"":""quality-module-3"",""quality"":""legendary""},{""module"":""quality-module-3"",""quality"":""legendary""},{""module"":""quality-module-3"",""quality"":""legendary""},{""module"":""quality-module-3"",""quality"":""legendary""}]",0,[]
88,recycler,rare,assembling-machine-3,legendary,"[{""module"":""quality-module-3"",""quality"":""legendary""},{""module"":""quality-module-3"",""quality"":""legendary""},{""module"":""quality-module-3"",""quality"":""legendary""},{""module"":""quality-module-3"",""quality"":""legendary""}]",0,[]
88,recycler-recycling,rare,recycler,legendary,"[{""module"":""quality-module-3"",""quality"":""legendary""},{""module"":""quality-module-3"",""quality"":""legendary""},{""module"":""quality-module-3"",""quality"":""legendary""},{""module"":""quality-module-3"",""quality"":""legendary""}]",0,[]
88,recycler,epic,assembling-machine-3,legendary,"[{""module"":""quality-module-3"",""quality"":""legendary""},{""module"":""quality-module-3"",""quality"":""legendary""},{""module"":""quality-module-3"",""quality"":""legendary""},{""module"":""quality-module-3"",""quality"":""legendary""}]",0,[]
88,recycler-recycling,epic,recycler,legendary,"[{""module"":""quality-module-3"",""quality"":""legendary""},{""module"":""quality-module-3"",""quality"":""legendary""},{""module"":""quality-module-3"",""quality"":""legendary""},{""module"":""quality-module-3"",""quality"":""legendary""}]",0,[]
88,recycler,legendary,assembling-machine-3,legendary,"[{""module"":""speed-module-3"",""quality"":""legendary""},{""module"":""speed-module-3"",""quality"":""legendary""},{""module"":""speed-module-3"",""quality"":""legendary""},{""module"":""speed-module-3"",""quality"":""legendary""}]",12,"[{""module"":""speed-module-3"",""quality"":""legendary""},{""module"":""speed-module-3"",""quality"":""legendary""},{""module"":""speed-module-3"",""quality"":""legendary""},{""module"":""speed-module-3"",""quality"":""legendary""},{""module"":""speed-module-3"",""quality"":""legendary""},{""module"":""speed-module-3"",""quality"":""legendary""},{""module"":""speed-module-3"",""quality"":""legendary""},{""module"":""speed-module-3"",""quality"":""legendary""},{""module"":""speed-module-3"",""quality"":""legendary""},{""module"":""speed-module-3"",""quality"":""legendary""},{""module"":""speed-module-3"",""quality"":""legendary""},{""module"":""speed-module-3"",""quality"":""legendary""},{""module"":""speed-module-3"",""quality"":""legendary""},{""module"":""speed-module-3"",""quality"":""legendary""},{""module"":""speed-module-3"",""quality"":""legendary""},{""module"":""speed-module-3"",""quality"":""legendary""},{""module"":""speed-module-3"",""quality"":""legendary""},{""module"":""speed-module-3"",""quality"":""legendary""},{""module"":""speed-module-3"",""quality"":""legendary""},{""module"":""speed-module-3"",""quality"":""legendary""},{""module"":""speed-module-3"",""quality"":""legendary""},{""module"":""speed-module-3"",""quality"":""legendary""},{""module"":""speed-module-3"",""quality"":""legendary""},{""module"":""speed-module-3"",""quality"":""legendary""}]"
88,recycler-recycling,legendary,recycler,legendary,"[{""module"":""speed-module-3"",""quality"":""legendary""},{""module"":""speed-module-3"",""quality"":""legendary""},{""module"":""speed-module-3"",""quality"":""legendary""},{""module"":""speed-module-3"",""quality"":""legendary""}]",12,"[{""module"":""speed-module-3"",""quality"":""legendary""},{""module"":""speed-module-3"",""quality"":""legendary""},{""module"":""speed-module-3"",""quality"":""legendary""},{""module"":""speed-module-3"",""quality"":""legendary""},{""module"":""speed-module-3"",""quality"":""legendary""},{""module"":""speed-module-3"",""quality"":""legendary""},{""module"":""speed-module-3"",""quality"":""legendary""},{""module"":""speed-module-3"",""quality"":""legendary""},{""module"":""speed-module-3"",""quality"":""legendary""},{""module"":""speed-module-3"",""quality"":""legendary""},{""module"":""speed-module-3"",""quality"":""legendary""},{""module"":""speed-module-3"",""quality"":""legendary""},{""module"":""speed-module-3"",""quality"":""legendary""},{""module"":""speed-module-3"",""quality"":""legendary""},{""module"":""speed-module-3"",""quality"":""legendary""},{""module"":""speed-module-3"",""quality"":""legendary""},{""module"":""speed-module-3"",""quality"":""legendary""},{""module"":""speed-module-3"",""quality"":""legendary""},{""module"":""speed-module-3"",""quality"":""legendary""},{""module"":""speed-module-3"",""quality"":""legendary""},{""module"":""speed-module-3"",""quality"":""legendary""},{""module"":""speed-module-3"",""quality"":""legendary""},{""module"":""speed-module-3"",""quality"":""legendary""},{""module"":""speed-module-3"",""quality"":""legendary""}]"
89,recycler,normal,assembling-machine-3,legendary,"[{""module"":""speed-module-3"",""quality"":""legendary""},{""module"":""speed-module-3"",""quality"":""legendary""},{""module"":""speed-module-3"",""quality"":""legendary""},{""module"":""speed-module-3"",""quality"":""legendary""}]",12,"[{""module"":""speed-module-3"",""quality"":""legendary""},{""module"":""speed-module-3"",""quality"":""legendary""},{""module"":""speed-module-3"",""quality"":""legendary""},{""module"":""speed-module-3"",""quality"":""legendary""},{""module"":""speed-module-3"",""quality"":""legendary""},{""module"":""speed-module-3"",""quality"":""legendary""},{""module"":""speed-module-3"",""quality"":""legendary""},{""module"":""speed-module-3"",""quality"":""legendary""},{""module"":""speed-module-3"",""quality"":""legendary""},{""module"":""speed-module-3"",""quality"":""legendary""},{""module"":""speed-module-3"",""quality"":""legendary""},{""module"":""speed-module-3"",""quality"":""legendary""},{""module"":""speed-module-3"",""quality"":""legendary""},{""module"":""speed-module-3"",""quality"":""legendary""},{""module"":""speed-module-3"",""quality"":""legendary""},{""module"":""speed-module-3"",""quality"":""legendary""},{""module"":""speed-module-3"",""quality"":""legendary""},{""module"":""speed-module-3"",""quality"":""legendary""},{""module"":""speed-module-3"",""quality"":""legendary""},{""module"":""speed-module-3"",""quality"":""legendary""},{""module"":""speed-module-3"",""quality"":""legendary""},{""module"":""speed-module-3"",""quality"":""legendary""},{""module"":""speed-module-3"",""quality"":""legendary""},{""module"":""speed-module-3"",""quality"":""legendary""}]"
89,recycler-recycling,normal,recycler,legendary,"[{""module"":""quality-module-3"",""quality"":""legendary""},{""module"":""quality-module-3"",""quality"":""legendary""},{""module"":""quality-module-3"",""quality"":""legendary""},{""module"":""quality-module-3"",""quality"":""legendary""}]",10,"[{""module"":""speed-module-2"",""quality"":""legendary""}]"
89,recycler,uncommon,assembling-machine-3,legendary,"[{""module"":""quality-module-3"",""quality"":""legendary""},{""module"":""quality-module-3"",""quality"":""legendary""},{""module"":""quality-module-3"",""quality"":""legendary""},{""module"":""quality-module-3"",""quality"":""legendary""}]",1,"[{""module"":""speed-module"",""quality"":""legendary""}]"
89,recycler-recycling,uncommon,recycler,legendary,"[{""module"":""quality-module-3"",""quality"":""legendary""},{""module"":""quality-module-3"",""quality"":""legendary""},{""module"":""quality-module-3"",""quality"":""legendary""},{""module"":""quality-module-3"",""quality"":""legendary""}]",0,[]
89,recycler,rare,assembling-machine-3,legendary,"[{""module"":""quality-module-3"",""quality"":""legendary""},{""module"":""quality-module-3"",""quality"":""legendary""},{""module"":""quality-module-3"",""quality"":""legendary""},{""module"":""quality-module-3"",""quality"":""legendary""}]",0,[]
89,recycler-recycling,rare,recycler,legendary,"[{""module"":""quality-module-3"",""quality"":""legendary""},{""module"":""quality-module-3"",""quality"":""legendary""},{""module"":""quality-module-3"",""quality"":""legendary""},{""module"":""quality-module-3"",""quality"":""legendary""}]",0,[]
89,recycler,epic,assembling-machine-3,legendary,"[{""module"":""quality-module-3"",""quality"":""legendary""},{""module"":""quality-module-3"",""quality"":""legendary""},{""module"":""quality-module-3"",""quality"":""legendary""},{""module"":""quality-module-3"",""quality"":""legendary""}]",0,[]
89,recycler-recycling,epic,recycler,legendary,"[{""module"":""quality-module-3"",""quality"":""legendary""},{""module"":""quality-module-3"",""quality"":""legendary""},{""module"":""quality-module-3"",""quality"":""legendary""},{""module"":""quality-module-3"",""quality"":""legendary""}]",0,[]
89,recycler,legendary,assembling-machine-3,legendary,"[{""module"":""speed-module-3"",""quality"":""legendary""},{""module"":""speed-module-3"",""quality"":""legendary""},{""module"":""speed-module-3"",""quality"":""legendary""},{""module"":""speed-module-3"",""quality"":""legendary""}]",12,"[{""module"":""speed-module-3"",""quality"":""legendary""},{""module"":""speed-module-3"",""quality"":""legendary""},{""module"":""speed-module-3"",""quality"":""legendary""},{""module"":""speed-module-3"",""quality"":""legendary""},{""module"":""speed-module-3"",""quality"":""legendary""},{""module"":""speed-module-3"",""quality"":""legendary""},{""module"":""speed-module-3"",""quality"":""legendary""},{""module"":""speed-module-3"",""quality"":""legendary""},{""module"":""speed-module-3"",""quality"":""legendary""},{""module"":""speed-module-3"",""quality"":""legendary""},{""module"":""speed-module-3"",""quality"":""legendary""},{""module"":""speed-module-3"",""quality"":""legendary""},{""module"":""speed-module-3"",""quality"":""legendary""},{""module"":""speed-module-3"",""quality"":""legendary""},{""module"":""speed-module-3"",""quality"":""legendary""},{""module"":""speed-module-3"",""quality"":""legendary""},{""module"":""speed-module-3"",""quality"":""legendary""},{""module"":""speed-module-3"",""quality"":""legendary""},{""module"":""speed-module-3"",""quality"":""legendary""},{""module"":""speed-module-3"",""quality"":""legendary""},{""module"":""speed-module-3"",""quality"":""legendary""},{""module"":""speed-module-3"",""quality"":""legendary""},{""module"":""speed-module-3"",""quality"":""legendary""},{""module"":""speed-module-3"",""quality"":""legendary""}]"
89,recycler-recycling,legendary,recycler,legendary,"[{""module"":""speed-module-3"",""quality"":""legendary""},{""module"":""speed-module-3"",""quality"":""legendary""},{""module"":""speed-module-3"",""quality"":""legendary""},{""module"":""speed-module-3"",""quality"":""legendary""}]",12,"[{""module"":""speed-module-3"",""quality"":""legendary""},{""module"":""speed-module-3"",""quality"":""legendary""},{""module"":""speed-module-3"",""quality"":""legendary""},{""module"":""speed-module-3"",""quality"":""legendary""},{""module"":""speed-module-3"",""quality"":""legendary""},{""module"":""speed-module-3"",""quality"":""legendary""},{""module"":""speed-module-3"",""quality"":""legendary""},{""module"":""speed-module-3"",""quality"":""legendary""},{""module"":""speed-module-3"",""quality"":""legendary""},{""module"":""speed-module-3"",""quality"":""legendary""},{""module"":""speed-module-3"",""quality"":""legendary""},{""module"":""speed-module-3"",""quality"":""legendary""},{""module"":""speed-module-3"",""quality"":""legendary""},{""module"":""speed-module-3"",""quality"":""legendary""},{""module"":""speed-module-3"",""quality"":""legendary""},{""module"":""speed-module-3"",""quality"":""legendary""},{""module"":""speed-module-3"",""quality"":""legendary""},{""module"":""speed-module-3"",""quality"":""legendary""},{""module"":""speed-module-3"",""quality"":""legendary""},{""module"":""speed-module-3"",""quality"":""legendary""},{""module"":""speed-module-3"",""quality"":""legendary""},{""module"":""speed-module-3"",""quality"":""legendary""},{""module"":""speed-module-3"",""quality"":""legendary""},{""module"":""speed-module-3"",""quality"":""legendary""}]"
90,rocket-silo,normal,assembling-machine-3,legendary,"[{""module"":""quality-module-3"",""quality"":""legendary""},{""module"":""quality-module-3"",""quality"":""legendary""},{""module"":""quality-module-3"",""quality"":""legendary""},{""module"":""quality-module-3"",""quality"":""legendary""}]",0,[]
90,rocket-silo-recycling,normal,recycler,legendary,"[{""module"":""quality-module-3"",""quality"":""legendary""},{""module"":""quality-module-3"",""quality"":""legendary""},{""module"":""quality-module-3"",""quality"":""legendary""},{""module"":""quality-module-3"",""quality"":""legendary""}]",0,[]
90,rocket-silo,uncommon,assembling-machine-3,legendary,"[{""module"":""quality-module-3"",""quality"":""legendary""},{""module"":""quality-module-3"",""quality"":""legendary""},{""module"":""quality-module-3"",""quality"":""legendary""},{""module"":""quality-module-3"",""quality"":""legendary""}]",0,[]
90,rocket-silo-recycling,uncommon,recycler,legendary,"[{""module"":""quality-module-3"",""quality"":""legendary""},{""module"":""quality-module-3"",""quality"":""legendary""},{""module"":""quality-module-3"",""quality"":""legendary""},{""module"":""quality-module-3"",""quality"":""legendary""}]",0,[]
90,rocket-silo,rare,assembling-machine-3,legendary,"[{""module"":""quality-module-3"",""quality"":""legendary""},{""module"":""quality-module-3"",""quality"":""legendary""},{""module"":""quality-module-3"",""quality"":""legendary""},{""module"":""quality-module-3"",""quality"":""legendary""}]",0,[]
90,rocket-silo-recycling,rare,recycler,legendary,"[{""module"":""quality-module-3"",""quality"":""legendary""},{""module"":""quality-module-3"",""quality"":""legendary""},{""module"":""quality-module-3"",""quality"":""legendary""},{""module"":""quality-module-3"",""quality"":""legendary""}]",0,[]
90,rocket-silo,epic,assembling-machine-3,legendary,"[{""module"":""quality-module-3"",""quality"":""legendary""},{""module"":""quality-module-3"",""quality"":""legendary""},{""module"":""quality-module-3"",""quality"":""legendary""},{""module"":""quality-module-3"",""quality"":""legendary""}]",0,[]
90,rocket-silo-recycling,epic,recycler,legendary,"[{""module"":""quality-module-3"",""quality"":""legendary""},{""module"":""quality-module-3"",""quality"":""legendary""},{""module"":""quality-module-3"",""quality"":""legendary""},{""module"":""quality-module-3"",""quality"":""legendary""}]",0,[]
90,rocket-silo,legendary,assembling-machine-3,legendary,"[{""module"":""speed-module-3"",""quality"":""legendary""},{""module"":""speed-module-3"",""quality"":""legendary""},{""module"":""speed-module-3"",""quality"":""legendary""},{""module"":""speed-module-3"",""quality"":""legendary""}]",12,"[{""module"":""speed-module-3"",""quality"":""legendary""},{""module"":""speed-module-3"",""quality"":""legendary""},{""module"":""speed-module-3"",""quality"":""legendary""},{""module"":""speed-module-3"",""quality"":""legendary""},{""module"":""speed-module-3"",""quality"":""legendary""},{""module"":""speed-module-3"",""quality"":""legendary""},{""module"":""speed-module-3"",""quality"":""legendary""},{""module"":""speed-module-3"",""quality"":""legendary""},{""module"":""speed-module-3"",""quality"":""legendary""},{""module"":""speed-module-3"",""quality"":""legendary""},{""module"":""speed-module-3"",""quality"":""legendary""},{""module"":""speed-module-3"",""quality"":""legendary""},{""module"":""speed-module-3"",""quality"":""legendary""},{""module"":""speed-module-3"",""quality"":""legendary""},{""module"":""speed-module-3"",""quality"":""legendary""},{""module"":""speed-module-3"",""quality"":""legendary""},{""module"":""speed-module-3"",""quality"":""legendary""},{""module"":""speed-module-3"",""quality"":""legendary""},{""module"":""speed-module-3"",""quality"":""legendary""},{""module"":""speed-module-3"",""quality"":""legendary""},{""module"":""speed-module-3"",""quality"":""legendary""},{""module"":""speed-module-3"",""quality"":""legendary""},{""module"":""speed-module-3"",""quality"":""legendary""},{""module"":""speed-module-3"",""quality"":""legendary""}]"
90,rocket-silo-recycling,legendary,recycler,legendary,"[{""module"":""speed-module-3"",""quality"":""legendary""},{""module"":""speed-module-3"",""quality"":""legendary""},{""module"":""speed-module-3"",""quality"":""legendary""},{""module"":""speed-module-3"",""quality"":""legendary""}]",12,"[{""module"":""speed-module-3"",""quality"":""legendary""},{""module"":""speed-module-3"",""quality"":""legendary""},{""module"":""speed-module-3"",""quality"":""legendary""},{""module"":""speed-module-3"",""quality"":""legendary""},{""module"":""speed-module-3"",""quality"":""legendary""},{""module"":""speed-module-3"",""quality"":""legendary""},{""module"":""speed-module-3"",""quality"":""legendary""},{""module"":""speed-module-3"",""quality"":""legendary""},{""module"":""speed-module-3"",""quality"":""legendary""},{""module"":""speed-module-3"",""quality"":""legendary""},{""module"":""speed-module-3"",""quality"":""legendary""},{""module"":""speed-module-3"",""quality"":""legendary""},{""module"":""speed-module-3"",""quality"":""legendary""},{""module"":""speed-module-3"",""quality"":""legendary""},{""module"":""speed-module-3"",""quality"":""legendary""},{""module"":""speed-module-3"",""quality"":""legendary""},{""module"":""speed-module-3"",""quality"":""legendary""},{""module"":""speed-module-3"",""quality"":""legendary""},{""module"":""speed-module-3"",""quality"":""legendary""},{""module"":""speed-module-3"",""quality"":""legendary""},{""module"":""speed-module-3"",""quality"":""legendary""},{""module"":""speed-module-3"",""quality"":""legendary""},{""module"":""speed-module-3"",""quality"":""legendary""},{""module"":""speed-module-3"",""quality"":""legendary""}]"
91,rocket-silo,normal,assembling-machine-3,legendary,"[{""module"":""speed-module-3"",""quality"":""legendary""},{""module"":""speed-module-3"",""quality"":""legendary""},{""module"":""speed-module-3"",""quality"":""legendary""},{""module"":""speed-module-3"",""quality"":""legendary""}]",12,"[{""module"":""speed-module-3"",""quality"":""legendary""},{""module"":""speed-module-3"",""quality"":""legendary""},{""module"":""speed-module-3"",""quality"":""legendary""},{""module"":""speed-module-3"",""quality"":""legendary""},{""module"":""speed-module-3"",""quality"":""legendary""},{""module"":""speed-module-3"",""quality"":""legendary""},{""module"":""speed-module-3"",""quality"":""legendary""},{""module"":""speed-module-3"",""quality"":""legendary""},{""module"":""speed-module-3"",""quality"":""legendary""},{""module"":""speed-module-3"",""quality"":""legendary""},{""module"":""speed-module-3"",""quality"":""legendary""},{""module"":""speed-module-3"",""quality"":""legendary""},{""module"":""speed-module-3"",""quality"":""legendary""},{""module"":""speed-module-3"",""quality"":""legendary""},{""module"":""speed-module-3"",""quality"":""legendary""},{""module"":""speed-module-3"",""quality"":""legendary""},{""module"":""speed-module-3"",""quality"":""legendary""},{""module"":""speed-module-3"",""quality"":""legendary""},{""module"":""speed-module-3"",""quality"":""legendary""},{""module"":""speed-module-3"",""quality"":""legendary""},{""module"":""speed-module-3"",""quality"":""legendary""},{""module"":""speed-module-3"",""quality"":""legendary""},{""module"":""speed-module-3"",""quality"":""legendary""},{""module"":""speed-module-3"",""quality"":""legendary""}]"
91,rocket-silo-recycling,normal,recycler,legendary,"[{""module"":""quality-module-3"",""quality"":""legendary""},{""module"":""quality-module-3"",""quality"":""legendary""},{""module"":""quality-module-3"",""quality"":""legendary""},{""module"":""quality-module-3"",""quality"":""legendary""}]",10,"[{""module"":""speed-module-2"",""quality"":""legendary""}]"
91,rocket-silo,uncommon,assembling-machine-3,legendary,"[{""module"":""quality-module-3"",""quality"":""legendary""},{""module"":""quality-module-3"",""quality"":""legendary""},{""module"":""quality-module-3"",""quality"":""legendary""},{""module"":""quality-module-3"",""quality"":""legendary""}]",1,"[{""module"":""speed-module"",""quality"":""legendary""}]"
91,rocket-silo-recycling,uncommon,recycler,legendary,"[{""module"":""quality-module-3"",""quality"":""legendary""},{""module"":""quality-module-3"",""quality"":""legendary""},{""module"":""quality-module-3"",""quality"":""legendary""},{""module"":""quality-module-3"",""quality"":""legendary""}]",0,[]
91,rocket-silo,rare,assembling-machine-3,legendary,"[{""module"":""quality-module-3"",""quality"":""legendary""},{""module"":""quality-module-3"",""quality"":""legendary""},{""module"":""quality-module-3"",""quality"":""legendary""},{""module"":""quality-module-3"",""quality"":""legendary""}]",0,[]
91,rocket-silo-recycling,rare,recycler,legendary,"[{""module"":""quality-module-3"",""quality"":""legendary""},{""module"":""quality-module-3"",""quality"":""legendary""},{""module"":""quality-module-3"",""quality"":""legendary""},{""module"":""quality-module-3"",""quality"":""legendary""}]",0,[]
91,rocket-silo,epic,assembling-machine-3,legendary,"[{""module"":""quality-module-3"",""quality"":""legendary""},{""module"":""quality-module-3"",""quality"":""legendary""},{""module"":""quality-module-3"",""quality"":""legendary""},{""module"":""quality-module-3"",""quality"":""legendary""}]",0,[]
91,rocket-silo-recycling,epic,recycler,legendary,"[{""module"":""quality-module-3"",""quality"":""legendary""},{""module"":""quality-module-3"",""quality"":""legendary""},{""module"":""quality-module-3"",""quality"":""legendary""},{""module"":""quality-module-3"",""quality"":""legendary""}]",0,[]
91,rocket-silo,legendary,assembling-machine-3,legendary,"[{""module"":""speed-module-3"",""quality"":""legendary""},{""module"":""speed-module-3"",""quality"":""legendary""},{""module"":""speed-module-3"",""quality"":""legendary""},{""module"":""speed-module-3"",""quality"":""legendary""}]",12,"[{""module"":""speed-module-3"",""quality"":""legendary""},{""module"":""speed-module-3"",""quality"":""legendary""},{""module"":""speed-module-3"",""quality"":""legendary""},{""module"":""speed-module-3"",""quality"":""legendary""},{""module"":""speed-module-3"",""quality"":""legendary""},{""module"":""speed-module-3"",""quality"":""legendary""},{""module"":""speed-module-3"",""quality"":""legendary""},{""module"":""speed-module-3"",""quality"":""legendary""},{""module"":""speed-module-3"",""quality"":""legendary""},{""module"":""speed-module-3"",""quality"":""legendary""},{""module"":""speed-module-3"",""quality"":""legendary""},{""module"":""speed-module-3"",""quality"":""legendary""},{""module"":""speed-module-3"",""quality"":""legendary""},{""module"":""speed-module-3"",""quality"":""legendary""},{""module"":""speed-module-3"",""quality"":""legendary""},{""module"":""speed-module-3"",""quality"":""legendary""},{""module"":""speed-module-3"",""quality"":""legendary""},{""module"":""speed-module-3"",""quality"":""legendary""},{""module"":""speed-module-3"",""quality"":""legendary""},{""module"":""speed-module-3"",""quality"":""legendary""},{""module"":""speed-module-3"",""quality"":""legendary""},{""module"":""speed-module-3"",""quality"":""legendary""},{""module"":""speed-module-3"",""quality"":""legendary""},{""module"":""speed-module-3"",""quality"":""legendary""}]"
91,rocket-silo-recycling,legendary,recycler,legendary,"[{""module"":""speed-module-3"",""quality"":""legendary""},{""module"":""speed-module-3"",""quality"":""legendary""},{""module"":""speed-module-3"",""quality"":""legendary""},{""module"":""speed-module-3"",""quality"":""legendary""}]",12,"[{""module"":""speed-module-3"",""quality"":""legendary""},{""module"":""speed-module-3"",""quality"":""legendary""},{""module"":""speed-module-3"",""quality"":""legendary""},{""module"":""speed-module-3"",""quality"":""legendary""},{""module"":""speed-module-3"",""quality"":""legendary""},{""module"":""speed-module-3"",""quality"":""legendary""},{""module"":""speed-module-3"",""quality"":""legendary""},{""module"":""speed-module-3"",""quality"":""legendary""},{""module"":""speed-module-3"",""quality"":""legendary""},{""module"":""speed-module-3"",""quality"":""legendary""},{""module"":""speed-module-3"",""quality"":""legendary""},{""module"":""speed-module-3"",""quality"":""legendary""},{""module"":""speed-module-3"",""quality"":""legendary""},{""module"":""speed-module-3"",""quality"":""legendary""},{""module"":""speed-module-3"",""quality"":""legendary""},{""module"":""speed-module-3"",""quality"":""legendary""},{""module"":""speed-module-3"",""quality"":""legendary""},{""module"":""speed-module-3"",""quality"":""legendary""},{""module"":""speed-module-3"",""quality"":""legendary""},{""module"":""speed-module-3"",""quality"":""legendary""},{""module"":""speed-module-3"",""quality"":""legendary""},{""module"":""speed-module-3"",""quality"":""legendary""},{""module"":""speed-module-3"",""quality"":""legendary""},{""module"":""speed-module-3"",""quality"":""legendary""}]"
92,rocket-turret,normal,assembling-machine-3,legendary,"[{""module"":""quality-module-3"",""quality"":""legendary""},{""module"":""quality-module-3"",""quality"":""legendary""},{""module"":""quality-module-3"",""quality"":""legendary""},{""module"":""quality-module-3"",""quality"":""legendary""}]",0,[]
92,rocket-turret-recycling,normal,recycler,legendary,"[{""module"":""quality-module-3"",""quality"":""legendary""},{""module"":""quality-module-3"",""quality"":""legendary""},{""module"":""quality-module-3"",""quality"":""legendary""},{""module"":""quality-module-3"",""quality"":""legendary""}]",0,[]
92,rocket-turret,uncommon,assembling-machine-3,legendary,"[{""module"":""quality-module-3"",""quality"":""legendary""},{""module"":""quality-module-3"",""quality"":""legendary""},{""module"":""quality-module-3"",""quality"":""legendary""},{""module"":""quality-module-3"",""quality"":""legendary""}]",0,[]
92,rocket-turret-recycling,uncommon,recycler,legendary,"[{""module"":""quality-module-3"",""quality"":""legendary""},{""module"":""quality-module-3"",""quality"":""legendary""},{""module"":""quality-module-3"",""quality"":""legendary""},{""module"":""quality-module-3"",""quality"":""legendary""}]",0,[]
92,rocket-turret,rare,assembling-machine-3,legendary,"[{""module"":""quality-module-3"",""quality"":""legendary""},{""module"":""quality-module-3"",""quality"":""legendary""},{""module"":""quality-module-3"",""quality"":""legendary""},{""module"":""quality-module-3"",""quality"":""legendary""}]",0,[]
92,rocket-turret-recycling,rare,recycler,legendary,"[{""module"":""quality-module-3"",""quality"":""legendary""},{""module"":""quality-module-3"",""quality"":""legendary""},{""module"":""quality-module-3"",""quality"":""legendary""},{""module"":""quality-module-3"",""quality"":""legendary""}]",0,[]
92,rocket-turret,epic,assembling-machine-3,legendary,"[{""module"":""quality-module-3"",""quality"":""legendary""},{""module"":""quality-module-3"",""quality"":""legendary""},{""module"":""quality-module-3"",""quality"":""legendary""},{""module"":""quality-module-3"",""quality"":""legendary""}]",0,[]
92,rocket-turret-recycling,epic,recycler,legendary,"[{""module"":""quality-module-3"",""quality"":""legendary""},{""module"":""quality-module-3"",""quality"":""legendary""},{""module"":""quality-module-3"",""quality"":""legendary""},{""module"":""quality-module-3"",""quality"":""legendary""}]",0,[]
92,rocket-turret,legendary,assembling-machine-3,legendary,"[{""module"":""speed-module-3"",""quality"":""legendary""},{""module"":""speed-module-3"",""quality"":""legendary""},{""module"":""speed-module-3"",""quality"":""legendary""},{""module"":""speed-module-3"",""quality"":""legendary""}]",12,"[{""module"":""speed-module-3"",""quality"":""legendary""},{""module"":""speed-module-3"",""quality"":""legendary""},{""module"":""speed-module-3"",""quality"":""legendary""},{""module"":""speed-module-3"",""quality"":""legendary""},{""module"":""speed-module-3"",""quality"":""legendary""},{""module"":""speed-module-3"",""quality"":""legendary""},{""module"":""speed-module-3"",""quality"":""legendary""},{""module"":""speed-module-3"",""quality"":""legendary""},{""module"":""speed-module-3"",""quality"":""legendary""},{""module"":""speed-module-3"",""quality"":""legendary""},{""module"":""speed-module-3"",""quality"":""legendary""},{""module"":""speed-module-3"",""quality"":""legendary""},{""module"":""speed-module-3"",""quality"":""legendary""},{""module"":""speed-module-3"",""quality"":""legendary""},{""module"":""speed-module-3"",""quality"":""legendary""},{""module"":""speed-module-3"",""quality"":""legendary""},{""module"":""speed-module-3"",""quality"":""legendary""},{""module"":""speed-module-3"",""quality"":""legendary""},{""module"":""speed-module-3"",""quality"":""legendary""},{""module"":""speed-module-3"",""quality"":""legendary""},{""module"":""speed-module-3"",""quality"":""legendary""},{""module"":""speed-module-3"",""quality"":""legendary""},{""module"":""speed-module-3"",""quality"":""legendary""},{""module"":""speed-module-3"",""quality"":""legendary""}]"
92,rocket-turret-recycling,legendary,recycler,legendary,"[{""module"":""speed-module-3"",""quality"":""legendary""},{""module"":""speed-module-3"",""quality"":""legendary""},{""module"":""speed-module-3"",""quality"":""legendary""},{""module"":""speed-module-3"",""quality"":""legendary""}]",12,"[{""module"":""speed-module-3"",""quality"":""legendary""},{""module"":""speed-module-3"",""quality"":""legendary""},{""module"":""speed-module-3"",""quality"":""legendary""},{""module"":""speed-module-3"",""quality"":""legendary""},{""module"":""speed-module-3"",""quality"":""legendary""},{""module"":""speed-module-3"",""quality"":""legendary""},{""module"":""speed-module-3"",""quality"":""legendary""},{""module"":""speed-module-3"",""quality"":""legendary""},{""module"":""speed-module-3"",""quality"":""legendary""},{""module"":""speed-module-3"",""quality"":""legendary""},{""module"":""speed-module-3"",""quality"":""legendary""},{""module"":""speed-module-3"",""quality"":""legendary""},{""module"":""speed-module-3"",""quality"":""legendary""},{""module"":""speed-module-3"",""quality"":""legendary""},{""module"":""speed-module-3"",""quality"":""legendary""},{""module"":""speed-module-3"",""quality"":""legendary""},{""module"":""speed-module-3"",""quality"":""legendary""},{""module"":""speed-module-3"",""quality"":""legendary""},{""module"":""speed-module-3"",""quality"":""legendary""},{""module"":""speed-module-3"",""quality"":""legendary""},{""module"":""speed-module-3"",""quality"":""legendary""},{""module"":""speed-module-3"",""quality"":""legendary""},{""module"":""speed-module-3"",""quality"":""legendary""},{""module"":""speed-module-3"",""quality"":""legendary""}]"
93,rocket-turret,normal,assembling-machine-3,legendary,"[{""module"":""speed-module-3"",""quality"":""legendary""},{""module"":""speed-module-3"",""quality"":""legendary""},{""module"":""speed-module-3"",""quality"":""legendary""},{""module"":""speed-module-3"",""quality"":""legendary""}]",12,"[{""module"":""speed-module-3"",""quality"":""legendary""},{""module"":""speed-module-3"",""quality"":""legendary""},{""module"":""speed-module-3"",""quality"":""legendary""},{""module"":""speed-module-3"",""quality"":""legendary""},{""module"":""speed-module-3"",""quality"":""legendary""},{""module"":""speed-module-3"",""quality"":""legendary""},{""module"":""speed-module-3"",""quality"":""legendary""},{""module"":""speed-module-3"",""quality"":""legendary""},{""module"":""speed-module-3"",""quality"":""legendary""},{""module"":""speed-module-3"",""quality"":""legendary""},{""module"":""speed-module-3"",""quality"":""legendary""},{""module"":""speed-module-3"",""quality"":""legendary""},{""module"":""speed-module-3"",""quality"":""legendary""},{""module"":""speed-module-3"",""quality"":""legendary""},{""module"":""speed-module-3"",""quality"":""legendary""},{""module"":""speed-module-3"",""quality"":""legendary""},{""module"":""speed-module-3"",""quality"":""legendary""},{""module"":""speed-module-3"",""quality"":""legendary""},{""module"":""speed-module-3"",""quality"":""legendary""},{""module"":""speed-module-3"",""quality"":""legendary""},{""module"":""speed-module-3"",""quality"":""legendary""},{""module"":""speed-module-3"",""quality"":""legendary""},{""module"":""speed-module-3"",""quality"":""legendary""},{""module"":""speed-module-3"",""quality"":""legendary""}]"
93,rocket-turret-recycling,normal,recycler,legendary,"[{""module"":""quality-module-3"",""quality"":""legendary""},{""module"":""quality-module-3"",""quality"":""legendary""},{""module"":""quality-module-3"",""quality"":""legendary""},{""module"":""quality-module-3"",""quality"":""legendary""}]",10,"[{""module"":""speed-module-2"",""quality"":""legendary""}]"
93,rocket-turret,uncommon,assembling-machine-3,legendary,"[{""module"":""quality-module-3"",""quality"":""legendary""},{""module"":""quality-module-3"",""quality"":""legendary""},{""module"":""quality-module-3"",""quality"":""legendary""},{""module"":""quality-module-3"",""quality"":""legendary""}]",1,"[{""module"":""speed-module"",""quality"":""legendary""}]"
93,rocket-turret-recycling,uncommon,recycler,legendary,"[{""module"":""quality-module-3"",""quality"":""legendary""},{""module"":""quality-module-3"",""quality"":""legendary""},{""module"":""quality-module-3"",""quality"":""legendary""},{""module"":""quality-module-3"",""quality"":""legendary""}]",0,[]
93,rocket-turret,rare,assembling-machine-3,legendary,"[{""module"":""quality-module-3"",""quality"":""legendary""},{""module"":""quality-module-3"",""quality"":""legendary""},{""module"":""quality-module-3"",""quality"":""legendary""},{""module"":""quality-module-3"",""quality"":""legendary""}]",0,[]
93,rocket-turret-recycling,rare,recycler,legendary,"[{""module"":""quality-module-3"",""quality"":""legendary""},{""module"":""quality-module-3"",""quality"":""legendary""},{""module"":""quality-module-3"",""quality"":""legendary""},{""module"":""quality-module-3"",""quality"":""legendary""}]",0,[]
93,rocket-turret,epic,assembling-machine-3,legendary,"[{""module"":""quality-module-3"",""quality"":""legendary""},{""module"":""quality-module-3"",""quality"":""legendary""},{""module"":""quality-module-3"",""quality"":""legendary""},{""module"":""quality-module-3"",""quality"":""legendary""}]",0,[]
93,rocket-turret-recycling,epic,recycler,legendary,"[{""module"":""quality-module-3"",""quality"":""legendary""},{""module"":""quality-module-3"",""quality"":""legendary""},{""module"":""quality-module-3"",""quality"":""legendary""},{""module"":""quality-module-3"",""quality"":""legendary""}]",0,[]
93,rocket-turret,legendary,assembling-machine-3,legendary,"[{""module"":""speed-module-3"",""quality"":""legendary""},{""module"":""speed-module-3"",""quality"":""legendary""},{""module"":""speed-module-3"",""quality"":""legendary""},{""module"":""speed-module-3"",""quality"":""legendary""}]",12,"[{""module"":""speed-module-3"",""quality"":""legendary""},{""module"":""speed-module-3"",""quality"":""legendary""},{""module"":""speed-module-3"",""quality"":""legendary""},{""module"":""speed-module-3"",""quality"":""legendary""},{""module"":""speed-module-3"",""quality"":""legendary""},{""module"":""speed-module-3"",""quality"":""legendary""},{""module"":""speed-module-3"",""quality"":""legendary""},{""module"":""speed-module-3"",""quality"":""legendary""},{""module"":""speed-module-3"",""quality"":""legendary""},{""module"":""speed-module-3"",""quality"":""legendary""},{""module"":""speed-module-3"",""quality"":""legendary""},{""module"":""speed-module-3"",""quality"":""legendary""},{""module"":""speed-module-3"",""quality"":""legendary""},{""module"":""speed-module-3"",""quality"":""legendary""},{""module"":""speed-module-3"",""quality"":""legendary""},{""module"":""speed-module-3"",""quality"":""legendary""},{""module"":""speed-module-3"",""quality"":""legendary""},{""module"":""speed-module-3"",""quality"":""legendary""},{""module"":""speed-module-3"",""quality"":""legendary""},{""module"":""speed-module-3"",""quality"":""legendary""},{""module"":""speed-module-3"",""quality"":""legendary""},{""module"":""speed-module-3"",""quality"":""legendary""},{""module"":""speed-module-3"",""quality"":""legendary""},{""module"":""speed-module-3"",""quality"":""legendary""}]"
93,rocket-turret-recycling,legendary,recycler,legendary,"[{""module"":""speed-module-3"",""quality"":""legendary""},{""module"":""speed-module-3"",""quality"":""legendary""},{""module"":""speed-module-3"",""quality"":""legendary""},{""module"":""speed-module-3"",""quality"":""legendary""}]",12,"[{""module"":""speed-module-3"",""quality"":""legendary""},{""module"":""speed-module-3"",""quality"":""legendary""},{""module"":""speed-module-3"",""quality"":""legendary""},{""module"":""speed-module-3"",""quality"":""legendary""},{""module"":""speed-module-3"",""quality"":""legendary""},{""module"":""speed-module-3"",""quality"":""legendary""},{""module"":""speed-module-3"",""quality"":""legendary""},{""module"":""speed-module-3"",""quality"":""legendary""},{""module"":""speed-module-3"",""quality"":""legendary""},{""module"":""speed-module-3"",""quality"":""legendary""},{""module"":""speed-module-3"",""quality"":""legendary""},{""module"":""speed-module-3"",""quality"":""legendary""},{""module"":""speed-module-3"",""quality"":""legendary""},{""module"":""speed-module-3"",""quality"":""legendary""},{""module"":""speed-module-3"",""quality"":""legendary""},{""module"":""speed-module-3"",""quality"":""legendary""},{""module"":""speed-module-3"",""quality"":""legendary""},{""module"":""speed-module-3"",""quality"":""legendary""},{""module"":""speed-module-3"",""quality"":""legendary""},{""module"":""speed-module-3"",""quality"":""legendary""},{""module"":""speed-module-3"",""quality"":""legendary""},{""module"":""speed-module-3"",""quality"":""legendary""},{""module"":""speed-module-3"",""quality"":""legendary""},{""module"":""speed-module-3"",""quality"":""legendary""}]"
94,space-platform-starter-pack,normal,assembling-machine-3,legendary,"[{""module"":""quality-module-3"",""quality"":""legendary""},{""module"":""quality-module-3"",""quality"":""legendary""},{""module"":""quality-module-3"",""quality"":""legendary""},{""module"":""quality-module-3"",""quality"":""legendary""}]",0,[]
94,space-platform-starter-pack-recycling,normal,recycler,legendary,"[{""module"":""quality-module-3"",""quality"":""legendary""},{""module"":""quality-module-3"",""quality"":""legendary""},{""module"":""quality-module-3"",""quality"":""legendary""},{""module"":""quality-module-3"",""quality"":""legendary""}]",0,[]
94,space-platform-starter-pack,uncommon,assembling-machine-3,legendary,"[{""module"":""quality-module-3"",""quality"":""legendary""},{""module"":""quality-module-3"",""quality"":""legendary""},{""module"":""quality-module-3"",""quality"":""legendary""},{""module"":""quality-module-3"",""quality"":""legendary""}]",0,[]
94,space-platform-starter-pack-recycling,uncommon,recycler,legendary,"[{""module"":""quality-module-3"",""quality"":""legendary""},{""module"":""quality-module-3"",""quality"":""legendary""},{""module"":""quality-module-3"",""quality"":""legendary""},{""module"":""quality-module-3"",""quality"":""legendary""}]",0,[]
94,space-platform-starter-pack,rare,assembling-machine-3,legendary,"[{""module"":""quality-module-3"",""quality"":""legendary""},{""module"":""quality-module-3"",""quality"":""legendary""},{""module"":""quality-module-3"",""quality"":""legendary""},{""module"":""quality-module-3"",""quality"":""legendary""}]",0,[]
94,space-platform-starter-pack-recycling,rare,recycler,legendary,"[{""module"":""quality-module-3"",""quality"":""legendary""},{""module"":""quality-module-3"",""quality"":""legendary""},{""module"":""quality-module-3"",""quality"":""legendary""},{""module"":""quality-module-3"",""quality"":""legendary""}]",0,[]
94,space-platform-starter-pack,epic,assembling-machine-3,legendary,"[{""module"":""quality-module-3"",""quality"":""legendary""},{""module"":""quality-module-3"",""quality"":""legendary""},{""module"":""quality-module-3"",""quality"":""legendary""},{""module"":""quality-module-3"",""quality"":""legendary""}]",0,[]
94,space-platform-starter-pack-recycling,epic,recycler,legendary,"[{""module"":""quality-module-3"",""quality"":""legendary""},{""module"":""quality-module-3"",""quality"":""legendary""},{""module"":""quality-module-3"",""quality"":""legendary""},{""module"":""quality-module-3"",""quality"":""legendary""}]",0,[]
94,space-platform-starter-pack,legendary,assembling-machine-3,legendary,"[{""module"":""speed-module-3"",""quality"":""legendary""},{""module"":""speed-module-3"",""quality"":""legendary""},{""module"":""speed-module-3"",""quality"":""legendary""},{""module"":""speed-module-3"",""quality"":""legendary""}]",12,"[{""module"":""speed-module-3"",""quality"":""legendary""},{""module"":""speed-module-3"",""quality"":""legendary""},{""module"":""speed-module-3"",""quality"":""legendary""},{""module"":""speed-module-3"",""quality"":""legendary""},{""module"":""speed-module-3"",""quality"":""legendary""},{""module"":""speed-module-3"",""quality"":""legendary""},{""module"":""speed-module-3"",""quality"":""legendary""},{""module"":""speed-module-3"",""quality"":""legendary""},{""module"":""speed-module-3"",""quality"":""legendary""},{""module"":""speed-module-3"",""quality"":""legendary""},{""module"":""speed-module-3"",""quality"":""legendary""},{""module"":""speed-module-3"",""quality"":""legendary""},{""module"":""speed-module-3"",""quality"":""legendary""},{""module"":""speed-module-3"",""quality"":""legendary""},{""module"":""speed-module-3"",""quality"":""legendary""},{""module"":""speed-module-3"",""quality"":""legendary""},{""module"":""speed-module-3"",""quality"":""legendary""},{""module"":""speed-module-3"",""quality"":""legendary""},{""module"":""speed-module-3"",""quality"":""legendary""},{""module"":""speed-module-3"",""quality"":""legendary""},{""module"":""speed-module-3"",""quality"":""legendary""},{""module"":""speed-module-3"",""quality"":""legendary""},{""module"":""speed-module-3"",""quality"":""legendary""},{""module"":""speed-module-3"",""quality"":""legendary""}]"
94,space-platform-starter-pack-recycling,legendary,recycler,legendary,"[{""module"":""speed-module-3"",""quality"":""legendary""},{""module"":""speed-module-3"",""quality"":""legendary""},{""module"":""speed-module-3"",""quality"":""legendary""},{""module"":""speed-module-3"",""quality"":""legendary""}]",12,"[{""module"":""speed-module-3"",""quality"":""legendary""},{""module"":""speed-module-3"",""quality"":""legendary""},{""module"":""speed-module-3"",""quality"":""legendary""},{""module"":""speed-module-3"",""quality"":""legendary""},{""module"":""speed-module-3"",""quality"":""legendary""},{""module"":""speed-module-3"",""quality"":""legendary""},{""module"":""speed-module-3"",""quality"":""legendary""},{""module"":""speed-module-3"",""quality"":""legendary""},{""module"":""speed-module-3"",""quality"":""legendary""},{""module"":""speed-module-3"",""quality"":""legendary""},{""module"":""speed-module-3"",""quality"":""legendary""},{""module"":""speed-module-3"",""quality"":""legendary""},{""module"":""speed-module-3"",""quality"":""legendary""},{""module"":""speed-module-3"",""quality"":""legendary""},{""module"":""speed-module-3"",""quality"":""legendary""},{""module"":""speed-module-3"",""quality"":""legendary""},{""module"":""speed-module-3"",""quality"":""legendary""},{""module"":""speed-module-3"",""quality"":""legendary""},{""module"":""speed-module-3"",""quality"":""legendary""},{""module"":""speed-module-3"",""quality"":""legendary""},{""module"":""speed-module-3"",""quality"":""legendary""},{""module"":""speed-module-3"",""quality"":""legendary""},{""module"":""speed-module-3"",""quality"":""legendary""},{""module"":""speed-module-3"",""quality"":""legendary""}]"
95,space-platform-starter-pack,normal,assembling-machine-3,legendary,"[{""module"":""speed-module-3"",""quality"":""legendary""},{""module"":""speed-module-3"",""quality"":""legendary""},{""module"":""speed-module-3"",""quality"":""legendary""},{""module"":""speed-module-3"",""quality"":""legendary""}]",12,"[{""module"":""speed-module-3"",""quality"":""legendary""},{""module"":""speed-module-3"",""quality"":""legendary""},{""module"":""speed-module-3"",""quality"":""legendary""},{""module"":""speed-module-3"",""quality"":""legendary""},{""module"":""speed-module-3"",""quality"":""legendary""},{""module"":""speed-module-3"",""quality"":""legendary""},{""module"":""speed-module-3"",""quality"":""legendary""},{""module"":""speed-module-3"",""quality"":""legendary""},{""module"":""speed-module-3"",""quality"":""legendary""},{""module"":""speed-module-3"",""quality"":""legendary""},{""module"":""speed-module-3"",""quality"":""legendary""},{""module"":""speed-module-3"",""quality"":""legendary""},{""module"":""speed-module-3"",""quality"":""legendary""},{""module"":""speed-module-3"",""quality"":""legendary""},{""module"":""speed-module-3"",""quality"":""legendary""},{""module"":""speed-module-3"",""quality"":""legendary""},{""module"":""speed-module-3"",""quality"":""legendary""},{""module"":""speed-module-3"",""quality"":""legendary""},{""module"":""speed-module-3"",""quality"":""legendary""},{""module"":""speed-module-3"",""quality"":""legendary""},{""module"":""speed-module-3"",""quality"":""legendary""},{""module"":""speed-module-3"",""quality"":""legendary""},{""module"":""speed-module-3"",""quality"":""legendary""},{""module"":""speed-module-3"",""quality"":""legendary""}]"
95,space-platform-starter-pack-recycling,normal,recycler,legendary,"[{""module"":""quality-module-3"",""quality"":""legendary""},{""module"":""quality-module-3"",""quality"":""legendary""},{""module"":""quality-module-3"",""quality"":""legendary""},{""module"":""quality-module-3"",""quality"":""legendary""}]",10,"[{""module"":""speed-module-2"",""quality"":""legendary""}]"
95,space-platform-starter-pack,uncommon,assembling-machine-3,legendary,"[{""module"":""quality-module-3"",""quality"":""legendary""},{""module"":""quality-module-3"",""quality"":""legendary""},{""module"":""quality-module-3"",""quality"":""legendary""},{""module"":""quality-module-3"",""quality"":""legendary""}]",1,"[{""module"":""speed-module"",""quality"":""legendary""}]"
95,space-platform-starter-pack-recycling,uncommon,recycler,legendary,"[{""module"":""quality-module-3"",""quality"":""legendary""},{""module"":""quality-module-3"",""quality"":""legendary""},{""module"":""quality-module-3"",""quality"":""legendary""},{""module"":""quality-module-3"",""quality"":""legendary""}]",0,[]
95,space-platform-starter-pack,rare,assembling-machine-3,legendary,"[{""module"":""quality-module-3"",""quality"":""legendary""},{""module"":""quality-module-3"",""quality"":""legendary""},{""module"":""quality-module-3"",""quality"":""legendary""},{""module"":""quality-module-3"",""quality"":""legendary""}]",0,[]
95,space-platform-starter-pack-recycling,rare,recycler,legendary,"[{""module"":""quality-module-3"",""quality"":""legendary""},{""module"":""quality-module-3"",""quality"":""legendary""},{""module"":""quality-module-3"",""quality"":""legendary""},{""module"":""quality-module-3"",""quality"":""legendary""}]",0,[]
95,space-platform-starter-pack,epic,assembling-machine-3,legendary,"[{""module"":""quality-module-3"",""quality"":""legendary""},{""module"":""quality-module-3"",""quality"":""legendary""},{""module"":""quality-module-3"",""quality"":""legendary""},{""module"":""quality-module-3"",""quality"":""legendary""}]",0,[]
95,space-platform-starter-pack-recycling,epic,recycler,legendary,"[{""module"":""quality-module-3"",""quality"":""legendary""},{""module"":""quality-module-3"",""quality"":""legendary""},{""module"":""quality-module-3"",""quality"":""legendary""},{""module"":""quality-module-3"",""quality"":""legendary""}]",0,[]
95,space-platform-starter-pack,legendary,assembling-machine-3,legendary,"[{""module"":""speed-module-3"",""quality"":""legendary""},{""module"":""speed-module-3"",""quality"":""legendary""},{""module"":""speed-module-3"",""quality"":""legendary""},{""module"":""speed-module-3"",""quality"":""legendary""}]",12,"[{""module"":""speed-module-3"",""quality"":""legendary""},{""module"":""speed-module-3"",""quality"":""legendary""},{""module"":""speed-module-3"",""quality"":""legendary""},{""module"":""speed-module-3"",""quality"":""legendary""},{""module"":""speed-module-3"",""quality"":""legendary""},{""module"":""speed-module-3"",""quality"":""legendary""},{""module"":""speed-module-3"",""quality"":""legendary""},{""module"":""speed-module-3"",""quality"":""legendary""},{""module"":""speed-module-3"",""quality"":""legendary""},{""module"":""speed-module-3"",""quality"":""legendary""},{""module"":""speed-module-3"",""quality"":""legendary""},{""module"":""speed-module-3"",""quality"":""legendary""},{""module"":""speed-module-3"",""quality"":""legendary""},{""module"":""speed-module-3"",""quality"":""legendary""},{""module"":""speed-module-3"",""quality"":""legendary""},{""module"":""speed-module-3"",""quality"":""legendary""},{""module"":""speed-module-3"",""quality"":""legendary""},{""module"":""speed-module-3"",""quality"":""legendary""},{""module"":""speed-module-3"",""quality"":""legendary""},{""module"":""speed-module-3"",""quality"":""legendary""},{""module"":""speed-module-3"",""quality"":""legendary""},{""module"":""speed-module-3"",""quality"":""legendary""},{""module"":""speed-module-3"",""quality"":""legendary""},{""module"":""speed-module-3"",""quality"":""legendary""}]"
95,space-platform-starter-pack-recycling,legendary,recycler,legendary,"[{""module"":""speed-module-3"",""quality"":""legendary""},{""module"":""speed-module-3"",""quality"":""legendary""},{""module"":""speed-module-3"",""quality"":""legendary""},{""module"":""speed-module-3"",""quality"":""legendary""}]",12,"[{""module"":""speed-module-3"",""quality"":""legendary""},{""module"":""speed-module-3"",""quality"":""legendary""},{""module"":""speed-module-3"",""quality"":""legendary""},{""module"":""speed-module-3"",""quality"":""legendary""},{""module"":""speed-module-3"",""quality"":""legendary""},{""module"":""speed-module-3"",""quality"":""legendary""},{""module"":""speed-module-3"",""quality"":""legendary""},{""module"":""speed-module-3"",""quality"":""legendary""},{""module"":""speed-module-3"",""quality"":""legendary""},{""module"":""speed-module-3"",""quality"":""legendary""},{""module"":""speed-module-3"",""quality"":""legendary""},{""module"":""speed-module-3"",""quality"":""legendary""},{""module"":""speed-module-3"",""quality"":""legendary""},{""module"":""speed-module-3"",""quality"":""legendary""},{""module"":""speed-module-3"",""quality"":""legendary""},{""module"":""speed-module-3"",""quality"":""legendary""},{""module"":""speed-module-3"",""quality"":""legendary""},{""module"":""speed-module-3"",""quality"":""legendary""},{""module"":""speed-module-3"",""quality"":""legendary""},{""module"":""speed-module-3"",""quality"":""legendary""},{""module"":""speed-module-3"",""quality"":""legendary""},{""module"":""speed-module-3"",""quality"":""legendary""},{""module"":""speed-module-3"",""quality"":""legendary""},{""module"":""speed-module-3"",""quality"":""legendary""}]"
96,speed-module-2,normal,electromagnetic-plant,legendary,"[{""module"":""quality-module-3"",""quality"":""legendary""},{""module"":""quality-module-3"",""quality"":""legendary""},{""module"":""quality-module-3"",""quality"":""legendary""},{""module"":""quality-module-3"",""quality"":""legendary""},{""module"":""quality-module-3"",""quality"":""legendary""}]",0,[]
96,speed-module-2-recycling,normal,recycler,legendary,"[{""module"":""quality-module-3"",""quality"":""legendary""},{""module"":""quality-module-3"",""quality"":""legendary""},{""module"":""quality-module-3"",""quality"":""legendary""},{""module"":""quality-module-3"",""quality"":""legendary""}]",0,[]
96,speed-module-2,uncommon,electromagnetic-plant,legendary,"[{""module"":""quality-module-3"",""quality"":""legendary""},{""module"":""quality-module-3"",""quality"":""legendary""},{""module"":""quality-module-3"",""quality"":""legendary""},{""module"":""quality-module-3"",""quality"":""legendary""},{""module"":""quality-module-3"",""quality"":""legendary""}]",0,[]
96,speed-module-2-recycling,uncommon,recycler,legendary,"[{""module"":""quality-module-3"",""quality"":""legendary""},{""module"":""quality-module-3"",""quality"":""legendary""},{""module"":""quality-module-3"",""quality"":""legendary""},{""module"":""quality-module-3"",""quality"":""legendary""}]",0,[]
96,speed-module-2,rare,electromagnetic-plant,legendary,"[{""module"":""quality-module-3"",""quality"":""legendary""},{""module"":""quality-module-3"",""quality"":""legendary""},{""module"":""quality-module-3"",""quality"":""legendary""},{""module"":""quality-module-3"",""quality"":""legendary""},{""module"":""quality-module-3"",""quality"":""legendary""}]",0,[]
96,speed-module-2-recycling,rare,recycler,legendary,"[{""module"":""quality-module-3"",""quality"":""legendary""},{""module"":""quality-module-3"",""quality"":""legendary""},{""module"":""quality-module-3"",""quality"":""legendary""},{""module"":""quality-module-3"",""quality"":""legendary""}]",0,[]
96,speed-module-2,epic,electromagnetic-plant,legendary,"[{""module"":""quality-module-3"",""quality"":""legendary""},{""module"":""quality-module-3"",""quality"":""legendary""},{""module"":""quality-module-3"",""quality"":""legendary""},{""module"":""quality-module-3"",""quality"":""legendary""},{""module"":""quality-module-3"",""quality"":""legendary""}]",0,[]
96,speed-module-2-recycling,epic,recycler,legendary,"[{""module"":""quality-module-3"",""quality"":""legendary""},{""module"":""quality-module-3"",""quality"":""legendary""},{""module"":""quality-module-3"",""quality"":""legendary""},{""module"":""quality-module-3"",""quality"":""legendary""}]",0,[]
96,speed-module-2,legendary,electromagnetic-plant,legendary,"[{""module"":""speed-module-3"",""quality"":""legendary""},{""module"":""speed-module-3"",""quality"":""legendary""},{""module"":""speed-module-3"",""quality"":""legendary""},{""module"":""speed-module-3"",""quality"":""legendary""},{""module"":""speed-module-3"",""quality"":""legendary""}]",12,"[{""module"":""speed-module-3"",""quality"":""legendary""},{""module"":""speed-module-3"",""quality"":""legendary""},{""module"":""speed-module-3"",""quality"":""legendary""},{""module"":""speed-module-3"",""quality"":""legendary""},{""module"":""speed-module-3"",""quality"":""legendary""},{""module"":""speed-module-3"",""quality"":""legendary""},{""module"":""speed-module-3"",""quality"":""legendary""},{""module"":""speed-module-3"",""quality"":""legendary""},{""module"":""speed-module-3"",""quality"":""legendary""},{""module"":""speed-module-3"",""quality"":""legendary""},{""module"":""speed-module-3"",""quality"":""legendary""},{""module"":""speed-module-3"",""quality"":""legendary""},{""module"":""speed-module-3"",""quality"":""legendary""},{""module"":""speed-module-3"",""quality"":""legendary""},{""module"":""speed-module-3"",""quality"":""legendary""},{""module"":""speed-module-3"",""quality"":""legendary""},{""module"":""speed-module-3"",""quality"":""legendary""},{""module"":""speed-module-3"",""quality"":""legendary""},{""module"":""speed-module-3"",""quality"":""legendary""},{""module"":""speed-module-3"",""quality"":""legendary""},{""module"":""speed-module-3"",""quality"":""legendary""},{""module"":""speed-module-3"",""quality"":""legendary""},{""module"":""speed-module-3"",""quality"":""legendary""},{""module"":""speed-module-3"",""quality"":""legendary""}]"
96,speed-module-2-recycling,legendary,recycler,legendary,"[{""module"":""speed-module-3"",""quality"":""legendary""},{""module"":""speed-module-3"",""quality"":""legendary""},{""module"":""speed-module-3"",""quality"":""legendary""},{""module"":""speed-module-3"",""quality"":""legendary""}]",12,"[{""module"":""speed-module-3"",""quality"":""legendary""},{""module"":""speed-module-3"",""quality"":""legendary""},{""module"":""speed-module-3"",""quality"":""legendary""},{""module"":""speed-module-3"",""quality"":""legendary""},{""module"":""speed-module-3"",""quality"":""legendary""},{""module"":""speed-module-3"",""quality"":""legendary""},{""module"":""speed-module-3"",""quality"":""legendary""},{""module"":""speed-module-3"",""quality"":""legendary""},{""module"":""speed-module-3"",""quality"":""legendary""},{""module"":""speed-module-3"",""quality"":""legendary""},{""module"":""speed-module-3"",""quality"":""legendary""},{""module"":""speed-module-3"",""quality"":""legendary""},{""module"":""speed-module-3"",""quality"":""legendary""},{""module"":""speed-module-3"",""quality"":""legendary""},{""module"":""speed-module-3"",""quality"":""legendary""},{""module"":""speed-module-3"",""quality"":""legendary""},{""module"":""speed-module-3"",""quality"":""legendary""},{""module"":""speed-module-3"",""quality"":""legendary""},{""module"":""speed-module-3"",""quality"":""legendary""},{""module"":""speed-module-3"",""quality"":""legendary""},{""module"":""speed-module-3"",""quality"":""legendary""},{""module"":""speed-module-3"",""quality"":""legendary""},{""module"":""speed-module-3"",""quality"":""legendary""},{""module"":""speed-module-3"",""quality"":""legendary""}]"
97,speed-module-2,normal,electromagnetic-plant,legendary,"[{""module"":""quality-module-3"",""quality"":""legendary""},{""module"":""quality-module-3"",""quality"":""legendary""},{""module"":""quality-module-3"",""quality"":""legendary""},{""module"":""quality-module-3"",""quality"":""legendary""},{""module"":""quality-module-3"",""quality"":""legendary""}]",4,"[{""module"":""speed-module"",""quality"":""legendary""},{""module"":""speed-module"",""quality"":""legendary""},{""module"":""speed-module"",""quality"":""legendary""},{""module"":""speed-module"",""quality"":""legendary""}]"
97,speed-module-2-recycling,normal,recycler,legendary,"[{""module"":""quality-module-3"",""quality"":""legendary""},{""module"":""quality-module-3"",""quality"":""legendary""},{""module"":""quality-module-3"",""quality"":""legendary""},{""module"":""quality-module-3"",""quality"":""legendary""}]",5,"[{""module"":""speed-module"",""quality"":""legendary""}]"
97,speed-module-2,uncommon,electromagnetic-plant,legendary,"[{""module"":""quality-module-3"",""quality"":""legendary""},{""module"":""quality-module-3"",""quality"":""legendary""},{""module"":""quality-module-3"",""quality"":""legendary""},{""module"":""quality-module-3"",""quality"":""legendary""},{""module"":""quality-module-3"",""quality"":""legendary""}]",0,[]
97,speed-module-2-recycling,uncommon,recycler,legendary,"[{""module"":""quality-module-3"",""quality"":""legendary""},{""module"":""quality-module-3"",""quality"":""legendary""},{""module"":""quality-module-3"",""quality"":""legendary""},{""module"":""quality-module-3"",""quality"":""legendary""}]",0,[]
97,speed-module-2,rare,electromagnetic-plant,legendary,"[{""module"":""quality-module-3"",""quality"":""legendary""},{""module"":""quality-module-3"",""quality"":""legendary""},{""module"":""quality-module-3"",""quality"":""legendary""},{""module"":""quality-module-3"",""quality"":""legendary""},{""module"":""quality-module-3"",""quality"":""legendary""}]",0,[]
97,speed-module-2-recycling,rare,recycler,legendary,"[{""module"":""quality-module-3"",""quality"":""legendary""},{""module"":""quality-module-3"",""quality"":""legendary""},{""module"":""quality-module-3"",""quality"":""legendary""},{""module"":""quality-module-3"",""quality"":""legendary""}]",0,[]
97,speed-module-2,epic,electromagnetic-plant,legendary,"[{""module"":""quality-module-3"",""quality"":""legendary""},{""module"":""quality-module-3"",""quality"":""legendary""},{""module"":""quality-module-3"",""quality"":""legendary""},{""module"":""quality-module-3"",""quality"":""legendary""},{""module"":""quality-module-3"",""quality"":""legendary""}]",0,[]
97,speed-module-2-recycling,epic,recycler,legendary,"[{""module"":""quality-module-3"",""quality"":""legendary""},{""module"":""quality-module-3"",""quality"":""legendary""},{""module"":""quality-module-3"",""quality"":""legendary""},{""module"":""quality-module-3"",""quality"":""legendary""}]",0,[]
97,speed-module-2,legendary,electromagnetic-plant,legendary,"[{""module"":""speed-module-3"",""quality"":""legendary""},{""module"":""speed-module-3"",""quality"":""legendary""},{""module"":""speed-module-3"",""quality"":""legendary""},{""module"":""speed-module-3"",""quality"":""legendary""},{""module"":""speed-module-3"",""quality"":""legendary""}]",12,"[{""module"":""speed-module-3"",""quality"":""legendary""},{""module"":""speed-module-3"",""quality"":""legendary""},{""module"":""speed-module-3"",""quality"":""legendary""},{""module"":""speed-module-3"",""quality"":""legendary""},{""module"":""speed-module-3"",""quality"":""legendary""},{""module"":""speed-module-3"",""quality"":""legendary""},{""module"":""speed-module-3"",""quality"":""legendary""},{""module"":""speed-module-3"",""quality"":""legendary""},{""module"":""speed-module-3"",""quality"":""legendary""},{""module"":""speed-module-3"",""quality"":""legendary""},{""module"":""speed-module-3"",""quality"":""legendary""},{""module"":""speed-module-3"",""quality"":""legendary""},{""module"":""speed-module-3"",""quality"":""legendary""},{""module"":""speed-module-3"",""quality"":""legendary""},{""module"":""speed-module-3"",""quality"":""legendary""},{""module"":""speed-module-3"",""quality"":""legendary""},{""module"":""speed-module-3"",""quality"":""legendary""},{""module"":""speed-module-3"",""quality"":""legendary""},{""module"":""speed-module-3"",""quality"":""legendary""},{""module"":""speed-module-3"",""quality"":""legendary""},{""module"":""speed-module-3"",""quality"":""legendary""},{""module"":""speed-module-3"",""quality"":""legendary""},{""module"":""speed-module-3"",""quality"":""legendary""},{""module"":""speed-module-3"",""quality"":""legendary""}]"
97,speed-module-2-recycling,legendary,recycler,legendary,"[{""module"":""speed-module-3"",""quality"":""legendary""},{""module"":""speed-module-3"",""quality"":""legendary""},{""module"":""speed-module-3"",""quality"":""legendary""},{""module"":""speed-module-3"",""quality"":""legendary""}]",12,"[{""module"":""speed-module-3"",""quality"":""legendary""},{""module"":""speed-module-3"",""quality"":""legendary""},{""module"":""speed-module-3"",""quality"":""legendary""},{""module"":""speed-module-3"",""quality"":""legendary""},{""module"":""speed-module-3"",""quality"":""legendary""},{""module"":""speed-module-3"",""quality"":""legendary""},{""module"":""speed-module-3"",""quality"":""legendary""},{""module"":""speed-module-3"",""quality"":""legendary""},{""module"":""speed-module-3"",""quality"":""legendary""},{""module"":""speed-module-3"",""quality"":""legendary""},{""module"":""speed-module-3"",""quality"":""legendary""},{""module"":""speed-module-3"",""quality"":""legendary""},{""module"":""speed-module-3"",""quality"":""legendary""},{""module"":""speed-module-3"",""quality"":""legendary""},{""module"":""speed-module-3"",""quality"":""legendary""},{""module"":""speed-module-3"",""quality"":""legendary""},{""module"":""speed-module-3"",""quality"":""legendary""},{""module"":""speed-module-3"",""quality"":""legendary""},{""module"":""speed-module-3"",""quality"":""legendary""},{""module"":""speed-module-3"",""quality"":""legendary""},{""module"":""speed-module-3"",""quality"":""legendary""},{""module"":""speed-module-3"",""quality"":""legendary""},{""module"":""speed-module-3"",""quality"":""legendary""},{""module"":""speed-module-3"",""quality"":""legendary""}]"
98,speed-module-3,normal,electromagnetic-plant,legendary,"[{""module"":""quality-module-3"",""quality"":""legendary""},{""module"":""quality-module-3"",""quality"":""legendary""},{""module"":""quality-module-3"",""quality"":""legendary""},{""module"":""quality-module-3"",""quality"":""legendary""},{""module"":""quality-module-3"",""quality"":""legendary""}]",0,[]
98,speed-module-3-recycling,normal,recycler,legendary,"[{""module"":""quality-module-3"",""quality"":""legendary""},{""module"":""quality-module-3"",""quality"":""legendary""},{""module"":""quality-module-3"",""quality"":""legendary""},{""module"":""quality-module-3"",""quality"":""legendary""}]",0,[]
98,speed-module-3,uncommon,electromagnetic-plant,legendary,"[{""module"":""quality-module-3"",""quality"":""legendary""},{""module"":""quality-module-3"",""quality"":""legendary""},{""module"":""quality-module-3"",""quality"":""legendary""},{""module"":""quality-module-3"",""quality"":""legendary""},{""module"":""quality-module-3"",""quality"":""legendary""}]",0,[]
98,speed-module-3-recycling,uncommon,recycler,legendary,"[{""module"":""quality-module-3"",""quality"":""legendary""},{""module"":""quality-module-3"",""quality"":""legendary""},{""module"":""quality-module-3"",""quality"":""legendary""},{""module"":""quality-module-3"",""quality"":""legendary""}]",0,[]
98,speed-module-3,rare,electromagnetic-plant,legendary,"[{""module"":""quality-module-3"",""quality"":""legendary""},{""module"":""quality-module-3"",""quality"":""legendary""},{""module"":""quality-module-3"",""quality"":""legendary""},{""module"":""quality-module-3"",""quality"":""legendary""},{""module"":""quality-module-3"",""quality"":""legendary""}]",0,[]
98,speed-module-3-recycling,rare,recycler,legendary,"[{""module"":""quality-module-3"",""quality"":""legendary""},{""module"":""quality-module-3"",""quality"":""legendary""},{""module"":""quality-module-3"",""quality"":""legendary""},{""module"":""quality-module-3"",""quality"":""legendary""}]",0,[]
98,speed-module-3,epic,electromagnetic-plant,legendary,"[{""module"":""quality-module-3"",""quality"":""legendary""},{""module"":""quality-module-3"",""quality"":""legendary""},{""module"":""quality-module-3"",""quality"":""legendary""},{""module"":""quality-module-3"",""quality"":""legendary""},{""module"":""quality-module-3"",""quality"":""legendary""}]",0,[]
98,speed-module-3-recycling,epic,recycler,legendary,"[{""module"":""quality-module-3"",""quality"":""legendary""},{""module"":""quality-module-3"",""quality"":""legendary""},{""module"":""quality-module-3"",""quality"":""legendary""},{""module"":""quality-module-3"",""quality"":""legendary""}]",0,[]
98,speed-module-3,legendary,electromagnetic-plant,legendary,"[{""module"":""speed-module-3"",""quality"":""legendary""},{""module"":""speed-module-3"",""quality"":""legendary""},{""module"":""speed-module-3"",""quality"":""legendary""},{""module"":""speed-module-3"",""quality"":""legendary""},{""module"":""speed-module-3"",""quality"":""legendary""}]",12,"[{""module"":""speed-module-3"",""quality"":""legendary""},{""module"":""speed-module-3"",""quality"":""legendary""},{""module"":""speed-module-3"",""quality"":""legendary""},{""module"":""speed-module-3"",""quality"":""legendary""},{""module"":""speed-module-3"",""quality"":""legendary""},{""module"":""speed-module-3"",""quality"":""legendary""},{""module"":""speed-module-3"",""quality"":""legendary""},{""module"":""speed-module-3"",""quality"":""legendary""},{""module"":""speed-module-3"",""quality"":""legendary""},{""module"":""speed-module-3"",""quality"":""legendary""},{""module"":""speed-module-3"",""quality"":""legendary""},{""module"":""speed-module-3"",""quality"":""legendary""},{""module"":""speed-module-3"",""quality"":""legendary""},{""module"":""speed-module-3"",""quality"":""legendary""},{""module"":""speed-module-3"",""quality"":""legendary""},{""module"":""speed-module-3"",""quality"":""legendary""},{""module"":""speed-module-3"",""quality"":""legendary""},{""module"":""speed-module-3"",""quality"":""legendary""},{""module"":""speed-module-3"",""quality"":""legendary""},{""module"":""speed-module-3"",""quality"":""legendary""},{""module"":""speed-module-3"",""quality"":""legendary""},{""module"":""speed-module-3"",""quality"":""legendary""},{""module"":""speed-module-3"",""quality"":""legendary""},{""module"":""speed-module-3"",""quality"":""legendary""}]"
98,speed-module-3-recycling,legendary,recycler,legendary,"[{""module"":""speed-module-3"",""quality"":""legendary""},{""module"":""speed-module-3"",""quality"":""legendary""},{""module"":""speed-module-3"",""quality"":""legendary""},{""module"":""speed-module-3"",""quality"":""legendary""}]",12,"[{""module"":""speed-module-3"",""quality"":""legendary""},{""module"":""speed-module-3"",""quality"":""legendary""},{""module"":""speed-module-3"",""quality"":""legendary""},{""module"":""speed-module-3"",""quality"":""legendary""},{""module"":""speed-module-3"",""quality"":""legendary""},{""module"":""speed-module-3"",""quality"":""legendary""},{""module"":""speed-module-3"",""quality"":""legendary""},{""module"":""speed-module-3"",""quality"":""legendary""},{""module"":""speed-module-3"",""quality"":""legendary""},{""module"":""speed-module-3"",""quality"":""legendary""},{""module"":""speed-module-3"",""quality"":""legendary""},{""module"":""speed-module-3"",""quality"":""legendary""},{""module"":""speed-module-3"",""quality"":""legendary""},{""module"":""speed-module-3"",""quality"":""legendary""},{""module"":""speed-module-3"",""quality"":""legendary""},{""module"":""speed-module-3"",""quality"":""legendary""},{""module"":""speed-module-3"",""quality"":""legendary""},{""module"":""speed-module-3"",""quality"":""legendary""},{""module"":""speed-module-3"",""quality"":""legendary""},{""module"":""speed-module-3"",""quality"":""legendary""},{""module"":""speed-module-3"",""quality"":""legendary""},{""module"":""speed-module-3"",""quality"":""legendary""},{""module"":""speed-module-3"",""quality"":""legendary""},{""module"":""speed-module-3"",""quality"":""legendary""}]"
99,speed-module-3,normal,electromagnetic-plant,legendary,"[{""module"":""quality-module-3"",""quality"":""legendary""},{""module"":""quality-module-3"",""quality"":""legendary""},{""module"":""quality-module-3"",""quality"":""legendary""},{""module"":""quality-module-3"",""quality"":""legendary""},{""module"":""quality-module-3"",""quality"":""legendary""}]",4,"[{""module"":""speed-module"",""quality"":""legendary""},{""module"":""speed-module"",""quality"":""legendary""},{""module"":""speed-module"",""quality"":""legendary""},{""module"":""speed-module"",""quality"":""legendary""}]"
99,speed-module-3-recycling,normal,recycler,legendary,"[{""module"":""quality-module-3"",""quality"":""legendary""},{""module"":""quality-module-3"",""quality"":""legendary""},{""module"":""quality-module-3"",""quality"":""legendary""},{""module"":""quality-module-3"",""quality"":""legendary""}]",5,"[{""module"":""speed-module"",""quality"":""legendary""}]"
99,speed-module-3,uncommon,electromagnetic-plant,legendary,"[{""module"":""quality-module-3"",""quality"":""legendary""},{""module"":""quality-module-3"",""quality"":""legendary""},{""module"":""quality-module-3"",""quality"":""legendary""},{""module"":""quality-module-3"",""quality"":""legendary""},{""module"":""quality-module-3"",""quality"":""legendary""}]",0,[]
99,speed-module-3-recycling,uncommon,recycler,legendary,"[{""module"":""quality-module-3"",""quality"":""legendary""},{""module"":""quality-module-3"",""quality"":""legendary""},{""module"":""quality-module-3"",""quality"":""legendary""},{""module"":""quality-module-3"",""quality"":""legendary""}]",0,[]
99,speed-module-3,rare,electromagnetic-plant,legendary,"[{""module"":""quality-module-3"",""quality"":""legendary""},{""module"":""quality-module-3"",""quality"":""legendary""},{""module"":""quality-module-3"",""quality"":""legendary""},{""module"":""quality-module-3"",""quality"":""legendary""},{""module"":""quality-module-3"",""quality"":""legendary""}]",0,[]
99,speed-module-3-recycling,rare,recycler,legendary,"[{""module"":""quality-module-3"",""quality"":""legendary""},{""module"":""quality-module-3"",""quality"":""legendary""},{""module"":""quality-module-3"",""quality"":""legendary""},{""module"":""quality-module-3"",""quality"":""legendary""}]",0,[]
99,speed-module-3,epic,electromagnetic-plant,legendary,"[{""module"":""quality-module-3"",""quality"":""legendary""},{""module"":""quality-module-3"",""quality"":""legendary""},{""module"":""quality-module-3"",""quality"":""legendary""},{""module"":""quality-module-3"",""quality"":""legendary""},{""module"":""quality-module-3"",""quality"":""legendary""}]",0,[]
99,speed-module-3-recycling,epic,recycler,legendary,"[{""module"":""quality-module-3"",""quality"":""legendary""},{""module"":""quality-module-3"",""quality"":""legendary""},{""module"":""quality-module-3"",""quality"":""legendary""},{""module"":""quality-module-3"",""quality"":""legendary""}]",0,[]
99,speed-module-3,legendary,electromagnetic-plant,legendary,"[{""module"":""speed-module-3"",""quality"":""legendary""},{""module"":""speed-module-3"",""quality"":""legendary""},{""module"":""speed-module-3"",""quality"":""legendary""},{""module"":""speed-module-3"",""quality"":""legendary""},{""module"":""speed-module-3"",""quality"":""legendary""}]",12,"[{""module"":""speed-module-3"",""quality"":""legendary""},{""module"":""speed-module-3"",""quality"":""legendary""},{""module"":""speed-module-3"",""quality"":""legendary""},{""module"":""speed-module-3"",""quality"":""legendary""},{""module"":""speed-module-3"",""quality"":""legendary""},{""module"":""speed-module-3"",""quality"":""legendary""},{""module"":""speed-module-3"",""quality"":""legendary""},{""module"":""speed-module-3"",""quality"":""legendary""},{""module"":""speed-module-3"",""quality"":""legendary""},{""module"":""speed-module-3"",""quality"":""legendary""},{""module"":""speed-module-3"",""quality"":""legendary""},{""module"":""speed-module-3"",""quality"":""legendary""},{""module"":""speed-module-3"",""quality"":""legendary""},{""module"":""speed-module-3"",""quality"":""legendary""},{""module"":""speed-module-3"",""quality"":""legendary""},{""module"":""speed-module-3"",""quality"":""legendary""},{""module"":""speed-module-3"",""quality"":""legendary""},{""module"":""speed-module-3"",""quality"":""legendary""},{""module"":""speed-module-3"",""quality"":""legendary""},{""module"":""speed-module-3"",""quality"":""legendary""},{""module"":""speed-module-3"",""quality"":""legendary""},{""module"":""speed-module-3"",""quality"":""legendary""},{""module"":""speed-module-3"",""quality"":""legendary""},{""module"":""speed-module-3"",""quality"":""legendary""}]"
99,speed-module-3-recycling,legendary,recycler,legendary,"[{""module"":""speed-module-3"",""quality"":""legendary""},{""module"":""speed-module-3"",""quality"":""legendary""},{""module"":""speed-module-3"",""quality"":""legendary""},{""module"":""speed-module-3"",""quality"":""legendary""}]",12,"[{""module"":""speed-module-3"",""quality"":""legendary""},{""module"":""speed-module-3"",""quality"":""legendary""},{""module"":""speed-module-3"",""quality"":""legendary""},{""module"":""speed-module-3"",""quality"":""legendary""},{""module"":""speed-module-3"",""quality"":""legendary""},{""module"":""speed-module-3"",""quality"":""legendary""},{""module"":""speed-module-3"",""quality"":""legendary""},{""module"":""speed-module-3"",""quality"":""legendary""},{""module"":""speed-module-3"",""quality"":""legendary""},{""module"":""speed-module-3"",""quality"":""legendary""},{""module"":""speed-module-3"",""quality"":""legendary""},{""module"":""speed-module-3"",""quality"":""legendary""},{""module"":""speed-module-3"",""quality"":""legendary""},{""module"":""speed-module-3"",""quality"":""legendary""},{""module"":""speed-module-3"",""quality"":""legendary""},{""module"":""speed-module-3"",""quality"":""legendary""},{""module"":""speed-module-3"",""quality"":""legendary""},{""module"":""speed-module-3"",""quality"":""legendary""},{""module"":""speed-module-3"",""quality"":""legendary""},{""module"":""speed-module-3"",""quality"":""legendary""},{""module"":""speed-module-3"",""quality"":""legendary""},{""module"":""speed-module-3"",""quality"":""legendary""},{""module"":""speed-module-3"",""quality"":""legendary""},{""module"":""speed-module-3"",""quality"":""legendary""}]"
100,stack-inserter,normal,assembling-machine-3,legendary,"[{""module"":""quality-module-3"",""quality"":""legendary""},{""module"":""quality-module-3"",""quality"":""legendary""},{""module"":""quality-module-3"",""quality"":""legendary""},{""module"":""quality-module-3"",""quality"":""legendary""}]",0,[]
100,stack-inserter-recycling,normal,recycler,legendary,"[{""module"":""quality-module-3"",""quality"":""legendary""},{""module"":""quality-module-3"",""quality"":""legendary""},{""module"":""quality-module-3"",""quality"":""legendary""},{""module"":""quality-module-3"",""quality"":""legendary""}]",0,[]
100,stack-inserter,uncommon,assembling-machine-3,legendary,"[{""module"":""quality-module-3"",""quality"":""legendary""},{""module"":""quality-module-3"",""quality"":""legendary""},{""module"":""quality-module-3"",""quality"":""legendary""},{""module"":""quality-module-3"",""quality"":""legendary""}]",0,[]
100,stack-inserter-recycling,uncommon,recycler,legendary,"[{""module"":""quality-module-3"",""quality"":""legendary""},{""module"":""quality-module-3"",""quality"":""legendary""},{""module"":""quality-module-3"",""quality"":""legendary""},{""module"":""quality-module-3"",""quality"":""legendary""}]",0,[]
100,stack-inserter,rare,assembling-machine-3,legendary,"[{""module"":""quality-module-3"",""quality"":""legendary""},{""module"":""quality-module-3"",""quality"":""legendary""},{""module"":""quality-module-3"",""quality"":""legendary""},{""module"":""quality-module-3"",""quality"":""legendary""}]",0,[]
100,stack-inserter-recycling,rare,recycler,legendary,"[{""module"":""quality-module-3"",""quality"":""legendary""},{""module"":""quality-module-3"",""quality"":""legendary""},{""module"":""quality-module-3"",""quality"":""legendary""},{""module"":""quality-module-3"",""quality"":""legendary""}]",0,[]
100,stack-inserter,epic,assembling-machine-3,legendary,"[{""module"":""quality-module-3"",""quality"":""legendary""},{""module"":""quality-module-3"",""quality"":""legendary""},{""module"":""quality-module-3"",""quality"":""legendary""},{""module"":""quality-module-3"",""quality"":""legendary""}]",0,[]
100,stack-inserter-recycling,epic,recycler,legendary,"[{""module"":""quality-module-3"",""quality"":""legendary""},{""module"":""quality-module-3"",""quality"":""legendary""},{""module"":""quality-module-3"",""quality"":""legendary""},{""module"":""quality-module-3"",""quality"":""legendary""}]",0,[]
100,stack-inserter,legendary,assembling-machine-3,legendary,"[{""module"":""speed-module-3"",""quality"":""legendary""},{""module"":""speed-module-3"",""quality"":""legendary""},{""module"":""speed-module-3"",""quality"":""legendary""},{""module"":""speed-module-3"",""quality"":""legendary""}]",12,"[{""module"":""speed-module-3"",""quality"":""legendary""},{""module"":""speed-module-3"",""quality"":""legendary""},{""module"":""speed-module-3"",""quality"":""legendary""},{""module"":""speed-module-3"",""quality"":""legendary""},{""module"":""speed-module-3"",""quality"":""legendary""},{""module"":""speed-module-3"",""quality"":""legendary""},{""module"":""speed-module-3"",""quality"":""legendary""},{""module"":""speed-module-3"",""quality"":""legendary""},{""module"":""speed-module-3"",""quality"":""legendary""},{""module"":""speed-module-3"",""quality"":""legendary""},{""module"":""speed-module-3"",""quality"":""legendary""},{""module"":""speed-module-3"",""quality"":""legendary""},{""module"":""speed-module-3"",""quality"":""legendary""},{""module"":""speed-module-3"",""quality"":""legendary""},{""module"":""speed-module-3"",""quality"":""legendary""},{""module"":""speed-module-3"",""quality"":""legendary""},{""module"":""speed-module-3"",""quality"":""legendary""},{""module"":""speed-module-3"",""quality"":""legendary""},{""module"":""speed-module-3"",""quality"":""legendary""},{""module"":""speed-module-3"",""quality"":""legendary""},{""module"":""speed-module-3"",""quality"":""legendary""},{""module"":""speed-module-3"",""quality"":""legendary""},{""module"":""speed-module-3"",""quality"":""legendary""},{""module"":""speed-module-3"",""quality"":""legendary""}]"
100,stack-inserter-recycling,legendary,recycler,legendary,"[{""module"":""speed-module-3"",""quality"":""legendary""},{""module"":""speed-module-3"",""quality"":""legendary""},{""module"":""speed-module-3"",""quality"":""legendary""},{""module"":""speed-module-3"",""quality"":""legendary""}]",12,"[{""module"":""speed-module-3"",""quality"":""legendary""},{""module"":""speed-module-3"",""quality"":""legendary""},{""module"":""speed-module-3"",""quality"":""legendary""},{""module"":""speed-module-3"",""quality"":""legendary""},{""module"":""speed-module-3"",""quality"":""legendary""},{""module"":""speed-module-3"",""quality"":""legendary""},{""module"":""speed-module-3"",""quality"":""legendary""},{""module"":""speed-module-3"",""quality"":""legendary""},{""module"":""speed-module-3"",""quality"":""legendary""},{""module"":""speed-module-3"",""quality"":""legendary""},{""module"":""speed-module-3"",""quality"":""legendary""},{""module"":""speed-module-3"",""quality"":""legendary""},{""module"":""speed-module-3"",""quality"":""legendary""},{""module"":""speed-module-3"",""quality"":""legendary""},{""module"":""speed-module-3"",""quality"":""legendary""},{""module"":""speed-module-3"",""quality"":""legendary""},{""module"":""speed-module-3"",""quality"":""legendary""},{""module"":""speed-module-3"",""quality"":""legendary""},{""module"":""speed-module-3"",""quality"":""legendary""},{""module"":""speed-module-3"",""quality"":""legendary""},{""module"":""speed-module-3"",""quality"":""legendary""},{""module"":""speed-module-3"",""quality"":""legendary""},{""module"":""speed-module-3"",""quality"":""legendary""},{""module"":""speed-module-3"",""quality"":""legendary""}]"
101,stack-inserter,normal,assembling-machine-3,legendary,"[{""module"":""speed-module-3"",""quality"":""legendary""},{""module"":""speed-module-3"",""quality"":""legendary""},{""module"":""speed-module-3"",""quality"":""legendary""},{""module"":""speed-module-3"",""quality"":""legendary""}]",12,"[{""module"":""speed-module-3"",""quality"":""legendary""},{""module"":""speed-module-3"",""quality"":""legendary""},{""module"":""speed-module-3"",""quality"":""legendary""},{""module"":""speed-module-3"",""quality"":""legendary""},{""module"":""speed-module-3"",""quality"":""legendary""},{""module"":""speed-module-3"",""quality"":""legendary""},{""module"":""speed-module-3"",""quality"":""legendary""},{""module"":""speed-module-3"",""quality"":""legendary""},{""module"":""speed-module-3"",""quality"":""legendary""},{""module"":""speed-module-3"",""quality"":""legendary""},{""module"":""speed-module-3"",""quality"":""legendary""},{""module"":""speed-module-3"",""quality"":""legendary""},{""module"":""speed-module-3"",""quality"":""legendary""},{""module"":""speed-module-3"",""quality"":""legendary""},{""module"":""speed-module-3"",""quality"":""legendary""},{""module"":""speed-module-3"",""quality"":""legendary""},{""module"":""speed-module-3"",""quality"":""legendary""},{""module"":""speed-module-3"",""quality"":""legendary""},{""module"":""speed-module-3"",""quality"":""legendary""},{""module"":""speed-module-3"",""quality"":""legendary""},{""module"":""speed-module-3"",""quality"":""legendary""},{""module"":""speed-module-3"",""quality"":""legendary""},{""module"":""speed-module-3"",""quality"":""legendary""},{""module"":""speed-module-3"",""quality"":""legendary""}]"
101,stack-inserter-recycling,normal,recycler,legendary,"[{""module"":""quality-module-3"",""quality"":""legendary""},{""module"":""quality-module-3"",""quality"":""legendary""},{""module"":""quality-module-3"",""quality"":""legendary""},{""module"":""quality-module-3"",""quality"":""legendary""}]",10,"[{""module"":""speed-module-2"",""quality"":""legendary""}]"
101,stack-inserter,uncommon,assembling-machine-3,legendary,"[{""module"":""quality-module-3"",""quality"":""legendary""},{""module"":""quality-module-3"",""quality"":""legendary""},{""module"":""quality-module-3"",""quality"":""legendary""},{""module"":""quality-module-3"",""quality"":""legendary""}]",1,"[{""module"":""speed-module"",""quality"":""legendary""}]"
101,stack-inserter-recycling,uncommon,recycler,legendary,"[{""module"":""quality-module-3"",""quality"":""legendary""},{""module"":""quality-module-3"",""quality"":""legendary""},{""module"":""quality-module-3"",""quality"":""legendary""},{""module"":""quality-module-3"",""quality"":""legendary""}]",0,[]
101,stack-inserter,rare,assembling-machine-3,legendary,"[{""module"":""quality-module-3"",""quality"":""legendary""},{""module"":""quality-module-3"",""quality"":""legendary""},{""module"":""quality-module-3"",""quality"":""legendary""},{""module"":""quality-module-3"",""quality"":""legendary""}]",0,[]
101,stack-inserter-recycling,rare,recycler,legendary,"[{""module"":""quality-module-3"",""quality"":""legendary""},{""module"":""quality-module-3"",""quality"":""legendary""},{""module"":""quality-module-3"",""quality"":""legendary""},{""module"":""quality-module-3"",""quality"":""legendary""}]",0,[]
101,stack-inserter,epic,assembling-machine-3,legendary,"[{""module"":""quality-module-3"",""quality"":""legendary""},{""module"":""quality-module-3"",""quality"":""legendary""},{""module"":""quality-module-3"",""quality"":""legendary""},{""module"":""quality-module-3"",""quality"":""legendary""}]",0,[]
101,stack-inserter-recycling,epic,recycler,legendary,"[{""module"":""quality-module-3"",""quality"":""legendary""},{""module"":""quality-module-3"",""quality"":""legendary""},{""module"":""quality-module-3"",""quality"":""legendary""},{""module"":""quality-module-3"",""quality"":""legendary""}]",0,[]
101,stack-inserter,legendary,assembling-machine-3,legendary,"[{""module"":""speed-module-3"",""quality"":""legendary""},{""module"":""speed-module-3"",""quality"":""legendary""},{""module"":""speed-module-3"",""quality"":""legendary""},{""module"":""speed-module-3"",""quality"":""legendary""}]",12,"[{""module"":""speed-module-3"",""quality"":""legendary""},{""module"":""speed-module-3"",""quality"":""legendary""},{""module"":""speed-module-3"",""quality"":""legendary""},{""module"":""speed-module-3"",""quality"":""legendary""},{""module"":""speed-module-3"",""quality"":""legendary""},{""module"":""speed-module-3"",""quality"":""legendary""},{""module"":""speed-module-3"",""quality"":""legendary""},{""module"":""speed-module-3"",""quality"":""legendary""},{""module"":""speed-module-3"",""quality"":""legendary""},{""module"":""speed-module-3"",""quality"":""legendary""},{""module"":""speed-module-3"",""quality"":""legendary""},{""module"":""speed-module-3"",""quality"":""legendary""},{""module"":""speed-module-3"",""quality"":""legendary""},{""module"":""speed-module-3"",""quality"":""legendary""},{""module"":""speed-module-3"",""quality"":""legendary""},{""module"":""speed-module-3"",""quality"":""legendary""},{""module"":""speed-module-3"",""quality"":""legendary""},{""module"":""speed-module-3"",""quality"":""legendary""},{""module"":""speed-module-3"",""quality"":""legendary""},{""module"":""speed-module-3"",""quality"":""legendary""},{""module"":""speed-module-3"",""quality"":""legendary""},{""module"":""speed-module-3"",""quality"":""legendary""},{""module"":""speed-module-3"",""quality"":""legendary""},{""module"":""speed-module-3"",""quality"":""legendary""}]"
101,stack-inserter-recycling,legendary,recycler,legendary,"[{""module"":""speed-module-3"",""quality"":""legendary""},{""module"":""speed-module-3"",""quality"":""legendary""},{""module"":""speed-module-3"",""quality"":""legendary""},{""module"":""speed-module-3"",""quality"":""legendary""}]",12,"[{""module"":""speed-module-3"",""quality"":""legendary""},{""module"":""speed-module-3"",""quality"":""legendary""},{""module"":""speed-module-3"",""quality"":""legendary""},{""module"":""speed-module-3"",""quality"":""legendary""},{""module"":""speed-module-3"",""quality"":""legendary""},{""module"":""speed-module-3"",""quality"":""legendary""},{""module"":""speed-module-3"",""quality"":""legendary""},{""module"":""speed-module-3"",""quality"":""legendary""},{""module"":""speed-module-3"",""quality"":""legendary""},{""module"":""speed-module-3"",""quality"":""legendary""},{""module"":""speed-module-3"",""quality"":""legendary""},{""module"":""speed-module-3"",""quality"":""legendary""},{""module"":""speed-module-3"",""quality"":""legendary""},{""module"":""speed-module-3"",""quality"":""legendary""},{""module"":""speed-module-3"",""quality"":""legendary""},{""module"":""speed-module-3"",""quality"":""legendary""},{""module"":""speed-module-3"",""quality"":""legendary""},{""module"":""speed-module-3"",""quality"":""legendary""},{""module"":""speed-module-3"",""quality"":""legendary""},{""module"":""speed-module-3"",""quality"":""legendary""},{""module"":""speed-module-3"",""quality"":""legendary""},{""module"":""speed-module-3"",""quality"":""legendary""},{""module"":""speed-module-3"",""quality"":""legendary""},{""module"":""speed-module-3"",""quality"":""legendary""}]"
102,tesla-turret,normal,electromagnetic-plant,legendary,"[{""module"":""quality-module-3"",""quality"":""legendary""},{""module"":""quality-module-3"",""quality"":""legendary""},{""module"":""quality-module-3"",""quality"":""legendary""},{""module"":""quality-module-3"",""quality"":""legendary""},{""module"":""quality-module-3"",""quality"":""legendary""}]",0,[]
102,tesla-turret-recycling,normal,recycler,legendary,"[{""module"":""quality-module-3"",""quality"":""legendary""},{""module"":""quality-module-3"",""quality"":""legendary""},{""module"":""quality-module-3"",""quality"":""legendary""},{""module"":""quality-module-3"",""quality"":""legendary""}]",0,[]
102,tesla-turret,uncommon,electromagnetic-plant,legendary,"[{""module"":""quality-module-3"",""quality"":""legendary""},{""module"":""quality-module-3"",""quality"":""legendary""},{""module"":""quality-module-3"",""quality"":""legendary""},{""module"":""quality-module-3"",""quality"":""legendary""},{""module"":""quality-module-3"",""quality"":""legendary""}]",0,[]
102,tesla-turret-recycling,uncommon,recycler,legendary,"[{""module"":""quality-module-3"",""quality"":""legendary""},{""module"":""quality-module-3"",""quality"":""legendary""},{""module"":""quality-module-3"",""quality"":""legendary""},{""module"":""quality-module-3"",""quality"":""legendary""}]",0,[]
102,tesla-turret,rare,electromagnetic-plant,legendary,"[{""module"":""quality-module-3"",""quality"":""legendary""},{""module"":""quality-module-3"",""quality"":""legendary""},{""module"":""quality-module-3"",""quality"":""legendary""},{""module"":""quality-module-3"",""quality"":""legendary""},{""module"":""quality-module-3"",""quality"":""legendary""}]",0,[]
102,tesla-turret-recycling,rare,recycler,legendary,"[{""module"":""quality-module-3"",""quality"":""legendary""},{""module"":""quality-module-3"",""quality"":""legendary""},{""module"":""quality-module-3"",""quality"":""legendary""},{""module"":""quality-module-3"",""quality"":""legendary""}]",0,[]
102,tesla-turret,epic,electromagnetic-plant,legendary,"[{""module"":""quality-module-3"",""quality"":""legendary""},{""module"":""quality-module-3"",""quality"":""legendary""},{""module"":""quality-module-3"",""quality"":""legendary""},{""module"":""quality-module-3"",""quality"":""legendary""},{""module"":""quality-module-3"",""quality"":""legendary""}]",0,[]
102,tesla-turret-recycling,epic,recycler,legendary,"[{""module"":""quality-module-3"",""quality"":""legendary""},{""module"":""quality-module-3"",""quality"":""legendary""},{""module"":""quality-module-3"",""quality"":""legendary""},{""module"":""quality-module-3"",""quality"":""legendary""}]",0,[]
102,tesla-turret,legendary,electromagnetic-plant,legendary,"[{""module"":""speed-module-3"",""quality"":""legendary""},{""module"":""speed-module-3"",""quality"":""legendary""},{""module"":""speed-module-3"",""quality"":""legendary""},{""module"":""speed-module-3"",""quality"":""legendary""},{""module"":""speed-module-3"",""quality"":""legendary""}]",12,"[{""module"":""speed-module-3"",""quality"":""legendary""},{""module"":""speed-module-3"",""quality"":""legendary""},{""module"":""speed-module-3"",""quality"":""legendary""},{""module"":""speed-module-3"",""quality"":""legendary""},{""module"":""speed-module-3"",""quality"":""legendary""},{""module"":""speed-module-3"",""quality"":""legendary""},{""module"":""speed-module-3"",""quality"":""legendary""},{""module"":""speed-module-3"",""quality"":""legendary""},{""module"":""speed-module-3"",""quality"":""legendary""},{""module"":""speed-module-3"",""quality"":""legendary""},{""module"":""speed-module-3"",""quality"":""legendary""},{""module"":""speed-module-3"",""quality"":""legendary""},{""module"":""speed-module-3"",""quality"":""legendary""},{""module"":""speed-module-3"",""quality"":""legendary""},{""module"":""speed-module-3"",""quality"":""legendary""},{""module"":""speed-module-3"",""quality"":""legendary""},{""module"":""speed-module-3"",""quality"":""legendary""},{""module"":""speed-module-3"",""quality"":""legendary""},{""module"":""speed-module-3"",""quality"":""legendary""},{""module"":""speed-module-3"",""quality"":""legendary""},{""module"":""speed-module-3"",""quality"":""legendary""},{""module"":""speed-module-3"",""quality"":""legendary""},{""module"":""speed-module-3"",""quality"":""legendary""},{""module"":""speed-module-3"",""quality"":""legendary""}]"
102,tesla-turret-recycling,legendary,recycler,legendary,"[{""module"":""speed-module-3"",""quality"":""legendary""},{""module"":""speed-module-3"",""quality"":""legendary""},{""module"":""speed-module-3"",""quality"":""legendary""},{""module"":""speed-module-3"",""quality"":""legendary""}]",12,"[{""module"":""speed-module-3"",""quality"":""legendary""},{""module"":""speed-module-3"",""quality"":""legendary""},{""module"":""speed-module-3"",""quality"":""legendary""},{""module"":""speed-module-3"",""quality"":""legendary""},{""module"":""speed-module-3"",""quality"":""legendary""},{""module"":""speed-module-3"",""quality"":""legendary""},{""module"":""speed-module-3"",""quality"":""legendary""},{""module"":""speed-module-3"",""quality"":""legendary""},{""module"":""speed-module-3"",""quality"":""legendary""},{""module"":""speed-module-3"",""quality"":""legendary""},{""module"":""speed-module-3"",""quality"":""legendary""},{""module"":""speed-module-3"",""quality"":""legendary""},{""module"":""speed-module-3"",""quality"":""legendary""},{""module"":""speed-module-3"",""quality"":""legendary""},{""module"":""speed-module-3"",""quality"":""legendary""},{""module"":""speed-module-3"",""quality"":""legendary""},{""module"":""speed-module-3"",""quality"":""legendary""},{""module"":""speed-module-3"",""quality"":""legendary""},{""module"":""speed-module-3"",""quality"":""legendary""},{""module"":""speed-module-3"",""quality"":""legendary""},{""module"":""speed-module-3"",""quality"":""legendary""},{""module"":""speed-module-3"",""quality"":""legendary""},{""module"":""speed-module-3"",""quality"":""legendary""},{""module"":""speed-module-3"",""quality"":""legendary""}]"
103,tesla-turret,normal,electromagnetic-plant,legendary,"[{""module"":""quality-module-3"",""quality"":""legendary""},{""module"":""quality-module-3"",""quality"":""legendary""},{""module"":""quality-module-3"",""quality"":""legendary""},{""module"":""quality-module-3"",""quality"":""legendary""},{""module"":""quality-module-3"",""quality"":""legendary""}]",4,"[{""module"":""speed-module"",""quality"":""legendary""},{""module"":""speed-module"",""quality"":""legendary""},{""module"":""speed-module"",""quality"":""legendary""},{""module"":""speed-module"",""quality"":""legendary""}]"
103,tesla-turret-recycling,normal,recycler,legendary,"[{""module"":""quality-module-3"",""quality"":""legendary""},{""module"":""quality-module-3"",""quality"":""legendary""},{""module"":""quality-module-3"",""quality"":""legendary""},{""module"":""quality-module-3"",""quality"":""legendary""}]",5,"[{""module"":""speed-module"",""quality"":""legendary""}]"
103,tesla-turret,uncommon,electromagnetic-plant,legendary,"[{""module"":""quality-module-3"",""quality"":""legendary""},{""module"":""quality-module-3"",""quality"":""legendary""},{""module"":""quality-module-3"",""quality"":""legendary""},{""module"":""quality-module-3"",""quality"":""legendary""},{""module"":""quality-module-3"",""quality"":""legendary""}]",0,[]
103,tesla-turret-recycling,uncommon,recycler,legendary,"[{""module"":""quality-module-3"",""quality"":""legendary""},{""module"":""quality-module-3"",""quality"":""legendary""},{""module"":""quality-module-3"",""quality"":""legendary""},{""module"":""quality-module-3"",""quality"":""legendary""}]",0,[]
103,tesla-turret,rare,electromagnetic-plant,legendary,"[{""module"":""quality-module-3"",""quality"":""legendary""},{""module"":""quality-module-3"",""quality"":""legendary""},{""module"":""quality-module-3"",""quality"":""legendary""},{""module"":""quality-module-3"",""quality"":""legendary""},{""module"":""quality-module-3"",""quality"":""legendary""}]",0,[]
103,tesla-turret-recycling,rare,recycler,legendary,"[{""module"":""quality-module-3"",""quality"":""legendary""},{""module"":""quality-module-3"",""quality"":""legendary""},{""module"":""quality-module-3"",""quality"":""legendary""},{""module"":""quality-module-3"",""quality"":""legendary""}]",0,[]
103,tesla-turret,epic,electromagnetic-plant,legendary,"[{""module"":""quality-module-3"",""quality"":""legendary""},{""module"":""quality-module-3"",""quality"":""legendary""},{""module"":""quality-module-3"",""quality"":""legendary""},{""module"":""quality-module-3"",""quality"":""legendary""},{""module"":""quality-module-3"",""quality"":""legendary""}]",0,[]
103,tesla-turret-recycling,epic,recycler,legendary,"[{""module"":""quality-module-3"",""quality"":""legendary""},{""module"":""quality-module-3"",""quality"":""legendary""},{""module"":""quality-module-3"",""quality"":""legendary""},{""module"":""quality-module-3"",""quality"":""legendary""}]",0,[]
103,tesla-turret,legendary,electromagnetic-plant,legendary,"[{""module"":""speed-module-3"",""quality"":""legendary""},{""module"":""speed-module-3"",""quality"":""legendary""},{""module"":""speed-module-3"",""quality"":""legendary""},{""module"":""speed-module-3"",""quality"":""legendary""},{""module"":""speed-module-3"",""quality"":""legendary""}]",12,"[{""module"":""speed-module-3"",""quality"":""legendary""},{""module"":""speed-module-3"",""quality"":""legendary""},{""module"":""speed-module-3"",""quality"":""legendary""},{""module"":""speed-module-3"",""quality"":""legendary""},{""module"":""speed-module-3"",""quality"":""legendary""},{""module"":""speed-module-3"",""quality"":""legendary""},{""module"":""speed-module-3"",""quality"":""legendary""},{""module"":""speed-module-3"",""quality"":""legendary""},{""module"":""speed-module-3"",""quality"":""legendary""},{""module"":""speed-module-3"",""quality"":""legendary""},{""module"":""speed-module-3"",""quality"":""legendary""},{""module"":""speed-module-3"",""quality"":""legendary""},{""module"":""speed-module-3"",""quality"":""legendary""},{""module"":""speed-module-3"",""quality"":""legendary""},{""module"":""speed-module-3"",""quality"":""legendary""},{""module"":""speed-module-3"",""quality"":""legendary""},{""module"":""speed-module-3"",""quality"":""legendary""},{""module"":""speed-module-3"",""quality"":""legendary""},{""module"":""speed-module-3"",""quality"":""legendary""},{""module"":""speed-module-3"",""quality"":""legendary""},{""module"":""speed-module-3"",""quality"":""legendary""},{""module"":""speed-module-3"",""quality"":""legendary""},{""module"":""speed-module-3"",""quality"":""legendary""},{""module"":""speed-module-3"",""quality"":""legendary""}]"
103,tesla-turret-recycling,legendary,recycler,legendary,"[{""module"":""speed-module-3"",""quality"":""legendary""},{""module"":""speed-module-3"",""quality"":""legendary""},{""module"":""speed-module-3"",""quality"":""legendary""},{""module"":""speed-module-3"",""quality"":""legendary""}]",12,"[{""module"":""speed-module-3"",""quality"":""legendary""},{""module"":""speed-module-3"",""quality"":""legendary""},{""module"":""speed-module-3"",""quality"":""legendary""},{""module"":""speed-module-3"",""quality"":""legendary""},{""module"":""speed-module-3"",""quality"":""legendary""},{""module"":""speed-module-3"",""quality"":""legendary""},{""module"":""speed-module-3"",""quality"":""legendary""},{""module"":""speed-module-3"",""quality"":""legendary""},{""module"":""speed-module-3"",""quality"":""legendary""},{""module"":""speed-module-3"",""quality"":""legendary""},{""module"":""speed-module-3"",""quality"":""legendary""},{""module"":""speed-module-3"",""quality"":""legendary""},{""module"":""speed-module-3"",""quality"":""legendary""},{""module"":""speed-module-3"",""quality"":""legendary""},{""module"":""speed-module-3"",""quality"":""legendary""},{""module"":""speed-module-3"",""quality"":""legendary""},{""module"":""speed-module-3"",""quality"":""legendary""},{""module"":""speed-module-3"",""quality"":""legendary""},{""module"":""speed-module-3"",""quality"":""legendary""},{""module"":""speed-module-3"",""quality"":""legendary""},{""module"":""speed-module-3"",""quality"":""legendary""},{""module"":""speed-module-3"",""quality"":""legendary""},{""module"":""speed-module-3"",""quality"":""legendary""},{""module"":""speed-module-3"",""quality"":""legendary""}]"
104,thruster,normal,assembling-machine-3,legendary,"[{""module"":""quality-module-3"",""quality"":""legendary""},{""module"":""quality-module-3"",""quality"":""legendary""},{""module"":""quality-module-3"",""quality"":""legendary""},{""module"":""quality-module-3"",""quality"":""legendary""}]",0,[]
104,thruster-recycling,normal,recycler,legendary,"[{""module"":""quality-module-3"",""quality"":""legendary""},{""module"":""quality-module-3"",""quality"":""legendary""},{""module"":""quality-module-3"",""quality"":""legendary""},{""module"":""quality-module-3"",""quality"":""legendary""}]",0,[]
104,thruster,uncommon,assembling-machine-3,legendary,"[{""module"":""quality-module-3"",""quality"":""legendary""},{""module"":""quality-module-3"",""quality"":""legendary""},{""module"":""quality-module-3"",""quality"":""legendary""},{""module"":""quality-module-3"",""quality"":""legendary""}]",0,[]
104,thruster-recycling,uncommon,recycler,legendary,"[{""module"":""quality-module-3"",""quality"":""legendary""},{""module"":""quality-module-3"",""quality"":""legendary""},{""module"":""quality-module-3"",""quality"":""legendary""},{""module"":""quality-module-3"",""quality"":""legendary""}]",0,[]
104,thruster,rare,assembling-machine-3,legendary,"[{""module"":""quality-module-3"",""quality"":""legendary""},{""module"":""quality-module-3"",""quality"":""legendary""},{""module"":""quality-module-3"",""quality"":""legendary""},{""module"":""quality-module-3"",""quality"":""legendary""}]",0,[]
104,thruster-recycling,rare,recycler,legendary,"[{""module"":""quality-module-3"",""quality"":""legendary""},{""module"":""quality-module-3"",""quality"":""legendary""},{""module"":""quality-module-3"",""quality"":""legendary""},{""module"":""quality-module-3"",""quality"":""legendary""}]",0,[]
104,thruster,epic,assembling-machine-3,legendary,"[{""module"":""quality-module-3"",""quality"":""legendary""},{""module"":""quality-module-3"",""quality"":""legendary""},{""module"":""quality-module-3"",""quality"":""legendary""},{""module"":""quality-module-3"",""quality"":""legendary""}]",0,[]
104,thruster-recycling,epic,recycler,legendary,"[{""module"":""quality-module-3"",""quality"":""legendary""},{""module"":""quality-module-3"",""quality"":""legendary""},{""module"":""quality-module-3"",""quality"":""legendary""},{""module"":""quality-module-3"",""quality"":""legendary""}]",0,[]
104,thruster,legendary,assembling-machine-3,legendary,"[{""module"":""speed-module-3"",""quality"":""legendary""},{""module"":""speed-module-3"",""quality"":""legendary""},{""module"":""speed-module-3"",""quality"":""legendary""},{""module"":""speed-module-3"",""quality"":""legendary""}]",12,"[{""module"":""speed-module-3"",""quality"":""legendary""},{""module"":""speed-module-3"",""quality"":""legendary""},{""module"":""speed-module-3"",""quality"":""legendary""},{""module"":""speed-module-3"",""quality"":""legendary""},{""module"":""speed-module-3"",""quality"":""legendary""},{""module"":""speed-module-3"",""quality"":""legendary""},{""module"":""speed-module-3"",""quality"":""legendary""},{""module"":""speed-module-3"",""quality"":""legendary""},{""module"":""speed-module-3"",""quality"":""legendary""},{""module"":""speed-module-3"",""quality"":""legendary""},{""module"":""speed-module-3"",""quality"":""legendary""},{""module"":""speed-module-3"",""quality"":""legendary""},{""module"":""speed-module-3"",""quality"":""legendary""},{""module"":""speed-module-3"",""quality"":""legendary""},{""module"":""speed-module-3"",""quality"":""legendary""},{""module"":""speed-module-3"",""quality"":""legendary""},{""module"":""speed-module-3"",""quality"":""legendary""},{""module"":""speed-module-3"",""quality"":""legendary""},{""module"":""speed-module-3"",""quality"":""legendary""},{""module"":""speed-module-3"",""quality"":""legendary""},{""module"":""speed-module-3"",""quality"":""legendary""},{""module"":""speed-module-3"",""quality"":""legendary""},{""module"":""speed-module-3"",""quality"":""legendary""},{""module"":""speed-module-3"",""quality"":""legendary""}]"
104,thruster-recycling,legendary,recycler,legendary,"[{""module"":""speed-module-3"",""quality"":""legendary""},{""module"":""speed-module-3"",""quality"":""legendary""},{""module"":""speed-module-3"",""quality"":""legendary""},{""module"":""speed-module-3"",""quality"":""legendary""}]",12,"[{""module"":""speed-module-3"",""quality"":""legendary""},{""module"":""speed-module-3"",""quality"":""legendary""},{""module"":""speed-module-3"",""quality"":""legendary""},{""module"":""speed-module-3"",""quality"":""legendary""},{""module"":""speed-module-3"",""quality"":""legendary""},{""module"":""speed-module-3"",""quality"":""legendary""},{""module"":""speed-module-3"",""quality"":""legendary""},{""module"":""speed-module-3"",""quality"":""legendary""},{""module"":""speed-module-3"",""quality"":""legendary""},{""module"":""speed-module-3"",""quality"":""legendary""},{""module"":""speed-module-3"",""quality"":""legendary""},{""module"":""speed-module-3"",""quality"":""legendary""},{""module"":""speed-module-3"",""quality"":""legendary""},{""module"":""speed-module-3"",""quality"":""legendary""},{""module"":""speed-module-3"",""quality"":""legendary""},{""module"":""speed-module-3"",""quality"":""legendary""},{""module"":""speed-module-3"",""quality"":""legendary""},{""module"":""speed-module-3"",""quality"":""legendary""},{""module"":""speed-module-3"",""quality"":""legendary""},{""module"":""speed-module-3"",""quality"":""legendary""},{""module"":""speed-module-3"",""quality"":""legendary""},{""module"":""speed-module-3"",""quality"":""legendary""},{""module"":""speed-module-3"",""quality"":""legendary""},{""module"":""speed-module-3"",""quality"":""legendary""}]"
105,thruster,normal,assembling-machine-3,legendary,"[{""module"":""speed-module-3"",""quality"":""legendary""},{""module"":""speed-module-3"",""quality"":""legendary""},{""module"":""speed-module-3"",""quality"":""legendary""},{""module"":""speed-module-3"",""quality"":""legendary""}]",12,"[{""module"":""speed-module-3"",""quality"":""legendary""},{""module"":""speed-module-3"",""quality"":""legendary""},{""module"":""speed-module-3"",""quality"":""legendary""},{""module"":""speed-module-3"",""quality"":""legendary""},{""module"":""speed-module-3"",""quality"":""legendary""},{""module"":""speed-module-3"",""quality"":""legendary""},{""module"":""speed-module-3"",""quality"":""legendary""},{""module"":""speed-module-3"",""quality"":""legendary""},{""module"":""speed-module-3"",""quality"":""legendary""},{""module"":""speed-module-3"",""quality"":""legendary""},{""module"":""speed-module-3"",""quality"":""legendary""},{""module"":""speed-module-3"",""quality"":""legendary""},{""module"":""speed-module-3"",""quality"":""legendary""},{""module"":""speed-module-3"",""quality"":""legendary""},{""module"":""speed-module-3"",""quality"":""legendary""},{""module"":""speed-module-3"",""quality"":""legendary""},{""module"":""speed-module-3"",""quality"":""legendary""},{""module"":""speed-module-3"",""quality"":""legendary""},{""module"":""speed-module-3"",""quality"":""legendary""},{""module"":""speed-module-3"",""quality"":""legendary""},{""module"":""speed-module-3"",""quality"":""legendary""},{""module"":""speed-module-3"",""quality"":""legendary""},{""module"":""speed-module-3"",""quality"":""legendary""},{""module"":""speed-module-3"",""quality"":""legendary""}]"
105,thruster-recycling,normal,recycler,legendary,"[{""module"":""quality-module-3"",""quality"":""legendary""},{""module"":""quality-module-3"",""quality"":""legendary""},{""module"":""quality-module-3"",""quality"":""legendary""},{""module"":""quality-module-3"",""quality"":""legendary""}]",10,"[{""module"":""speed-module-2"",""quality"":""legendary""}]"
105,thruster,uncommon,assembling-machine-3,legendary,"[{""module"":""quality-module-3"",""quality"":""legendary""},{""module"":""quality-module-3"",""quality"":""legendary""},{""module"":""quality-module-3"",""quality"":""legendary""},{""module"":""quality-module-3"",""quality"":""legendary""}]",1,"[{""module"":""speed-module"",""quality"":""legendary""}]"
105,thruster-recycling,uncommon,recycler,legendary,"[{""module"":""quality-module-3"",""quality"":""legendary""},{""module"":""quality-module-3"",""quality"":""legendary""},{""module"":""quality-module-3"",""quality"":""legendary""},{""module"":""quality-module-3"",""quality"":""legendary""}]",0,[]
105,thruster,rare,assembling-machine-3,legendary,"[{""module"":""quality-module-3"",""quality"":""legendary""},{""module"":""quality-module-3"",""quality"":""legendary""},{""module"":""quality-module-3"",""quality"":""legendary""},{""module"":""quality-module-3"",""quality"":""legendary""}]",0,[]
105,thruster-recycling,rare,recycler,legendary,"[{""module"":""quality-module-3"",""quality"":""legendary""},{""module"":""quality-module-3"",""quality"":""legendary""},{""module"":""quality-module-3"",""quality"":""legendary""},{""module"":""quality-module-3"",""quality"":""legendary""}]",0,[]
105,thruster,epic,assembling-machine-3,legendary,"[{""module"":""quality-module-3"",""quality"":""legendary""},{""module"":""quality-module-3"",""quality"":""legendary""},{""module"":""quality-module-3"",""quality"":""legendary""},{""module"":""quality-module-3"",""quality"":""legendary""}]",0,[]
105,thruster-recycling,epic,recycler,legendary,"[{""module"":""quality-module-3"",""quality"":""legendary""},{""module"":""quality-module-3"",""quality"":""legendary""},{""module"":""quality-module-3"",""quality"":""legendary""},{""module"":""quality-module-3"",""quality"":""legendary""}]",0,[]
105,thruster,legendary,assembling-machine-3,legendary,"[{""module"":""speed-module-3"",""quality"":""legendary""},{""module"":""speed-module-3"",""quality"":""legendary""},{""module"":""speed-module-3"",""quality"":""legendary""},{""module"":""speed-module-3"",""quality"":""legendary""}]",12,"[{""module"":""speed-module-3"",""quality"":""legendary""},{""module"":""speed-module-3"",""quality"":""legendary""},{""module"":""speed-module-3"",""quality"":""legendary""},{""module"":""speed-module-3"",""quality"":""legendary""},{""module"":""speed-module-3"",""quality"":""legendary""},{""module"":""speed-module-3"",""quality"":""legendary""},{""module"":""speed-module-3"",""quality"":""legendary""},{""module"":""speed-module-3"",""quality"":""legendary""},{""module"":""speed-module-3"",""quality"":""legendary""},{""module"":""speed-module-3"",""quality"":""legendary""},{""module"":""speed-module-3"",""quality"":""legendary""},{""module"":""speed-module-3"",""quality"":""legendary""},{""module"":""speed-module-3"",""quality"":""legendary""},{""module"":""speed-module-3"",""quality"":""legendary""},{""module"":""speed-module-3"",""quality"":""legendary""},{""module"":""speed-module-3"",""quality"":""legendary""},{""module"":""speed-module-3"",""quality"":""legendary""},{""module"":""speed-module-3"",""quality"":""legendary""},{""module"":""speed-module-3"",""quality"":""legendary""},{""module"":""speed-module-3"",""quality"":""legendary""},{""module"":""speed-module-3"",""quality"":""legendary""},{""module"":""speed-module-3"",""quality"":""legendary""},{""module"":""speed-module-3"",""quality"":""legendary""},{""module"":""speed-module-3"",""quality"":""legendary""}]"
105,thruster-recycling,legendary,recycler,legendary,"[{""module"":""speed-module-3"",""quality"":""legendary""},{""module"":""speed-module-3"",""quality"":""legendary""},{""module"":""speed-module-3"",""quality"":""legendary""},{""module"":""speed-module-3"",""quality"":""legendary""}]",12,"[{""module"":""speed-module-3"",""quality"":""legendary""},{""module"":""speed-module-3"",""quality"":""legendary""},{""module"":""speed-module-3"",""quality"":""legendary""},{""module"":""speed-module-3"",""quality"":""legendary""},{""module"":""speed-module-3"",""quality"":""legendary""},{""module"":""speed-module-3"",""quality"":""legendary""},{""module"":""speed-module-3"",""quality"":""legendary""},{""module"":""speed-module-3"",""quality"":""legendary""},{""module"":""speed-module-3"",""quality"":""legendary""},{""module"":""speed-module-3"",""quality"":""legendary""},{""module"":""speed-module-3"",""quality"":""legendary""},{""module"":""speed-module-3"",""quality"":""legendary""},{""module"":""speed-module-3"",""quality"":""legendary""},{""module"":""speed-module-3"",""quality"":""legendary""},{""module"":""speed-module-3"",""quality"":""legendary""},{""module"":""speed-module-3"",""quality"":""legendary""},{""module"":""speed-module-3"",""quality"":""legendary""},{""module"":""speed-module-3"",""quality"":""legendary""},{""module"":""speed-module-3"",""quality"":""legendary""},{""module"":""speed-module-3"",""quality"":""legendary""},{""module"":""speed-module-3"",""quality"":""legendary""},{""module"":""speed-module-3"",""quality"":""legendary""},{""module"":""speed-module-3"",""quality"":""legendary""},{""module"":""speed-module-3"",""quality"":""legendary""}]"
106,turbo-splitter,normal,foundry,legendary,"[{""module"":""quality-module-3"",""quality"":""legendary""},{""module"":""quality-module-3"",""quality"":""legendary""},{""module"":""quality-module-3"",""quality"":""legendary""},{""module"":""quality-module-3"",""quality"":""legendary""}]",0,[]
106,turbo-splitter-recycling,normal,recycler,legendary,"[{""module"":""quality-module-3"",""quality"":""legendary""},{""module"":""quality-module-3"",""quality"":""legendary""},{""module"":""quality-module-3"",""quality"":""legendary""},{""module"":""quality-module-3"",""quality"":""legendary""}]",0,[]
106,turbo-splitter,uncommon,foundry,legendary,"[{""module"":""quality-module-3"",""quality"":""legendary""},{""module"":""quality-module-3"",""quality"":""legendary""},{""module"":""quality-module-3"",""quality"":""legendary""},{""module"":""quality-module-3"",""quality"":""legendary""}]",0,[]
106,turbo-splitter-recycling,uncommon,recycler,legendary,"[{""module"":""quality-module-3"",""quality"":""legendary""},{""module"":""quality-module-3"",""quality"":""legendary""},{""module"":""quality-module-3"",""quality"":""legendary""},{""module"":""quality-module-3"",""quality"":""legendary""}]",0,[]
106,turbo-splitter,rare,foundry,legendary,"[{""module"":""quality-module-3"",""quality"":""legendary""},{""module"":""quality-module-3"",""quality"":""legendary""},{""module"":""quality-module-3"",""quality"":""legendary""},{""module"":""quality-module-3"",""quality"":""legendary""}]",0,[]
106,turbo-splitter-recycling,rare,recycler,legendary,"[{""module"":""quality-module-3"",""quality"":""legendary""},{""module"":""quality-module-3"",""quality"":""legendary""},{""module"":""quality-module-3"",""quality"":""legendary""},{""module"":""quality-module-3"",""quality"":""legendary""}]",0,[]
106,turbo-splitter,epic,foundry,legendary,"[{""module"":""quality-module-3"",""quality"":""legendary""},{""module"":""quality-module-3"",""quality"":""legendary""},{""module"":""quality-module-3"",""quality"":""legendary""},{""module"":""quality-module-3"",""quality"":""legendary""}]",0,[]
106,turbo-splitter-recycling,epic,recycler,legendary,"[{""module"":""quality-module-3"",""quality"":""legendary""},{""module"":""quality-module-3"",""quality"":""legendary""},{""module"":""quality-module-3"",""quality"":""legendary""},{""module"":""quality-module-3"",""quality"":""legendary""}]",0,[]
106,turbo-splitter,legendary,foundry,legendary,"[{""module"":""speed-module-3"",""quality"":""legendary""},{""module"":""speed-module-3"",""quality"":""legendary""},{""module"":""speed-module-3"",""quality"":""legendary""},{""module"":""speed-module-3"",""quality"":""legendary""}]",16,"[{""module"":""speed-module-3"",""quality"":""legendary""},{""module"":""speed-module-3"",""quality"":""legendary""},{""module"":""speed-module-3"",""quality"":""legendary""},{""module"":""speed-module-3"",""quality"":""legendary""},{""module"":""speed-module-3"",""quality"":""legendary""},{""module"":""speed-module-3"",""quality"":""legendary""},{""module"":""speed-module-3"",""quality"":""legendary""},{""module"":""speed-module-3"",""quality"":""legendary""},{""module"":""speed-module-3"",""quality"":""legendary""},{""module"":""speed-module-3"",""quality"":""legendary""},{""module"":""speed-module-3"",""quality"":""legendary""},{""module"":""speed-module-3"",""quality"":""legendary""},{""module"":""speed-module-3"",""quality"":""legendary""},{""module"":""speed-module-3"",""quality"":""legendary""},{""module"":""speed-module-3"",""quality"":""legendary""},{""module"":""speed-module-3"",""quality"":""legendary""},{""module"":""speed-module-3"",""quality"":""legendary""},{""module"":""speed-module-3"",""quality"":""legendary""},{""module"":""speed-module-3"",""quality"":""legendary""},{""module"":""speed-module-3"",""quality"":""legendary""},{""module"":""speed-module-3"",""quality"":""legendary""},{""module"":""speed-module-3"",""quality"":""legendary""},{""module"":""speed-module-3"",""quality"":""legendary""},{""module"":""speed-module-3"",""quality"":""legendary""},{""module"":""speed-module-3"",""quality"":""legendary""},{""module"":""speed-module-3"",""quality"":""legendary""},{""module"":""speed-module-3"",""quality"":""legendary""},{""module"":""speed-module-3"",""quality"":""legendary""},{""module"":""speed-module-3"",""quality"":""legendary""},{""module"":""speed-module-3"",""quality"":""legendary""},{""module"":""speed-module-3"",""quality"":""legendary""},{""module"":""speed-module-3"",""quality"":""legendary""}]"
106,turbo-splitter-recycling,legendary,recycler,legendary,"[{""module"":""speed-module-3"",""quality"":""legendary""},{""module"":""speed-module-3"",""quality"":""legendary""},{""module"":""speed-module-3"",""quality"":""legendary""},{""module"":""speed-module-3"",""quality"":""legendary""}]",12,"[{""module"":""speed-module-3"",""quality"":""legendary""},{""module"":""speed-module-3"",""quality"":""legendary""},{""module"":""speed-module-3"",""quality"":""legendary""},{""module"":""speed-module-3"",""quality"":""legendary""},{""module"":""speed-module-3"",""quality"":""legendary""},{""module"":""speed-module-3"",""quality"":""legendary""},{""module"":""speed-module-3"",""quality"":""legendary""},{""module"":""speed-module-3"",""quality"":""legendary""},{""module"":""speed-module-3"",""quality"":""legendary""},{""module"":""speed-module-3"",""quality"":""legendary""},{""module"":""speed-module-3"",""quality"":""legendary""},{""module"":""speed-module-3"",""quality"":""legendary""},{""module"":""speed-module-3"",""quality"":""legendary""},{""module"":""speed-module-3"",""quality"":""legendary""},{""module"":""speed-module-3"",""quality"":""legendary""},{""module"":""speed-module-3"",""quality"":""legendary""},{""module"":""speed-module-3"",""quality"":""legendary""},{""module"":""speed-module-3"",""quality"":""legendary""},{""module"":""speed-module-3"",""quality"":""legendary""},{""module"":""speed-module-3"",""quality"":""legendary""},{""module"":""speed-module-3"",""quality"":""legendary""},{""module"":""speed-module-3"",""quality"":""legendary""},{""module"":""speed-module-3"",""quality"":""legendary""},{""module"":""speed-module-3"",""quality"":""legendary""}]"
107,turbo-splitter,normal,foundry,legendary,"[{""module"":""quality-module-3"",""quality"":""legendary""},{""module"":""quality-module-3"",""quality"":""legendary""},{""module"":""quality-module-3"",""quality"":""legendary""},{""module"":""quality-module-3"",""quality"":""legendary""}]",14,"[{""module"":""speed-module-2"",""quality"":""legendary""}]"
107,turbo-splitter-recycling,normal,recycler,legendary,"[{""module"":""quality-module-3"",""quality"":""legendary""},{""module"":""quality-module-3"",""quality"":""legendary""},{""module"":""quality-module-3"",""quality"":""legendary""},{""module"":""quality-module-3"",""quality"":""legendary""}]",2,"[{""module"":""speed-module"",""quality"":""legendary""},{""module"":""speed-module-2"",""quality"":""legendary""}]"
107,turbo-splitter,uncommon,foundry,legendary,"[{""module"":""quality-module-3"",""quality"":""legendary""},{""module"":""quality-module-3"",""quality"":""legendary""},{""module"":""quality-module-3"",""quality"":""legendary""},{""module"":""quality-module-3"",""quality"":""legendary""}]",0,[]
107,turbo-splitter-recycling,uncommon,recycler,legendary,"[{""module"":""quality-module-3"",""quality"":""legendary""},{""module"":""quality-module-3"",""quality"":""legendary""},{""module"":""quality-module-3"",""quality"":""legendary""},{""module"":""quality-module-3"",""quality"":""legendary""}]",0,[]
107,turbo-splitter,rare,foundry,legendary,"[{""module"":""quality-module-3"",""quality"":""legendary""},{""module"":""quality-module-3"",""quality"":""legendary""},{""module"":""quality-module-3"",""quality"":""legendary""},{""module"":""quality-module-3"",""quality"":""legendary""}]",0,[]
107,turbo-splitter-recycling,rare,recycler,legendary,"[{""module"":""quality-module-3"",""quality"":""legendary""},{""module"":""quality-module-3"",""quality"":""legendary""},{""module"":""quality-module-3"",""quality"":""legendary""},{""module"":""quality-module-3"",""quality"":""legendary""}]",0,[]
107,turbo-splitter,epic,foundry,legendary,"[{""module"":""quality-module-3"",""quality"":""legendary""},{""module"":""quality-module-3"",""quality"":""legendary""},{""module"":""quality-module-3"",""quality"":""legendary""},{""module"":""quality-module-3"",""quality"":""legendary""}]",0,[]
107,turbo-splitter-recycling,epic,recycler,legendary,"[{""module"":""quality-module-3"",""quality"":""legendary""},{""module"":""quality-module-3"",""quality"":""legendary""},{""module"":""quality-module-3"",""quality"":""legendary""},{""module"":""quality-module-3"",""quality"":""legendary""}]",0,[]
107,turbo-splitter,legendary,foundry,legendary,"[{""module"":""speed-module-3"",""quality"":""legendary""},{""module"":""speed-module-3"",""quality"":""legendary""},{""module"":""speed-module-3"",""quality"":""legendary""},{""module"":""speed-module-3"",""quality"":""legendary""}]",16,"[{""module"":""speed-module-3"",""quality"":""legendary""},{""module"":""speed-module-3"",""quality"":""legendary""},{""module"":""speed-module-3"",""quality"":""legendary""},{""module"":""speed-module-3"",""quality"":""legendary""},{""module"":""speed-module-3"",""quality"":""legendary""},{""module"":""speed-module-3"",""quality"":""legendary""},{""module"":""speed-module-3"",""quality"":""legendary""},{""module"":""speed-module-3"",""quality"":""legendary""},{""module"":""speed-module-3"",""quality"":""legendary""},{""module"":""speed-module-3"",""quality"":""legendary""},{""module"":""speed-module-3"",""quality"":""legendary""},{""module"":""speed-module-3"",""quality"":""legendary""},{""module"":""speed-module-3"",""quality"":""legendary""},{""module"":""speed-module-3"",""quality"":""legendary""},{""module"":""speed-module-3"",""quality"":""legendary""},{""module"":""speed-module-3"",""quality"":""legendary""},{""module"":""speed-module-3"",""quality"":""legendary""},{""module"":""speed-module-3"",""quality"":""legendary""},{""module"":""speed-module-3"",""quality"":""legendary""},{""module"":""speed-module-3"",""quality"":""legendary""},{""module"":""speed-module-3"",""quality"":""legendary""},{""module"":""speed-module-3"",""quality"":""legendary""},{""module"":""speed-module-3"",""quality"":""legendary""},{""module"":""speed-module-3"",""quality"":""legendary""},{""module"":""speed-module-3"",""quality"":""legendary""},{""module"":""speed-module-3"",""quality"":""legendary""},{""module"":""speed-module-3"",""quality"":""legendary""},{""module"":""speed-module-3"",""quality"":""legendary""},{""module"":""speed-module-3"",""quality"":""legendary""},{""module"":""speed-module-3"",""quality"":""legendary""},{""module"":""speed-module-3"",""quality"":""legendary""},{""module"":""speed-module-3"",""quality"":""legendary""}]"
107,turbo-splitter-recycling,legendary,recycler,legendary,"[{""module"":""speed-module-3"",""quality"":""legendary""},{""module"":""speed-module-3"",""quality"":""legendary""},{""module"":""speed-module-3"",""quality"":""legendary""},{""module"":""speed-module-3"",""quality"":""legendary""}]",12,"[{""module"":""speed-module-3"",""quality"":""legendary""},{""module"":""speed-module-3"",""quality"":""legendary""},{""module"":""speed-module-3"",""quality"":""legendary""},{""module"":""speed-module-3"",""quality"":""legendary""},{""module"":""speed-module-3"",""quality"":""legendary""},{""module"":""speed-module-3"",""quality"":""legendary""},{""module"":""speed-module-3"",""quality"":""legendary""},{""module"":""speed-module-3"",""quality"":""legendary""},{""module"":""speed-module-3"",""quality"":""legendary""},{""module"":""speed-module-3"",""quality"":""legendary""},{""module"":""speed-module-3"",""quality"":""legendary""},{""module"":""speed-module-3"",""quality"":""legendary""},{""module"":""speed-module-3"",""quality"":""legendary""},{""module"":""speed-module-3"",""quality"":""legendary""},{""module"":""speed-module-3"",""quality"":""legendary""},{""module"":""speed-module-3"",""quality"":""legendary""},{""module"":""speed-module-3"",""quality"":""legendary""},{""module"":""speed-module-3"",""quality"":""legendary""},{""module"":""speed-module-3"",""quality"":""legendary""},{""module"":""speed-module-3"",""quality"":""legendary""},{""module"":""speed-module-3"",""quality"":""legendary""},{""module"":""speed-module-3"",""quality"":""legendary""},{""module"":""speed-module-3"",""quality"":""legendary""},{""module"":""speed-module-3"",""quality"":""legendary""}]"
108,electromagnetic-plant,normal,electromagnetic-plant,legendary,"[{""module"":""quality-module-3"",""quality"":""legendary""},{""module"":""quality-module-3"",""quality"":""legendary""},{""module"":""quality-module-3"",""quality"":""legendary""},{""module"":""quality-module-3"",""quality"":""legendary""},{""module"":""quality-module-3"",""quality"":""legendary""}]",0,[]
108,electromagnetic-plant-recycling,normal,recycler,legendary,"[{""module"":""quality-module-3"",""quality"":""legendary""},{""module"":""quality-module-3"",""quality"":""legendary""},{""module"":""quality-module-3"",""quality"":""legendary""},{""module"":""quality-module-3"",""quality"":""legendary""}]",0,[]
108,electromagnetic-plant,uncommon,electromagnetic-plant,legendary,"[{""module"":""quality-module-3"",""quality"":""legendary""},{""module"":""quality-module-3"",""quality"":""legendary""},{""module"":""quality-module-3"",""quality"":""legendary""},{""module"":""quality-module-3"",""quality"":""legendary""},{""module"":""quality-module-3"",""quality"":""legendary""}]",0,[]
108,electromagnetic-plant-recycling,uncommon,recycler,legendary,"[{""module"":""quality-module-3"",""quality"":""legendary""},{""module"":""quality-module-3"",""quality"":""legendary""},{""module"":""quality-module-3"",""quality"":""legendary""},{""module"":""quality-module-3"",""quality"":""legendary""}]",0,[]
108,electromagnetic-plant,rare,electromagnetic-plant,legendary,"[{""module"":""quality-module-3"",""quality"":""legendary""},{""module"":""quality-module-3"",""quality"":""legendary""},{""module"":""quality-module-3"",""quality"":""legendary""},{""module"":""quality-module-3"",""quality"":""legendary""},{""module"":""quality-module-3"",""quality"":""legendary""}]",0,[]
108,electromagnetic-plant-recycling,rare,recycler,legendary,"[{""module"":""quality-module-3"",""quality"":""legendary""},{""module"":""quality-module-3"",""quality"":""legendary""},{""module"":""quality-module-3"",""quality"":""legendary""},{""module"":""quality-module-3"",""quality"":""legendary""}]",0,[]
108,electromagnetic-plant,epic,electromagnetic-plant,legendary,"[{""module"":""quality-module-3"",""quality"":""legendary""},{""module"":""quality-module-3"",""quality"":""legendary""},{""module"":""quality-module-3"",""quality"":""legendary""},{""module"":""quality-module-3"",""quality"":""legendary""},{""module"":""quality-module-3"",""quality"":""legendary""}]",0,[]
108,electromagnetic-plant-recycling,epic,recycler,legendary,"[{""module"":""quality-module-3"",""quality"":""legendary""},{""module"":""quality-module-3"",""quality"":""legendary""},{""module"":""quality-module-3"",""quality"":""legendary""},{""module"":""quality-module-3"",""quality"":""legendary""}]",0,[]
108,electromagnetic-plant,legendary,electromagnetic-plant,legendary,"[{""module"":""speed-module-3"",""quality"":""legendary""},{""module"":""speed-module-3"",""quality"":""legendary""},{""module"":""speed-module-3"",""quality"":""legendary""},{""module"":""speed-module-3"",""quality"":""legendary""},{""module"":""speed-module-3"",""quality"":""legendary""}]",12,"[{""module"":""speed-module-3"",""quality"":""legendary""},{""module"":""speed-module-3"",""quality"":""legendary""},{""module"":""speed-module-3"",""quality"":""legendary""},{""module"":""speed-module-3"",""quality"":""legendary""},{""module"":""speed-module-3"",""quality"":""legendary""},{""module"":""speed-module-3"",""quality"":""legendary""},{""module"":""speed-module-3"",""quality"":""legendary""},{""module"":""speed-module-3"",""quality"":""legendary""},{""module"":""speed-module-3"",""quality"":""legendary""},{""module"":""speed-module-3"",""quality"":""legendary""},{""module"":""speed-module-3"",""quality"":""legendary""},{""module"":""speed-module-3"",""quality"":""legendary""},{""module"":""speed-module-3"",""quality"":""legendary""},{""module"":""speed-module-3"",""quality"":""legendary""},{""module"":""speed-module-3"",""quality"":""legendary""},{""module"":""speed-module-3"",""quality"":""legendary""},{""module"":""speed-module-3"",""quality"":""legendary""},{""module"":""speed-module-3"",""quality"":""legendary""},{""module"":""speed-module-3"",""quality"":""legendary""},{""module"":""speed-module-3"",""quality"":""legendary""},{""module"":""speed-module-3"",""quality"":""legendary""},{""module"":""speed-module-3"",""quality"":""legendary""},{""module"":""speed-module-3"",""quality"":""legendary""},{""module"":""speed-module-3"",""quality"":""legendary""}]"
109,electromagnetic-plant,normal,electromagnetic-plant,legendary,"[{""module"":""quality-module-3"",""quality"":""legendary""},{""module"":""quality-module-3"",""quality"":""legendary""},{""module"":""quality-module-3"",""quality"":""legendary""},{""module"":""quality-module-3"",""quality"":""legendary""},{""module"":""quality-module-3"",""quality"":""legendary""}]",4,"[{""module"":""speed-module"",""quality"":""legendary""},{""module"":""speed-module"",""quality"":""legendary""},{""module"":""speed-module"",""quality"":""legendary""},{""module"":""speed-module"",""quality"":""legendary""}]"
109,electromagnetic-plant-recycling,normal,recycler,legendary,"[{""module"":""quality-module-3"",""quality"":""legendary""},{""module"":""quality-module-3"",""quality"":""legendary""},{""module"":""quality-module-3"",""quality"":""legendary""},{""module"":""quality-module-3"",""quality"":""legendary""}]",5,"[{""module"":""speed-module"",""quality"":""legendary""}]"
109,electromagnetic-plant,uncommon,electromagnetic-plant,legendary,"[{""module"":""quality-module-3"",""quality"":""legendary""},{""module"":""quality-module-3"",""quality"":""legendary""},{""module"":""quality-module-3"",""quality"":""legendary""},{""module"":""quality-module-3"",""quality"":""legendary""},{""module"":""quality-module-3"",""quality"":""legendary""}]",0,[]
109,electromagnetic-plant-recycling,uncommon,recycler,legendary,"[{""module"":""quality-module-3"",""quality"":""legendary""},{""module"":""quality-module-3"",""quality"":""legendary""},{""module"":""quality-module-3"",""quality"":""legendary""},{""module"":""quality-module-3"",""quality"":""legendary""}]",0,[]
109,electromagnetic-plant,rare,electromagnetic-plant,legendary,"[{""module"":""quality-module-3"",""quality"":""legendary""},{""module"":""quality-module-3"",""quality"":""legendary""},{""module"":""quality-module-3"",""quality"":""legendary""},{""module"":""quality-module-3"",""quality"":""legendary""},{""module"":""quality-module-3"",""quality"":""legendary""}]",0,[]
109,electromagnetic-plant-recycling,rare,recycler,legendary,"[{""module"":""quality-module-3"",""quality"":""legendary""},{""module"":""quality-module-3"",""quality"":""legendary""},{""module"":""quality-module-3"",""quality"":""legendary""},{""module"":""quality-module-3"",""quality"":""legendary""}]",0,[]
109,electromagnetic-plant,epic,electromagnetic-plant,legendary,"[{""module"":""quality-module-3"",""quality"":""legendary""},{""module"":""quality-module-3"",""quality"":""legendary""},{""module"":""quality-module-3"",""quality"":""legendary""},{""module"":""quality-module-3"",""quality"":""legendary""},{""module"":""quality-module-3"",""quality"":""legendary""}]",0,[]
109,electromagnetic-plant-recycling,epic,recycler,legendary,"[{""module"":""quality-module-3"",""quality"":""legendary""},{""module"":""quality-module-3"",""quality"":""legendary""},{""module"":""quality-module-3"",""quality"":""legendary""},{""module"":""quality-module-3"",""quality"":""legendary""}]",0,[]
109,electromagnetic-plant,legendary,electromagnetic-plant,legendary,"[{""module"":""speed-module-3"",""quality"":""legendary""},{""module"":""speed-module-3"",""quality"":""legendary""},{""module"":""speed-module-3"",""quality"":""legendary""},{""module"":""speed-module-3"",""quality"":""legendary""},{""module"":""speed-module-3"",""quality"":""legendary""}]",12,"[{""module"":""speed-module-3"",""quality"":""legendary""},{""module"":""speed-module-3"",""quality"":""legendary""},{""module"":""speed-module-3"",""quality"":""legendary""},{""module"":""speed-module-3"",""quality"":""legendary""},{""module"":""speed-module-3"",""quality"":""legendary""},{""module"":""speed-module-3"",""quality"":""legendary""},{""module"":""speed-module-3"",""quality"":""legendary""},{""module"":""speed-module-3"",""quality"":""legendary""},{""module"":""speed-module-3"",""quality"":""legendary""},{""module"":""speed-module-3"",""quality"":""legendary""},{""module"":""speed-module-3"",""quality"":""legendary""},{""module"":""speed-module-3"",""quality"":""legendary""},{""module"":""speed-module-3"",""quality"":""legendary""},{""module"":""speed-module-3"",""quality"":""legendary""},{""module"":""speed-module-3"",""quality"":""legendary""},{""module"":""speed-module-3"",""quality"":""legendary""},{""module"":""speed-module-3"",""quality"":""legendary""},{""module"":""speed-module-3"",""quality"":""legendary""},{""module"":""speed-module-3"",""quality"":""legendary""},{""module"":""speed-module-3"",""quality"":""legendary""},{""module"":""speed-module-3"",""quality"":""legendary""},{""module"":""speed-module-3"",""quality"":""legendary""},{""module"":""speed-module-3"",""quality"":""legendary""},{""module"":""speed-module-3"",""quality"":""legendary""}]"
